日期,收盘点位,全收益收盘点位(元),市值(元),流通市值(元),自由流通市值(元),PE-TTM市值加权,PE-TTM 分位点,PE-TTM 80%分位点值,PE-TTM 50%分位点值,PE-TTM 20%分位点值
2026-08-03,=4543.1800,,=67461057284872.1484,=51605123188108,=24906377094897.9258,=14.2479,=0.6534,=16.0045,=13.1811,=11.3745
2026-07-31,=4588.2000,=6866,=68086192956022.3672,=52047047043150,=25142822924711.1641,=14.3800,=0.6727,=16.0045,=13.1800,=11.3745
2026-07-30,=4549.7200,=6806.0400,=68003457244310.9375,=51876742922457,=24952100693877.2266,=14.3626,=0.6707,=16.0071,=13.1799,=11.3743
2026-07-29,=4600.2600,=6880.4000,=67881234425970.0938,=51998685419755,=25196636537419.0938,=14.3368,=0.6658,=16.0071,=13.1799,=11.3743
2026-07-28,=4569.5200,=6833.9000,=67686755515249.5000,=51808128541286,=25040102135655.4453,=14.2957,=0.6599,=16.0071,=13.1789,=11.3743
2026-07-27,=4702.4300,=7031.8200,=68442389087884.7422,=52613058962169,=25717308203373.3398,=14.4553,=0.6825,=16.0071,=13.1780,=11.3743
2026-07-24,=4649.1900,=6952.0900,=67953804555234.8516,=52171285374943,=25322467787742.8047,=14.3749,=0.6721,=16.0071,=13.1780,=11.3743
2026-07-23,=4728,=7069.2400,=68828137519992.0078,=52874042732794,=25739294956131.8984,=14.5599,=0.6947,=16.0118,=13.1779,=11.3732
2026-07-22,=4717.2400,=7052.9700,=68602912207737.3594,=52697061299414,=25679924501514.1133,=14.5123,=0.6896,=16.0118,=13.1769,=11.3732
2026-07-21,=4739.2300,=7085.4300,=68483696611477.0313,=52671093598656,=25775537131278.3320,=14.4870,=0.6868,=16.0118,=13.1759,=11.3732
2026-07-20,=4598.3200,=6874.7200,=67618367013557.8125,=51776419211470,=25049083388853.0078,=14.3040,=0.6622,=16.0118,=13.1756,=11.3732
2026-07-17,=4529.1000,=6770.2800,=66102862695087.1328,=50745071980454,=24664860874774.1094,=13.9834,=0.6055,=16.0118,=13.1754,=11.3732
2026-07-16,=4698.4300,=7018.5100,=67429064367997.3203,=51997887126944,=25549869198854.2461,=14.2639,=0.6569,=16.0185,=13.1749,=11.3695
2026-07-15,=4786.7800,=7144.6000,=68445757912079.6328,=52790935849935,=26018136219421.8789,=14.4790,=0.6851,=16.0185,=13.1743,=11.3695
2026-07-14,=4796.5000,=7158.6800,=68344897086960.4375,=52744419837059,=26058734146348.4805,=14.4577,=0.6831,=16.0185,=13.1729,=11.3695
2026-07-13,=4695.3800,=7007.5200,=67337722726759.8828,=51855589370343,=25536746894493.8750,=14.2446,=0.6545,=16.0185,=13.1715,=11.3695
2026-07-10,=4780.7900,=7132.3500,=67837106278058.8516,=52413210910544,=25982597932892.8828,=14.3503,=0.6688,=16.0185,=13.1696,=11.3695
2026-07-09,=4876.3100,=7266.3800,=68593603333617.8281,=53131314689280,=26489897389634.1328,=14.5103,=0.6889,=16.0335,=13.1677,=11.3681
2026-07-08,=4755.5300,=7085.3100,=67576099626126.3516,=52216539651701,=25849870660983.2148,=14.2950,=0.6609,=16.0335,=13.1675,=11.3681
2026-07-07,=4792.2600,=7139.9200,=67619137585868.6719,=52367134277236,=26033658158640.2656,=14.3042,=0.6628,=16.0335,=13.1673,=11.3681
2026-07-06,=4842,=7213.9600,=68058175990342.5469,=52809383975308,=26299538626997.2539,=14.3970,=0.6749,=16.0335,=13.1670,=11.3681
2026-07-03,=4842.1700,=7213.4500,=67702641245095.2813,=52632429271714,=26285214048615.7383,=14.3218,=0.6648,=16.0335,=13.1667,=11.3681
2026-07-02,=4812.3000,=7167.8600,=67310200177472.3281,=52326477776771,=26128728841132.3320,=14.2388,=0.6541,=16.0341,=13.1660,=11.3645
2026-07-01,=4958.9800,=7385.5900,=68610987506476.1719,=53526047683841,=26905255075100.9258,=14.5140,=0.6889,=16.0341,=13.1653,=11.3645
2026-06-30,=4979.4300,=7415.7800,=68574071599941.2578,=53538771189197,=27005212291872.0391,=14.5062,=0.6883,=16.0341,=13.1642,=11.3645
2026-06-29,=4926.9200,=7336.6500,=68487611718410.0625,=53341842532547,=26739816620821.4609,=14.4879,=0.6867,=16.0341,=13.1630,=11.3645
2026-06-26,=4868.2200,=7244.1100,=67790313828401.8281,=52782139363130,=26410885800358.5391,=14.3404,=0.6676,=16.0341,=13.1625,=11.3645
2026-06-25,=5020.1000,=7459.4900,=69552826575534.4609,=54255507827932,=27216891082081.1289,=14.7132,=0.7096,=16.0439,=13.1619,=11.3642
2026-06-24,=4943.0200,=7344.5200,=69196601689269.5703,=53800046520017,=26811123127867.7617,=14.6378,=0.7024,=16.0439,=13.1613,=11.3642
2026-06-23,=4919.3900,=7309.0700,=69327479953741,=53790911314329,=26692527349866.2617,=14.6655,=0.7060,=16.0439,=13.1606,=11.3642
2026-06-22,=5059.6600,=7517.3500,=70573002959514.9063,=54904307145409,=27426810113061.8281,=14.9290,=0.7246,=16.0439,=13.1584,=11.3642
2026-06-18,=4941.6000,=7341.6600,=69197129364362.7266,=53783170753376,=26791190231994.9922,=14.6380,=0.7028,=16.0439,=13.1561,=11.3642
2026-06-17,=4931.3900,=7325.5600,=69637704128748.4375,=53982092635426,=26756743529654.6133,=14.7312,=0.7109,=16.0444,=13.1560,=11.3621
2026-06-16,=4884.2300,=7254.7300,=69427803494812.1875,=53752577697472,=26516873734907.3555,=14.6868,=0.7077,=16.0444,=13.1558,=11.3621
2026-06-15,=4891.7100,=7265.6400,=69906733055728.4531,=54034058433850,=26563298038292.7695,=14.7881,=0.7149,=16.0444,=13.1555,=11.3621
2026-06-12,=4777.3200,=7094.6500,=67934161736808.8281,=52226682619928,=25139031046499.1172,=14.4173,=0.6788,=16.0444,=13.1553,=11.3621
2026-06-11,=4722.4100,=7009.1300,=67149401822914.0391,=51583611653382,=24848068670665.7813,=14.2507,=0.6576,=16.0444,=13.1552,=11.3621
2026-06-10,=4748.5900,=7046.9300,=67362638189539.7969,=51760697225126,=24972239845983.2695,=14.2960,=0.6630,=16.0517,=13.1552,=11.3607
2026-06-09,=4801.8100,=7118.7100,=67712452320395.5234,=52093399541468,=25235120757242.4102,=14.3702,=0.6732,=16.0517,=13.1552,=11.3607
2026-06-08,=4713.6400,=6987.7900,=67079858503314.3906,=51440199902324,=24780853154086.5195,=14.2360,=0.6558,=16.0517,=13.1551,=11.3607
2026-06-05,=4816.9200,=7140.2000,=67808968916226.1172,=52149161701990,=25310427310392.6172,=14.3907,=0.6752,=16.0517,=13.1548,=11.3607
2026-06-04,=4904.7500,=7267.6400,=68546441374770.1484,=52783227249784,=25753440059702.0117,=14.5472,=0.6927,=16.0517,=13.1544,=11.3607
2026-06-03,=4938.8100,=7317.4600,=69157532747456.9297,=53278427970255,=25938088187501.2031,=14.6769,=0.7072,=16.0638,=13.1544,=11.3565
2026-06-02,=4914.5600,=7281.3500,=69075282064216.1719,=53181039746537,=25826821325231.9688,=14.6595,=0.7056,=16.0638,=13.1544,=11.3565
2026-06-01,=4844.2600,=7177.0200,=68400589419874.2734,=52619131977290,=25463903037901.7031,=14.5163,=0.6902,=16.0638,=13.1528,=11.3565
2026-05-29,=4892.1200,=7247.7000,=68598300897956.0625,=52847615052987,=25707573006795.4023,=14.5582,=0.6942,=16.0638,=13.1513,=11.3565
2026-05-28,=4914.2100,=7278.6700,=68622363805720.3125,=52838031809560,=25814226984046.3789,=14.5633,=0.6947,=16.0638,=13.1510,=11.3565
2026-05-27,=4908.1700,=7269.0700,=68664108793503.8672,=52878430631221,=25792442595976.2031,=14.5722,=0.6954,=16.0655,=13.1507,=11.3557
2026-05-26,=4947.8500,=7325.6400,=69280785373581.6016,=53342822403384,=26003260089461.8203,=14.7031,=0.7084,=16.0655,=13.1502,=11.3557
2026-05-25,=4921.6000,=7286.1200,=68974789658658.0391,=53108057300788,=25873342352168.4570,=14.6381,=0.7031,=16.0655,=13.1498,=11.3557
2026-05-22,=4845.1000,=7172.7500,=68253251254546.3438,=52547189899755,=25481709929546.2383,=14.4850,=0.6880,=16.0655,=13.1496,=11.3557
2026-05-21,=4783.1000,=7080.4800,=67830366079130.2969,=52150118135091,=25173416145958.3281,=14.3953,=0.6773,=16.0655,=13.1495,=11.3557
2026-05-20,=4850.7000,=7180.4100,=68672901116401.6563,=52825390912269,=25526109846684.9648,=14.5741,=0.6957,=16.0670,=13.1488,=11.3555
2026-05-19,=4852.8800,=7182.6200,=68953326642482.3984,=53070532208004,=25541039594144.9102,=14.6336,=0.7015,=16.0670,=13.1481,=11.3555
2026-05-18,=4833.5200,=7153.4700,=68576300181371.6719,=52792288704383,=25429268799231.5391,=14.5536,=0.6942,=16.0670,=13.1479,=11.3555
2026-05-15,=4859.5900,=7191.9100,=68820418918206.0313,=53011515204006,=25559438835727.7031,=14.6054,=0.6993,=16.0670,=13.1477,=11.3555
2026-05-14,=4914.6000,=7272.5400,=69383392703929.4297,=53517679333829,=25838455273479.8633,=14.7249,=0.7097,=16.0670,=13.1465,=11.3555
2026-05-13,=4998.3400,=7396.3800,=70200374308860.2969,=54253085693622,=26286454456967.3555,=14.8983,=0.7220,=16.0729,=13.1453,=11.3552
2026-05-12,=4948.0500,=7318.9300,=69858810399421.2109,=53902588028128,=26029140218330.8633,=14.8258,=0.7163,=16.0729,=13.1440,=11.3552
2026-05-11,=4951.8400,=7324.2700,=69992224215923.5078,=54008600181330,=26068212182354.7969,=14.8541,=0.7184,=16.0729,=13.1427,=11.3552
2026-05-08,=4871.9100,=7205.7400,=69290350400369.1875,=53365929848086,=25649522829848.5703,=14.7051,=0.7089,=16.0729,=13.1427,=11.3552
2026-05-07,=4900.5100,=7247.7500,=69582082693239.4219,=53610931257941,=25802852286777.7773,=14.7670,=0.7124,=16.0729,=13.1427,=11.3552
2026-05-06,=4877.0900,=7213.1200,=69674360888759.7969,=53588701587897,=25686338529397.7773,=14.8199,=0.7162,=16.0831,=13.1412,=11.3539
2026-04-30,=4807.3100,=7109.9100,=69223795540357,=53088553598325,=25320460199690.7344,=14.7241,=0.7103,=16.0831,=13.1397,=11.3539
2026-04-29,=4810.3500,=7113.7200,=69252723482563.9297,=53211837621108,=25407308982453.2656,=14.7564,=0.7118,=16.0831,=13.1391,=11.3539
2026-04-28,=4758.2100,=7036.2400,=68770481104934.8438,=52816861089605,=25138182758927.7344,=14.6585,=0.7063,=16.0831,=13.1386,=11.3539
2026-04-27,=4770.9500,=7054.7900,=68665180240921.5234,=52807201705636,=25171232224578.3008,=14.5875,=0.6988,=16.0831,=13.1381,=11.3539
2026-04-24,=4769.3700,=7052.4500,=68688492094874.1484,=52850534881374,=25146965363943.2070,=14.5978,=0.6999,=16.0840,=13.1377,=11.3529
2026-04-23,=4786.3300,=7077.3100,=68816640257456.6719,=52984326404521,=25224396841710.5391,=14.6111,=0.7008,=16.0840,=13.1371,=11.3529
2026-04-22,=4799.6300,=7096.9800,=68790700442536.5078,=52972458854782,=25285471795498.1719,=14.6155,=0.7016,=16.0840,=13.1365,=11.3529
2026-04-21,=4768,=7045.2600,=68676382049661.6328,=52786525388815,=25123101072456.7695,=14.5816,=0.6990,=16.0840,=13.1353,=11.3529
2026-04-20,=4757.4400,=7029.3200,=68412251738414.6016,=52683277489574,=25045746788423.4063,=14.5256,=0.6940,=16.0840,=13.1341,=11.3529
2026-04-17,=4728.6700,=6986.8100,=67924286535809.7969,=52338981583458,=24887920571658.7070,=14.4140,=0.6822,=16.0899,=13.1330,=11.3520
2026-04-16,=4736.6100,=6998.2200,=68131357620171.6875,=52504254809749,=24940727448331.3945,=14.4405,=0.6849,=16.0899,=13.1319,=11.3520
2026-04-15,=4685.2500,=6922.3300,=67691281391421.6406,=52120630977864,=24691226833140.9336,=14.3668,=0.6774,=16.0899,=13.1315,=11.3520
2026-04-14,=4701.2800,=6945.7000,=67758667293194.7031,=52183223679157,=24768617926046.9141,=14.3842,=0.6789,=16.0899,=13.1312,=11.3520
2026-04-13,=4646.1500,=6864.2500,=67184747789361.3594,=51658449243457,=24483804112912.0391,=14.2641,=0.6643,=16.0899,=13.1312,=11.3520
2026-04-10,=4636.5700,=6850.0900,=67017480842052.5625,=51533277451410,=24428148153850.2188,=14.2224,=0.6576,=16.0963,=13.1311,=11.3507
2026-04-09,=4566.2200,=6745.8600,=66421396062871.5625,=50996524961693,=24053634227703.2539,=14.0960,=0.6326,=16.0963,=13.1310,=11.3507
2026-04-08,=4595.5600,=6789.2000,=66824523105286.8125,=51328756956607,=24207762020178,=14.1816,=0.6510,=16.0963,=13.1310,=11.3507
2026-04-07,=4440.6200,=6560.3000,=65483688241838.1016,=50123365392433,=23414203169250.2969,=13.9009,=0.6027,=16.0963,=13.1306,=11.3507
2026-04-03,=4440.7900,=6560.4500,=65494687582685.8828,=50133509030467,=23414836426647.4102,=13.9032,=0.6030,=16.0963,=13.1302,=11.3507
2026-04-02,=4478.9100,=6616.7800,=66142849061155.0703,=50604273759237,=23625522693945.4648,=14.0387,=0.6217,=16.0994,=13.1297,=11.3505
2026-04-01,=4526.0700,=6686.4400,=66379344850536.9922,=50848430629009,=23852624887634.9141,=14.1133,=0.6372,=16.0994,=13.1292,=11.3505
2026-03-31,=4450.0500,=6574.1400,=65752231392426.9609,=50203951409812,=23464777796103.4883,=13.8861,=0.6014,=16.0994,=13.1286,=11.3505
2026-03-30,=4491.9500,=6636.0400,=66080116653420.6094,=50432323299393,=23655709391708.5156,=13.9633,=0.6103,=16.0994,=13.1279,=11.3505
2026-03-27,=4502.5700,=6651.7200,=66056946188278.5469,=50397472379007,=23684864437977.3750,=13.9147,=0.6042,=16.0994,=13.1275,=11.3505
2026-03-26,=4477.5300,=6614.7400,=65812244975777.3672,=50157360944454,=23549467227135.9883,=13.8014,=0.5919,=16.1005,=13.1270,=11.3491
2026-03-25,=4537.4700,=6703.2800,=66393232482232.5469,=50636472025370,=23851847913594.7617,=13.8784,=0.6009,=16.1005,=13.1268,=11.3491
2026-03-24,=4474.7200,=6610.5900,=65822679650080.9609,=50101543277303,=23529990457820.7070,=13.7557,=0.5861,=16.1005,=13.1267,=11.3491
2026-03-23,=4418,=6526.7800,=65157993146223.5469,=49570363675940,=23208636796757.6758,=13.6267,=0.5714,=16.1005,=13.1262,=11.3491
2026-03-20,=4567.0200,=6746.9300,=67106539049849.7266,=51149062957198,=23988411972571.7773,=14.0420,=0.6219,=16.1005,=13.1257,=11.3491
2026-03-19,=4583.2500,=6770.9200,=67544266179600.5781,=51470119154190,=24080283638301.1836,=14.1086,=0.6357,=16.1034,=13.1238,=11.3479
2026-03-18,=4658.3300,=6881.8400,=67980936859433.6328,=51981451254729,=24463094898172.6016,=14.1998,=0.6532,=16.1034,=13.1219,=11.3479
2026-03-17,=4637.4400,=6850.9700,=67941497330474.9609,=51893479068436,=24367496150605.8047,=14.1923,=0.6523,=16.1034,=13.1215,=11.3479
2026-03-16,=4671.5600,=6901.3800,=68148740950591.7031,=52153274914248,=24541045383007.4297,=14.2278,=0.6577,=16.1034,=13.1212,=11.3479
2026-03-13,=4669.1400,=6897.8000,=68120110120827.5625,=52177325592756,=24533352798783.8945,=14.2230,=0.6569,=16.1034,=13.1211,=11.3479
2026-03-12,=4687.5600,=6925.0100,=68349705402219.2969,=52395764453301,=24625852531659.5781,=14.2770,=0.6641,=16.1049,=13.1211,=11.3471
2026-03-11,=4704.5000,=6950.0300,=68349775692943.1016,=52461996474243,=24704311451829.5586,=14.2770,=0.6642,=16.1049,=13.1203,=11.3471
2026-03-10,=4674.7600,=6906.1000,=67814357156461.4766,=52102425937653,=24543094225378.6445,=14.1791,=0.6504,=16.1049,=13.1196,=11.3471
2026-03-09,=4615.4600,=6818.4900,=67659239600726.9609,=51815489001705,=24217700747686.9961,=14.1765,=0.6497,=16.1049,=13.1190,=11.3471
2026-03-06,=4660.4400,=6884.9500,=67847866822456.5938,=52122206773643,=24445833515626.4063,=14.2153,=0.6560,=16.1049,=13.1185,=11.3471
2026-03-05,=4647.6900,=6866.1100,=67813732463032.3516,=52055508911810,=24375604274038.6328,=14.2086,=0.6551,=16.1227,=13.1183,=11.3449
2026-03-04,=4602.6200,=6799.5300,=67481962781823.4922,=51727373879859,=24144467523944.2617,=14.1391,=0.6436,=16.1227,=13.1181,=11.3449
2026-03-03,=4655.9000,=6878.2300,=68270113824230.0938,=52350069712855,=24416609035723.7656,=14.3042,=0.6676,=16.1227,=13.1177,=11.3449
2026-03-02,=4728.6700,=6985.7400,=68269686562891.7969,=52577443423888,=24779686669106.3789,=14.3041,=0.6675,=16.1227,=13.1174,=11.3449
2026-02-27,=4710.6500,=6959.1100,=67524051274720.6719,=52145450971808,=24689558034568.8242,=14.1479,=0.6454,=16.1227,=13.1169,=11.3449
2026-02-26,=4726.8700,=6983.0900,=67630324298425.3594,=52256322533057,=24769321421078.9922,=14.1694,=0.6493,=16.1232,=13.1165,=11.3441
2026-02-25,=4735.8900,=6996.4000,=67887323785416.8203,=52395601465721,=24816726266468.1641,=14.2218,=0.6567,=16.1232,=13.1160,=11.3441
2026-02-24,=4707.5400,=6954.5300,=67692123036076.8594,=52172477309180,=24674340537954.3945,=14.1809,=0.6511,=16.1232,=13.1156,=11.3441
2026-02-13,=4660.4100,=6884.8900,=67012990405606.7109,=51708603067540,=24440097722772.7578,=14.0387,=0.6236,=16.1232,=13.1150,=11.3441
2026-02-12,=4719.5800,=6972.3100,=67937599874662.2734,=52410275870934,=24744565326233.4063,=14.2324,=0.6588,=16.1232,=13.1144,=11.3441
2026-02-11,=4713.8200,=6962.8800,=68062079658588.3516,=52477689102588,=24719095834885.7813,=14.2584,=0.6621,=16.1371,=13.1144,=11.3433
2026-02-10,=4724.3000,=6978.2200,=68060404685999.2813,=52506120730610,=24771283102039.1641,=14.2581,=0.6621,=16.1371,=13.1143,=11.3433
2026-02-09,=4719.0600,=6970.3900,=67929401594550.3594,=52434477107298,=24740101990383.8359,=14.2306,=0.6586,=16.1371,=13.1143,=11.3433
2026-02-06,=4643.6000,=6858.1600,=67163560416233.1484,=51773628496241,=24359808897197.3008,=14.0702,=0.6297,=16.1371,=13.1143,=11.3433
2026-02-05,=4670.4200,=6895.0700,=67361321462897.4766,=51973038284267,=24494215932978.5664,=14.1116,=0.6384,=16.1371,=13.1133,=11.3433
2026-02-04,=4698.6800,=6936.2600,=67588173049000.2578,=52179078479094,=24626612397917.9492,=14.1592,=0.6478,=16.1520,=13.1123,=11.3409
2026-02-03,=4660.1100,=6879.2700,=66838518826775.0469,=51648749405320,=24419336141648.0742,=14.0021,=0.6187,=16.1520,=13.1117,=11.3409
2026-02-02,=4605.9800,=6799.3600,=66503919330552.3516,=51289311433734,=24148289955779.6992,=13.9320,=0.6093,=16.1520,=13.1111,=11.3409
2026-01-30,=4706.3400,=6947.5100,=67809230537253.1328,=52207204461524,=24655916983778.2070,=14.2052,=0.6553,=16.1520,=13.1105,=11.3409
2026-01-29,=4753.8700,=7017.3100,=68467544887505.2734,=52694605409552,=24902673111875.4844,=14.3431,=0.6708,=16.1520,=13.1098,=11.3409
2026-01-28,=4717.9900,=6964.2600,=67914177572644.0234,=52287349808487,=24720808796206.2813,=14.2271,=0.6577,=16.1602,=13.1095,=11.3380
2026-01-27,=4705.6900,=6946.1000,=67620145641380.3438,=52175030866431,=24666509589541.3984,=14.1655,=0.6489,=16.1602,=13.1093,=11.3380
2026-01-26,=4706.9600,=6947.9800,=67657834229947.5625,=52198014028704,=24676731924609.4258,=14.1734,=0.6506,=16.1602,=13.1091,=11.3380
2026-01-23,=4702.5000,=6941.3900,=67319569315935.1563,=52012840291807,=24660441063427.4883,=14.1026,=0.6375,=16.1602,=13.1089,=11.3380
2026-01-22,=4723.7100,=6971.0300,=67734929549278.4297,=52225186054742,=24766079434717.8047,=14.1896,=0.6533,=16.1602,=13.1088,=11.3380
2026-01-21,=4723.0700,=6970.0800,=67778492580855.1563,=52242733668279,=24766027102414.4688,=14.1987,=0.6538,=16.1709,=13.1088,=11.3349
2026-01-20,=4718.8800,=6963.9000,=67972333381302.3438,=52368356349887,=24745923395730.5039,=14.2393,=0.6589,=16.1709,=13.1087,=11.3349
2026-01-19,=4734.4600,=6986.8900,=67923640129269.8438,=52360411239944,=24823192451106.6367,=14.2291,=0.6578,=16.1709,=13.1086,=11.3349
2026-01-16,=4731.8700,=6983.0700,=67953586783137.4531,=52373469190790,=24810952715629.9766,=14.2354,=0.6585,=16.1709,=13.1073,=11.3349
2026-01-15,=4751.4300,=7008.2000,=68391124503600.3281,=52665519626452,=24919370782711.8242,=14.3271,=0.6682,=16.1709,=13.1059,=11.3349
2026-01-14,=4741.9300,=6994.0200,=68512051240261.0313,=52721307028901,=24880197938569.8984,=14.3524,=0.6715,=16.1766,=13.1055,=11.3344
2026-01-13,=4761.0300,=7020.8800,=68989888511443.1563,=53060174746774,=24987858852868.9961,=14.4525,=0.6833,=16.1766,=13.1051,=11.3344
2026-01-12,=4789.9200,=7063.3900,=69137625387032.1484,=53273424443949,=25144298190497.9844,=14.4834,=0.6866,=16.1766,=13.1046,=11.3344
2026-01-09,=4758.9200,=7017.3100,=68765429524628.1719,=52946041281769,=24981598186096.8125,=14.4055,=0.6776,=16.1766,=13.1040,=11.3344
2026-01-08,=4737.6500,=6985.5700,=68487266579645.8828,=52700755349689,=24876690875514.4219,=14.3472,=0.6716,=16.1766,=13.1039,=11.3344
2026-01-07,=4776.6700,=7043.0300,=68918180309684.6797,=53040780545467,=25071096676803.8555,=14.4375,=0.6813,=16.1770,=13.1038,=11.3337
2026-01-06,=4790.6900,=7063.6800,=69296471346557.8516,=53257031348254,=25150142315419.1836,=14.5167,=0.6897,=16.1770,=13.1029,=11.3337
2026-01-05,=4717.7500,=6956.1200,=68412734307013.3828,=52537989308108,=24762762319515.9688,=14.3316,=0.6696,=16.1770,=13.1019,=11.3337
2025-12-31,=4629.9400,=6826.6200,=67645678589242.6016,=51824475742849,=24307918366730,=14.1709,=0.6521,=16.1770,=13.1014,=11.3337
2025-12-30,=4651.2800,=6858.0900,=67704047635194.4375,=51922045286230,=24417957193373.8086,=14.1831,=0.6536,=16.1770,=13.1010,=11.3337
2025-12-29,=4639.3700,=6840.5300,=67572356123721.9531,=51812014870786,=24359432778892.2227,=14.1555,=0.6496,=16.1808,=13.1007,=11.3305
2025-12-26,=4657.2400,=6866.8400,=67521245425893.9766,=51827913766170,=24443263663923.3281,=14.1448,=0.6485,=16.1808,=13.1005,=11.3305
2025-12-25,=4642.5400,=6845.1600,=67462747627688.7734,=51807039160526,=24372980999088.9453,=14.1326,=0.6457,=16.1808,=13.1004,=11.3305
2025-12-24,=4634.0600,=6831.5100,=67369470361370.0078,=51713541071970,=24327590022259.3008,=14.1130,=0.6418,=16.1808,=13.1003,=11.3305
2025-12-23,=4620.7300,=6811.7700,=67271083320891.5703,=51615831604136,=24256787234572.3945,=14.0924,=0.6374,=16.1808,=13.0999,=11.3305
2025-12-22,=4611.6200,=6798.1200,=67072371496352.9063,=51467276900074,=24206442928427.2383,=14.0508,=0.6298,=16.1830,=13.0994,=11.3302
2025-12-19,=4568.1800,=6734.0700,=66654938444363.2813,=51049077395321,=23993032392831.0313,=13.9633,=0.6168,=16.1830,=13.0976,=11.3302
2025-12-18,=4552.7900,=6707.3200,=66622554012864.5781,=50995191912303,=23916529994793.8906,=13.9566,=0.6157,=16.1830,=13.0957,=11.3302
2025-12-17,=4579.8800,=6745.7800,=66624556141683.7109,=51084784891057,=24047177544422.8281,=13.9570,=0.6160,=16.1830,=13.0954,=11.3302
2025-12-16,=4497.5500,=6623.3900,=65709385703325.6016,=50322361427938,=23628945856296.3711,=13.7653,=0.5937,=16.1830,=13.0951,=11.3302
2025-12-15,=4552.0600,=6703.6000,=66308719023929.7891,=50802026620129,=23906703369493.9883,=13.8908,=0.6091,=16.1889,=13.0948,=11.3283
2025-12-12,=4580.9500,=6743.9900,=65943750326733.8516,=50662624772190,=23630134616877.8594,=13.9067,=0.6102,=16.1889,=13.0946,=11.3283
2025-12-11,=4552.1800,=6700.7100,=65807088988516.4688,=50555073365677,=23486825143330.6094,=13.8779,=0.6080,=16.1889,=13.0939,=11.3283
2025-12-10,=4591.8300,=6758.1800,=66245414871784.7734,=50871873151291,=23693175194160.6719,=13.9703,=0.6174,=16.1889,=13.0932,=11.3283
2025-12-09,=4598.2200,=6767.6000,=66535957493850.5234,=51080419574339,=23735089131467.6094,=14.0316,=0.6267,=16.1889,=13.0931,=11.3283
2025-12-08,=4621.7500,=6802.1300,=66757494143982.2266,=51236995944334,=23845771854851.3086,=14.0783,=0.6338,=16.1963,=13.0931,=11.3255
2025-12-05,=4584.5400,=6747.3600,=66465232792848.0938,=50948058758598,=23654844399736.7383,=14.0167,=0.6248,=16.1963,=13.0917,=11.3255
2025-12-04,=4546.5700,=6691.4700,=66168633101481.0391,=50687461391813,=23464672462550.9766,=13.9542,=0.6157,=16.1963,=13.0904,=11.3255
2025-12-03,=4531.0500,=6668.6200,=66070867461594.1875,=50600958284518,=23385666303784.0938,=13.9335,=0.6135,=16.1963,=13.0898,=11.3255
2025-12-02,=4554.3300,=6702.8900,=66464006605035.3672,=50853400297667,=23509702687258.2930,=14.0164,=0.6246,=16.1963,=13.0892,=11.3255
2025-12-01,=4576.4900,=6735.4900,=66634100225401.1563,=51003617135622,=23620077875180.7109,=14.0523,=0.6293,=16.1985,=13.0891,=11.3225
2025-11-28,=4526.6600,=6662.1600,=66104197315215.1563,=50532678470092,=23366994085711.9180,=13.9406,=0.6142,=16.1985,=13.0890,=11.3225
2025-11-27,=4515.4000,=6645.4100,=66124425730004.9688,=50505688423594,=23313186045393.8945,=13.9448,=0.6150,=16.1985,=13.0889,=11.3225
2025-11-26,=4517.6300,=6648.6800,=66010111035915.5625,=50397096944761,=23325791708398.1797,=13.9207,=0.6129,=16.1985,=13.0888,=11.3225
2025-11-25,=4490.4000,=6608.5400,=66000969331487.9922,=50315504250127,=23188759328547.2305,=13.9188,=0.6124,=16.1985,=13.0886,=11.3225
2025-11-24,=4448.0500,=6546.0600,=65465562119921.5469,=49909421024928,=22971380790515.9297,=13.8059,=0.6010,=16.1992,=13.0885,=11.3221
2025-11-21,=4453.6100,=6554.0400,=65768589181664.4063,=50114787185017,=23003892100039.0391,=13.8698,=0.6083,=16.1992,=13.0875,=11.3221
2025-11-20,=4564.9500,=6717.6200,=67038832167852.6484,=51187762063478,=23575475169504.2656,=14.1377,=0.6453,=16.1992,=13.0865,=11.3221
2025-11-19,=4588.2900,=6750.9600,=67141258034992.7031,=51373367469146,=23687760669108.0039,=14.1593,=0.6484,=16.1992,=13.0860,=11.3221
2025-11-18,=4568.1900,=6721.3900,=66646742012285.1016,=51030796314719,=23581610474195.0781,=14.0550,=0.6294,=16.1992,=13.0856,=11.3221
2025-11-17,=4598.0500,=6764.1200,=67021686803326.0938,=51344708823496,=23732347136844.2813,=14.1341,=0.6449,=16.2153,=13.0854,=11.3120
2025-11-14,=4628.1400,=6808.3100,=67505135983255.6016,=51693839483449,=23890196499925.3555,=14.2360,=0.6576,=16.2153,=13.0853,=11.3120
2025-11-13,=4702.0700,=6917.0200,=68303043366507.7188,=52397806190047,=24264321543914.5859,=14.4057,=0.6757,=16.2153,=13.0851,=11.3120
2025-11-12,=4645.9100,=6834.4000,=67850195931660.7734,=51975419361136,=23983622395137.3906,=14.3102,=0.6655,=16.2153,=13.0849,=11.3120
2025-11-11,=4652.1700,=6843.1800,=67663126072008.5078,=51879302508728,=24013280824723.7656,=14.2707,=0.6612,=16.2153,=13.0844,=11.3120
2025-11-10,=4695.0500,=6906.2600,=68098554767365.3438,=52263387784462,=24232002791953.8203,=14.3625,=0.6719,=16.2225,=13.0840,=11.3097
2025-11-07,=4678.7900,=6881.4600,=67722811234548.1094,=52010211116613,=24150854732819.9922,=14.2833,=0.6625,=16.2225,=13.0836,=11.3097
2025-11-06,=4693.4000,=6902.6600,=67933444525188.5313,=52180249283523,=24230652752176.4844,=14.3277,=0.6672,=16.2225,=13.0833,=11.3097
2025-11-05,=4627.2600,=6805.3800,=67225794915439.6328,=51583866215672,=23898167730216.9063,=14.1785,=0.6517,=16.2225,=13.0819,=11.3097
2025-11-04,=4618.7000,=6792.6800,=67182464598730.7422,=51512330032261,=23854991470650.0898,=14.1693,=0.6509,=16.2225,=13.0805,=11.3097
2025-11-03,=4653.4000,=6843.6000,=67335617151459.6719,=51722235796496,=24023183104697.5781,=14.2016,=0.6548,=16.2243,=13.0792,=11.3079
2025-10-31,=4640.6700,=6824.4300,=66913524842156.1016,=51457553372342,=23950181515467.1094,=14.1126,=0.6417,=16.2243,=13.0779,=11.3079
2025-10-30,=4709.9100,=6926.2600,=67822678353906.5313,=52209397083054,=24275595840456.0664,=14.4925,=0.6847,=16.2243,=13.0778,=11.3079
2025-10-29,=4747.8400,=6981.9600,=68228019811125.9063,=52556101588688,=24457575400831.0703,=14.6135,=0.6946,=16.2243,=13.0777,=11.3079
2025-10-28,=4691.9700,=6899.5300,=67776900628416.4063,=52107072518999,=24061515892484.1094,=14.6234,=0.6952,=16.2243,=13.0776,=11.3079
2025-10-27,=4716.0200,=6934.0100,=67988344763749.1797,=52266367025188,=24160059129561.1094,=14.6905,=0.7013,=16.2300,=13.0775,=11.3058
2025-10-24,=4660.6800,=6852.3100,=67223370150509.0781,=51614650635991,=23890149063003.3828,=14.5553,=0.6900,=16.2300,=13.0769,=11.3058
2025-10-23,=4606.3400,=6767.2100,=66727677269186.8438,=51178958243985,=23612004442819.3281,=14.4595,=0.6826,=16.2300,=13.0764,=11.3058
2025-10-22,=4592.5700,=6746.8700,=66440233986512.2266,=50996470952820,=23538265844904.7500,=14.3989,=0.6755,=16.2300,=13.0751,=11.3058
2025-10-21,=4607.8700,=6769.1100,=66370601391875.0234,=51001852901477,=23609649725805.3984,=14.3717,=0.6732,=16.2300,=13.0738,=11.3058
2025-10-20,=4538.2200,=6666.7500,=65572559228874.9766,=50283782888442,=23253305076002.8516,=14.2161,=0.6575,=16.2314,=13.0735,=11.3044
2025-10-17,=4514.2300,=6631.0300,=65190602887232,=49976607085380,=23123513089053.3711,=14.1544,=0.6496,=16.2314,=13.0732,=11.3044
2025-10-16,=4618.4200,=6782.7500,=66345402918603.8516,=50923061064585,=23652889466149.9531,=14.4072,=0.6760,=16.2314,=13.0720,=11.3044
2025-10-15,=4606.2900,=6763.2800,=65885091028061.2969,=50617691884063,=23564660136925.0586,=14.3075,=0.6663,=16.2314,=13.0708,=11.3044
2025-10-14,=4539.0600,=6663.2600,=65122840958389.4375,=49960569817333,=23226119927714.1016,=14.1447,=0.6494,=16.2314,=13.0706,=11.3044
2025-10-13,=4593.9800,=6743.8700,=65329151855042.6563,=50213743468318,=23492182793481.6406,=14.1895,=0.6548,=16.2352,=13.0704,=11.3016
2025-10-10,=4616.8300,=6776.9300,=65581934041364.2891,=50462477277760,=23607447339838.4805,=14.2444,=0.6601,=16.2352,=13.0676,=11.3016
2025-10-09,=4709.4800,=6912.5100,=66379653181924.5234,=51164341828777,=24074507510667.6836,=14.4176,=0.6767,=16.2352,=13.0648,=11.3016
2025-09-30,=4640.6900,=6811.5500,=65495410725536.2422,=50425066632541,=23725017247391.6133,=14.2256,=0.6586,=16.2352,=13.0642,=11.3016
2025-09-29,=4620.0500,=6779.7100,=65311796068733.4063,=50273002796457,=23624885582198.7617,=14.1857,=0.6545,=16.2352,=13.0636,=11.3016
2025-09-26,=4550.0500,=6676.9200,=64652513476731.7031,=49688722430762,=23269746919471.1758,=14.0425,=0.6313,=16.2393,=13.0612,=11.2994
2025-09-25,=4593.4900,=6739.9300,=65066550497005.2891,=50062143691391,=23488589191355.1172,=14.1324,=0.6477,=16.2393,=13.0588,=11.2994
2025-09-24,=4566.0700,=6699.3200,=64892540011357.7031,=49897225480910,=23353410042278.9336,=14.0946,=0.6400,=16.2393,=13.0574,=11.2994
2025-09-23,=4519.7800,=6630.7000,=64509674400123.0781,=49585339167778,=23125819289654.2227,=14.0115,=0.6277,=16.2393,=13.0559,=11.2994
2025-09-22,=4522.6100,=6634.8400,=64322535734458.8516,=49499634814430,=23134303399412.0586,=13.9708,=0.6222,=16.2393,=13.0558,=11.2994
2025-09-19,=4501.9200,=6604.4900,=64269440861986.9219,=49356108781636,=23031398050912.7070,=13.9593,=0.6207,=16.2435,=13.0557,=11.2973
2025-09-18,=4498.1100,=6598.8400,=64271378689204.9375,=49392704581376,=23013620559873.0430,=13.9597,=0.6208,=16.2435,=13.0556,=11.2973
2025-09-17,=4551.0200,=6676.2500,=65179446750805.1016,=50038599840698,=23284265176581.2305,=14.1570,=0.6509,=16.2435,=13.0556,=11.2973
2025-09-16,=4523.3400,=6634.8300,=64861069967187.6875,=49825271865017,=23145183124165.6445,=14.0878,=0.6394,=16.2435,=13.0551,=11.2973
2025-09-15,=4533.0600,=6647.7300,=64949897711567.5469,=49858372354509,=23195377372972.5273,=14.1071,=0.6433,=16.2435,=13.0546,=11.2973
2025-09-12,=4522,=6631.5100,=64942038140707.7813,=49835785787780,=23148087971214.5195,=14.1054,=0.6430,=16.2589,=13.0545,=11.2971
2025-09-11,=4548.0300,=6669.2600,=65277297630073.6563,=50080769829154,=23282737033719.8242,=14.1782,=0.6528,=16.2589,=13.0545,=11.2971
2025-09-10,=4445.3600,=6518.4200,=64186077984625.6875,=49132410449040,=22759672455334.8008,=13.9412,=0.6197,=16.2589,=13.0542,=11.2971
2025-09-09,=4436.2600,=6504.9600,=64003261026288.1719,=49020199660606,=22708889737799.6836,=13.9015,=0.6170,=16.2589,=13.0539,=11.2971
2025-09-08,=4467.5700,=6550.8700,=64381225921935.5313,=49288470754223,=22866602592930.4688,=13.9836,=0.6244,=16.2589,=13.0536,=11.2971
2025-09-05,=4460.3200,=6540.0700,=64331511376609.0625,=49233636385973,=22846352976852.8594,=13.9728,=0.6229,=16.2679,=13.0533,=11.2970
2025-09-04,=4365.2100,=6400.1700,=63729998429055.8828,=48658693738860,=22425808361217.0781,=13.8534,=0.6120,=16.2679,=13.0511,=11.2970
2025-09-03,=4459.8300,=6538.1300,=64459419046328.7266,=49303999037939,=22894792367349.5117,=14.0120,=0.6280,=16.2679,=13.0489,=11.2970
2025-09-02,=4490.4500,=6583.0300,=65060973608832.5000,=49743005062625,=23054237299116.0117,=14.1427,=0.6487,=16.2679,=13.0487,=11.2970
2025-09-01,=4523.7100,=6631.7800,=65040264723631.5781,=49855826423770,=23211100678477.5313,=14.1382,=0.6482,=16.2679,=13.0485,=11.2970
2025-08-29,=4496.7600,=6591.6500,=64932188296908,=49516188122977,=23051641147665.9258,=14.1549,=0.6496,=16.2682,=13.0478,=11.2967
2025-08-28,=4463.7800,=6540.8400,=64499855655492.2031,=49011579975623,=22863687055668.8867,=14.0991,=0.6421,=16.2682,=13.0472,=11.2967
2025-08-27,=4386.1300,=6427.0500,=63719171531123.8281,=48344068291997,=22313562638209.8398,=13.8763,=0.6157,=16.2682,=13.0455,=11.2967
2025-08-26,=4452.5900,=6524.3100,=64794706630995.3672,=49102865193890,=22648283220819.7109,=14.1298,=0.6470,=16.2682,=13.0439,=11.2967
2025-08-25,=4469.2200,=6548.6800,=65053447808429.9063,=49309935897946,=22737526275905.1992,=14.1847,=0.6527,=16.2682,=13.0436,=11.2967
2025-08-22,=4378,=6414.1200,=64072357302840.6719,=48456781163474,=22271233853406,=13.9749,=0.6240,=16.2796,=13.0432,=11.2935
2025-08-21,=4288.0700,=6281.1700,=63063384735191.4219,=47633768412440,=21818588564686.0859,=13.7307,=0.5989,=16.2796,=13.0432,=11.2935
2025-08-20,=4271.4000,=6256.6800,=62748575471112.1406,=47413008324798,=21739748965179.1758,=13.6708,=0.5921,=16.2796,=13.0432,=11.2935
2025-08-19,=4223.3700,=6185.2800,=62124896345879.6172,=46907937698190,=21498744244054.9531,=13.5366,=0.5767,=16.2796,=13.0426,=11.2935
2025-08-18,=4239.4100,=6208.3700,=62229487765516.8984,=46936228516043,=21576608783029.6992,=13.5419,=0.5774,=16.2796,=13.0421,=11.2935
2025-08-15,=4202.3500,=6154.1000,=61836401499963.6172,=46938522640308,=21391735606846.4023,=13.4590,=0.5640,=16.2843,=13.0405,=11.2863
2025-08-14,=4173.3100,=6110.9200,=61668902049430.6016,=46775296811209,=21248875719877.5703,=13.4252,=0.5603,=16.2843,=13.0390,=11.2863
2025-08-13,=4176.5800,=6114.8100,=61668550231581.9063,=46776652976620,=21264904837235.4531,=13.4251,=0.5602,=16.2843,=13.0385,=11.2863
2025-08-12,=4143.8300,=6066.6700,=61474784807168.3125,=46554583399715,=21101600350928.4219,=13.3895,=0.5534,=16.2843,=13.0380,=11.2863
2025-08-11,=4122.5100,=6035.4700,=61075980829349.9375,=46039089536852,=20989094362537.2070,=13.3008,=0.5416,=16.2843,=13.0379,=11.2863
2025-08-08,=4104.9700,=6009.7800,=61079875158628.6797,=45976328978850,=20906000994714.9297,=13.3084,=0.5423,=16.2846,=13.0379,=11.2848
2025-08-07,=4114.6700,=6021.7200,=61176903624969.2969,=46006530055520,=20956189813217.9688,=13.3383,=0.5464,=16.2846,=13.0368,=11.2848
2025-08-06,=4113.4900,=6019.9900,=61060821696002.5000,=45918883371263,=20948264482447.2422,=13.3132,=0.5431,=16.2846,=13.0356,=11.2848
2025-08-05,=4103.4500,=6005.3100,=60948145813056.4922,=45800571460489,=20898183830412.3320,=13.2890,=0.5406,=16.2846,=13.0356,=11.2848
2025-08-04,=4070.7000,=5957.3800,=60365383080829.6016,=45352130927790,=20727087334681.0273,=13.1619,=0.5217,=16.2846,=13.0356,=11.2848
2025-08-01,=4054.9300,=5934.1900,=60122283576665.2188,=45214745630871,=20647674935753.9258,=13.1111,=0.5125,=16.2883,=13.0345,=11.2846
2025-07-31,=4075.5900,=5964.3600,=60448342295522.5313,=45471057061271,=20751145915949.1484,=13.1822,=0.5243,=16.2883,=13.0335,=11.2846
2025-07-30,=4151.2400,=6073.8600,=61273611808737.5391,=46046418367474,=21127676184689.3555,=13.3743,=0.5512,=16.2883,=13.0311,=11.2846
2025-07-29,=4152.0200,=6074.9400,=61093338991457.9531,=45906035229500,=21129163955469.8203,=13.3391,=0.5464,=16.2883,=13.0287,=11.2846
2025-07-28,=4135.8200,=6050.2500,=61014249264778.9219,=45758528973941,=21048696858547.1680,=13.3297,=0.5451,=16.2883,=13.0283,=11.2846
2025-07-25,=4127.1600,=6036.0800,=60969176489285.6172,=45703312690186,=21003380821955.5117,=13.3208,=0.5444,=16.2916,=13.0280,=11.2833
2025-07-24,=4149.0400,=6065.4600,=61319170279790.3125,=45930390138844,=21109992951036.7813,=13.3973,=0.5532,=16.2916,=13.0279,=11.2833
2025-07-23,=4119.7700,=6022.1900,=61118695960175.2422,=45737692859163,=20962492490982.1758,=13.3535,=0.5489,=16.2916,=13.0278,=11.2833
2025-07-22,=4118.9600,=6020.6100,=61045264791820.2578,=45703543589710,=20955519676471.6133,=13.3374,=0.5460,=16.2916,=13.0277,=11.2833
2025-07-21,=4085.6100,=5971.0200,=60699481217969.7031,=45384408815966,=20794411254672.6406,=13.2619,=0.5365,=16.2916,=13.0275,=11.2833
2025-07-18,=4058.5500,=5930.9300,=60422794409958.9922,=45132752286915,=20659885045437.4570,=13.2014,=0.5279,=16.2958,=13.0242,=11.2824
2025-07-17,=4034.4900,=5888.8400,=60092454890028.2969,=44854957222662,=20541381784985.5508,=13.1292,=0.5171,=16.2958,=13.0209,=11.2824
2025-07-16,=4007.2000,=5845.4100,=59961045905897.9297,=44709245305076,=20407270052373.6406,=13.1005,=0.5113,=16.2958,=13.0209,=11.2824
2025-07-15,=4019.0600,=5859.9900,=60100464200668.5391,=44842544523412,=20471819633930.4609,=13.1310,=0.5173,=16.2958,=13.0209,=11.2824
2025-07-14,=4017.6700,=5856.9800,=60211346843729.5391,=44890253355662,=20468331631443.7813,=13.1552,=0.5214,=16.2958,=13.0201,=11.2824
2025-07-11,=4014.8100,=5850.2800,=60114763965784.2266,=44808130794302,=20456308280753.5156,=13.1341,=0.5181,=16.2977,=13.0194,=11.2824
2025-07-10,=4010.0200,=5835.1300,=60257664474145.3594,=44869954553194,=20441036249039.2930,=13.1653,=0.5225,=16.2977,=13.0185,=11.2824
2025-07-09,=3991.4000,=5804.9400,=59927505306623.9688,=44616047358070,=20340711918262.9375,=13.0932,=0.5106,=16.2977,=13.0177,=11.2824
2025-07-08,=3998.4500,=5814.4900,=59906058866194.5469,=44641590065091,=20379137855822.2969,=13.0885,=0.5095,=16.2977,=13.0168,=11.2824
2025-07-07,=3965.1700,=5766.0600,=59553532513677.4766,=44325260941144,=20209702836544.6172,=13.0115,=0.4994,=16.2977,=13.0159,=11.2824
2025-07-04,=3982.2000,=5788.3000,=59745005922721.0469,=44479194592685,=20290574127927.9648,=13.0533,=0.5044,=16.3034,=13.0168,=11.2816
2025-07-03,=3968.0700,=5767.3200,=59404517364686.9219,=44235988763386,=20216481829292.9727,=12.9789,=0.4929,=16.3034,=13.0159,=11.2816
2025-07-02,=3943.6800,=5731.1800,=59249695832347.0781,=44061328812997,=20093206870426.6523,=12.9451,=0.4877,=16.3034,=13.0168,=11.2816
2025-07-01,=3942.7600,=5729.8400,=59222448525930.9375,=44029373641194,=20086528668322.1211,=12.9392,=0.4870,=16.3034,=13.0177,=11.2816
2025-06-30,=3936.0800,=5719.9700,=59006719189589,=43872672893769,=20048095852679.9805,=12.8920,=0.4810,=16.3034,=13.0185,=11.2816
2025-06-27,=3921.7600,=5693.8800,=58793800634254.4766,=43724260794085,=19975491299234.3203,=12.8455,=0.4756,=16.3102,=13.0194,=11.2814
2025-06-26,=3946.0200,=5725.1300,=59422860028697.0781,=44157826288926,=20109112153384.2734,=12.9829,=0.4938,=16.3102,=13.0201,=11.2814
2025-06-25,=3960.0700,=5739.4500,=59481213631491.1563,=44200811065552,=20150031218956.2305,=12.9957,=0.4961,=16.3102,=13.0209,=11.2814
2025-06-24,=3904.0300,=5653.7000,=58884312983412.9219,=43768398536984,=19887787458647.4609,=12.8653,=0.4787,=16.3102,=13.0209,=11.2814
2025-06-23,=3857.9000,=5586.7200,=58232367581701.5781,=43305942917136,=19655670021998.3672,=12.7228,=0.4584,=16.3102,=13.0209,=11.2814
2025-06-20,=3846.6400,=5569.6900,=57984728090975.8125,=43146947338884,=19592817874148.6250,=12.6687,=0.4518,=16.3123,=13.0242,=11.2805
2025-06-19,=3843.0900,=5559.3200,=57852523352001.0938,=43078151870283,=19574374960436.0859,=12.6399,=0.4486,=16.3123,=13.0275,=11.2805
2025-06-18,=3874.9700,=5604.7400,=58066858055458.7891,=43343936722504,=19735036098875.4063,=12.6867,=0.4542,=16.3123,=13.0277,=11.2805
2025-06-17,=3870.3800,=5596.8000,=57915628002623.7969,=43254154173989,=19708750576733.9883,=12.6536,=0.4507,=16.3123,=13.0278,=11.2805
2025-06-16,=3873.8000,=5601.2400,=57641321734428.9609,=43221143501070,=19725559118556.8242,=12.5937,=0.4387,=16.3123,=13.0279,=11.2805
2025-06-13,=3864.1800,=5587.0600,=57032156875062.6406,=42988050330833,=19607797152011.2539,=12.5328,=0.4310,=16.3271,=13.0280,=11.2801
2025-06-12,=3892.2000,=5625.0200,=57288298820763.7109,=43225643273946,=19744660572445.5742,=12.5891,=0.4405,=16.3271,=13.0283,=11.2801
2025-06-11,=3894.6300,=5621.8300,=57375983611663.7734,=43266806974238,=19755688049346.7188,=12.6083,=0.4431,=16.3271,=13.0287,=11.2801
2025-06-10,=3865.4700,=5577.6600,=57007900450534.5859,=42967670331289,=19607962576183.1992,=12.5275,=0.4311,=16.3271,=13.0311,=11.2801
2025-06-09,=3885.2500,=5606.2000,=57215664850785.7266,=43130660798111,=19705801619974.5938,=12.5731,=0.4369,=16.3271,=13.0335,=11.2801
2025-06-06,=3873.9800,=5589.5500,=57171274026960.8281,=43052993035120,=19647575507725.9414,=12.5634,=0.4352,=16.3273,=13.0345,=11.2761
2025-06-05,=3877.5600,=5591.1200,=57176087267078.8281,=43043843448978,=19664596215827.1211,=12.5644,=0.4353,=16.3273,=13.0356,=11.2761
2025-06-04,=3868.7400,=5577.5900,=57043597825694.0625,=42939041685369,=19618792363755.5078,=12.5353,=0.4319,=16.3273,=13.0356,=11.2761
2025-06-03,=3852.0100,=5553.4700,=56886202877173.0234,=42802669925317,=19535701262884.1016,=12.5007,=0.4283,=16.3273,=13.0356,=11.2761
2025-05-30,=3840.2300,=5536.4900,=56704964764802.7969,=42695337576671,=19467998088347.9258,=12.4609,=0.4206,=16.3273,=13.0368,=11.2761
2025-05-29,=3858.7000,=5562.3300,=56827705972868.2188,=42834672160547,=19558636877578.7695,=12.4879,=0.4262,=16.3460,=13.0379,=11.2749
2025-05-28,=3836.2400,=5529.5300,=56621425774238.6016,=42651980262455,=19446605316215.1484,=12.4425,=0.4167,=16.3460,=13.0379,=11.2749
2025-05-27,=3839.4000,=5533.6600,=56661115188432.4688,=42644259995290,=19462837621096.1289,=12.4513,=0.4194,=16.3460,=13.0380,=11.2749
2025-05-26,=3860.1100,=5563.4200,=56824536078592.1328,=42801445837385,=19563029181272.7148,=12.4872,=0.4256,=16.3460,=13.0385,=11.2749
2025-05-23,=3882.2700,=5594.9800,=57106865577644.5078,=43023307323345,=19674607439378.7539,=12.5492,=0.4325,=16.3460,=13.0390,=11.2749
2025-05-22,=3913.8700,=5639.9300,=57563103161187.9219,=43389308339027,=19835186926305.9609,=12.6495,=0.4479,=16.3641,=13.0405,=11.2741
2025-05-21,=3916.3800,=5643.3600,=57565667543298.2969,=43384072004426,=19842656440518.4492,=12.6500,=0.4480,=16.3641,=13.0421,=11.2741
2025-05-20,=3898.1700,=5615.6000,=57300510267602.1563,=43175527678485,=19752503641614.2969,=12.5918,=0.4399,=16.3641,=13.0426,=11.2741
2025-05-19,=3877.1500,=5584.4400,=56998690186332.6563,=42994142941001,=19649327456886.6133,=12.5254,=0.4310,=16.3641,=13.0432,=11.2741
2025-05-16,=3889.0900,=5601.4700,=57159661146755.9766,=43133182374641,=19708076006121.2070,=12.5608,=0.4337,=16.3641,=13.0432,=11.2741
2025-05-15,=3907.2000,=5627.5200,=57496955482026.5156,=43408936144765,=19803515034351.7813,=12.6349,=0.4455,=16.3648,=13.0432,=11.2720
2025-05-14,=3943.2100,=5678.1500,=57879126027894.4609,=43703243899247,=19983809858551.3750,=12.7189,=0.4548,=16.3648,=13.0436,=11.2720
2025-05-13,=3896.2600,=5610,=57206546093691.0938,=43182301819704,=19747635360557.9883,=12.5711,=0.4357,=16.3648,=13.0439,=11.2720
2025-05-12,=3890.6100,=5601.3700,=57046614500645,=43058429260404,=19715568967096.0664,=12.5360,=0.4319,=16.3648,=13.0455,=11.2720
2025-05-09,=3846.1600,=5537.1600,=56607186522165.1641,=42668374875715,=19489273707811.3672,=12.4394,=0.4170,=16.3648,=13.0472,=11.2720
2025-05-08,=3852.9000,=5545.5400,=56624698553220.0234,=42661779962332,=19518631710993.9531,=12.4456,=0.4183,=16.3666,=13.0478,=11.2678
2025-05-07,=3831.6300,=5514.9300,=56453497206484.7109,=42494253413326,=19407899769204.5586,=12.4079,=0.4141,=16.3666,=13.0485,=11.2678
2025-05-06,=3808.5400,=5481.7000,=55942347236706.7109,=42129245639704,=19284924987386.9102,=12.2956,=0.3961,=16.3666,=13.0487,=11.2678
2025-04-30,=3770.5700,=5427.0400,=55543040128713.6797,=41806676978825,=19094000267959.3086,=12.2078,=0.3787,=16.3666,=13.0489,=11.2678
2025-04-29,=3775.0800,=5432.2800,=55901836727322.3828,=42004952276114,=18960061729291.7188,=12.2847,=0.3940,=16.3666,=13.0514,=11.2678
2025-04-28,=3781.6200,=5441.6800,=56090211895345.9609,=42143023797570,=18963063648798.7461,=12.2976,=0.3966,=16.3881,=13.0539,=11.2669
2025-04-25,=3786.9900,=5449.4100,=56018335282292.8125,=42136192718733,=18985238483139.0352,=12.2313,=0.3831,=16.3881,=13.0542,=11.2669
2025-04-24,=3784.3600,=5444.9300,=56089554160559.1875,=42190272695202,=18967468649504.3906,=12.2630,=0.3912,=16.3881,=13.0545,=11.2669
2025-04-23,=3786.8800,=5448.5600,=55965290910786.6875,=42106422586410,=18972184321180.4766,=12.2532,=0.3890,=16.3881,=13.0545,=11.2669
2025-04-22,=3783.9500,=5444.3400,=56030059434523.1719,=42111756906579,=18942763266290.6445,=12.2765,=0.3926,=16.3881,=13.0546,=11.2669
2025-04-21,=3784.8800,=5442.3900,=55873135085563,=42018617391585,=18944455969184.8281,=12.2355,=0.3840,=16.3890,=13.0551,=11.2669
2025-04-18,=3772.5200,=5424.6200,=55933501042920.4297,=41929465532580,=18825462835927.3164,=12.2547,=0.3890,=16.3890,=13.0556,=11.2669
2025-04-17,=3772.2200,=5422.7600,=55865610014585.2031,=41911850701425,=18819067048230.5625,=12.2487,=0.3879,=16.3890,=13.0556,=11.2669
2025-04-16,=3772.8200,=5423.5300,=55865873182478.4219,=41914791851409,=18947439675946.5430,=12.2507,=0.3884,=16.3890,=13.0557,=11.2669
2025-04-15,=3761.2300,=5406.1200,=55505985100909.9375,=41666248193469,=18889969309632.9219,=12.1654,=0.3714,=16.3890,=13.0558,=11.2669
2025-04-14,=3759.1400,=5403.1100,=55314617314320.6484,=41548087235549,=18877104649076.1055,=12.1271,=0.3647,=16.4109,=13.0559,=11.2667
2025-04-11,=3750.5200,=5390.7100,=55028131254787.4375,=41383826487177,=18821154577813.1641,=12.0922,=0.3569,=16.4109,=13.0574,=11.2667
2025-04-10,=3735.1200,=5368.5800,=54894573621852.3672,=41293626432351,=18616718129828.4648,=12.0704,=0.3516,=16.4109,=13.0588,=11.2667
2025-04-09,=3686.7900,=5299.1200,=54452031877909.6328,=40888086666325,=18373728159599.1875,=11.9727,=0.3334,=16.4109,=13.0612,=11.2667
2025-04-08,=3650.7600,=5247.3300,=54129638147079.7969,=40603782059962,=18207327370782.9297,=11.9024,=0.3168,=16.4109,=13.0636,=11.2667
2025-04-07,=3589.4400,=5159.2000,=53077268345979.4375,=39825846244927,=17907233059332.3984,=11.6712,=0.2662,=16.4136,=13.0642,=11.2659
2025-04-03,=3861.5000,=5550.2400,=56495363606287.2891,=42562816977006,=19252124380852.1563,=12.4220,=0.4131,=16.4136,=13.0648,=11.2659
2025-04-02,=3884.3900,=5583.1300,=56572831196606.2031,=42690514413220,=19367355414331.5898,=12.4478,=0.4163,=16.4136,=13.0676,=11.2659
2025-04-01,=3887.6800,=5587.8700,=56563154298342.4453,=42694014564271,=19383786919698.9883,=12.4450,=0.4155,=16.4136,=13.0704,=11.2659
2025-03-31,=3887.3100,=5586.8300,=56634871516734.2813,=42700508731428,=19387295787303.8047,=12.3934,=0.4090,=16.4136,=13.0706,=11.2659
2025-03-28,=3915.1700,=5626.8800,=56752538406137.6875,=42886950867944,=19520447462293.3867,=12.4638,=0.4186,=16.4296,=13.0708,=11.2657
2025-03-27,=3932.4100,=5651.4800,=57084759014099.5938,=43107449215720,=19610055362476.1563,=12.5698,=0.4323,=16.4296,=13.0720,=11.2657
2025-03-26,=3919.3600,=5632.7200,=56864083000110.2344,=42973578028465,=19536121945086.1602,=12.5430,=0.4295,=16.4296,=13.0732,=11.2657
2025-03-25,=3932.3000,=5651.3200,=56998918224488.8672,=43086682682152,=19614018781749.3984,=12.5952,=0.4366,=16.4296,=13.0735,=11.2657
2025-03-24,=3934.8500,=5654.9900,=56936318162010.2422,=43031975701028,=19622813922536.8164,=12.6031,=0.4371,=16.4296,=13.0738,=11.2657
2025-03-21,=3914.7000,=5626.0200,=56640721926579.7578,=42808351725894,=19520658654640.7227,=12.5799,=0.4343,=16.4389,=13.0751,=11.2651
2025-03-20,=3974.9900,=5712.6800,=57332199265374.0391,=43370841220266,=19819211129702.6055,=12.7370,=0.4540,=16.4389,=13.0764,=11.2651
2025-03-19,=4010.1700,=5763.2300,=57744325807541.2578,=43705708283506,=19996429230556.8203,=12.8854,=0.4737,=16.4389,=13.0769,=11.2651
2025-03-18,=4007.7200,=5759.7200,=57639204097143.3906,=43659031279853,=19972047247880.4609,=12.8637,=0.4713,=16.4389,=13.0775,=11.2651
2025-03-17,=3996.7900,=5744,=57598978593709.7578,=43626745120630,=19917784093962.6289,=12.8559,=0.4704,=16.4389,=13.0776,=11.2651
2025-03-14,=4006.5600,=5758.0400,=57453189401015.2266,=43534590847423,=19959735962652.3516,=12.8272,=0.4682,=16.4446,=13.0777,=11.2649
2025-03-13,=3911.5800,=5621.5400,=56331404755951.1563,=42634520692063,=19491439163930.2891,=12.5751,=0.4336,=16.4446,=13.0778,=11.2649
2025-03-12,=3927.2300,=5644.0400,=56394358338327.1406,=42696617799023,=19561577556807.0313,=12.5887,=0.4362,=16.4446,=13.0779,=11.2649
2025-03-11,=3941.4200,=5664.4200,=56635351619493.7813,=42881327897037,=19628213481939.1016,=12.6426,=0.4437,=16.4446,=13.0792,=11.2649
2025-03-10,=3928.8000,=5646.3000,=56381509429239.3672,=42728787723536,=19565924517048.1641,=12.5860,=0.4353,=16.4446,=13.0805,=11.2649
2025-03-07,=3944.0100,=5668.1600,=56678972850006.8281,=42933277721448,=19644326630547.5664,=12.6530,=0.4443,=16.4452,=13.0819,=11.2643
2025-03-06,=3956.2400,=5685.7200,=56815826547164.7031,=43022438400381,=19699578724444.3828,=12.6836,=0.4473,=16.4452,=13.0833,=11.2643
2025-03-05,=3902.5700,=5608.6000,=56303260684817.9766,=42566691545964,=19440560287644.4883,=12.5692,=0.4333,=16.4452,=13.0836,=11.2643
2025-03-04,=3885.2200,=5583.6600,=55902596782821.4688,=42318251191419,=19349882933463.8125,=12.4799,=0.4235,=16.4452,=13.0840,=11.2643
2025-03-03,=3888.4700,=5588.3400,=56193349797232.8281,=42499718160909,=19419470740550.1250,=12.5681,=0.4329,=16.4452,=13.0844,=11.2643
2025-02-28,=3890.0500,=5590.6000,=56293196980451.2969,=42531758577474,=19422389274667.8789,=12.5879,=0.4358,=16.4533,=13.0849,=11.2613
2025-02-27,=3968.1200,=5702.8000,=57212342638483.3359,=43251335866050,=19802457239902.5430,=12.7903,=0.4612,=16.4533,=13.0851,=11.2613
2025-02-26,=3959.9400,=5691.0500,=57022190726565.3750,=43101445022480,=19756445492080.0586,=12.7482,=0.4559,=16.4533,=13.0853,=11.2613
2025-02-25,=3925.6500,=5641.7700,=56637794509744.2734,=42795778720023,=19586592542192.7539,=12.6623,=0.4448,=16.4533,=13.0854,=11.2613
2025-02-24,=3969.7200,=5705.1000,=57276633845362.7969,=43261060894831,=19806777454865.2578,=12.8067,=0.4625,=16.4533,=13.0856,=11.2613
2025-02-21,=3978.4400,=5717.6400,=57500083972031.6406,=43358922314868,=19857334135824.2617,=12.8566,=0.4688,=16.4665,=13.0860,=11.2609
2025-02-20,=3928.9000,=5646.4300,=56986532432598.2109,=43042670021961,=19631588785786.8945,=12.7418,=0.4550,=16.4665,=13.0865,=11.2609
2025-02-19,=3940.1600,=5662.6200,=57159575785266.9297,=42696909636513,=19687141170797.3789,=12.7805,=0.4591,=16.4665,=13.0876,=11.2609
2025-02-18,=3912.7800,=5623.2700,=56973090971603.5859,=42525262659819,=19555028556792.0273,=12.7388,=0.4540,=16.4665,=13.0888,=11.2609
2025-02-17,=3947.4000,=5673.0200,=57252035210219.7109,=42759288407766,=19717793789065.0703,=12.8012,=0.4617,=16.4665,=13.0889,=11.2609
2025-02-14,=3939.0100,=5660.9600,=57163900767091.6875,=42697288794407,=19682848871005.6484,=12.7815,=0.4596,=16.4673,=13.0890,=11.2608
2025-02-13,=3905.1400,=5612.2900,=56767829269868.4531,=42396302341812,=19513463748438.2500,=12.6929,=0.4491,=16.4673,=13.0891,=11.2608
2025-02-12,=3919.8600,=5633.4500,=56898591731690.9766,=42478330929670,=19585896820545.1211,=12.7221,=0.4515,=16.4673,=13.0892,=11.2608
2025-02-11,=3883.1400,=5580.6700,=56437077507151.6016,=42148336829229,=19401188892275.2305,=12.6189,=0.4403,=16.4673,=13.0898,=11.2608
2025-02-10,=3901.0600,=5606.4300,=56437925015381.4844,=42197465746443,=19488065813807.6797,=12.6191,=0.4404,=16.4673,=13.0904,=11.2608
2025-02-07,=3892.7000,=5594.4200,=56295667853634.7578,=42149618234164,=19449294149644.0234,=12.5873,=0.4370,=16.4735,=13.0917,=11.2605
2025-02-06,=3842.8300,=5522.7400,=55782673542067.1328,=41696842757795,=19208546697297.6172,=12.4726,=0.4230,=16.4735,=13.0931,=11.2605
2025-02-05,=3795.0800,=5454.1200,=55247242180701.9297,=41284016906957,=18973869919237.4648,=12.3529,=0.4071,=16.4735,=13.0938,=11.2605
2025-01-27,=3817.0800,=5485.7300,=55797219587280.5000,=41702131415266,=19087703094568.3086,=12.4759,=0.4236,=16.4735,=13.0946,=11.2605
2025-01-24,=3832.8600,=5508.0300,=55700595955484.7266,=41620124331061,=19158349939313.0039,=12.4543,=0.4207,=16.4735,=13.0948,=11.2605
2025-01-23,=3803.7400,=5462.7800,=55464223851287.5078,=41318753720288,=19014443709213.6172,=12.4014,=0.4131,=16.4749,=13.0951,=11.2593
2025-01-22,=3797.0200,=5451.0500,=55077905720552.8984,=41081360549246,=18972507951101.6328,=12.3150,=0.4012,=16.4749,=13.0954,=11.2593
2025-01-21,=3832.6100,=5501.2500,=55597400103309.4375,=41507481369115,=19153033548454.8359,=12.4312,=0.4168,=16.4749,=13.0957,=11.2593
2025-01-20,=3829.6800,=5496.9900,=55700932223255.5078,=41531629535194,=19139788840117.8086,=12.4543,=0.4205,=16.4749,=13.0976,=11.2593
2025-01-17,=3812.3400,=5471.5500,=55699687790700.1094,=41463601475490,=19060464285538.8125,=12.4541,=0.4203,=16.4749,=13.0994,=11.2593
2025-01-16,=3800.3800,=5454.2700,=55676298344804.1328,=41423149940139,=19003953848895.4570,=12.4488,=0.4196,=16.4776,=13.0999,=11.2589
2025-01-15,=3796.0300,=5448.0100,=55490868718895.8203,=41322653114137,=18969945732226.7461,=12.4074,=0.4147,=16.4776,=13.1003,=11.2589
2025-01-14,=3820.5400,=5483.1900,=55741335916524.6172,=41536630097231,=19086578968487.0039,=12.4634,=0.4206,=16.4776,=13.1006,=11.2589
2025-01-13,=3722.5100,=5342.5100,=54621581150724.3828,=40620359905326,=18597031546032.7734,=12.2130,=0.3841,=16.4776,=13.1010,=11.2589
2025-01-10,=3732.4800,=5356.8100,=54830010024341.9531,=40768607735777,=18644888459244.7813,=12.2596,=0.3931,=16.4776,=13.1014,=11.2589
2025-01-09,=3779.8800,=5423.1700,=55488612613472.5938,=41246294148155,=18882758586352.9141,=12.4069,=0.4144,=16.4780,=13.1019,=11.2586
2025-01-08,=3789.2200,=5436.5700,=55847545861759.0313,=41471726113518,=18929618234043.3477,=12.4871,=0.4243,=16.4780,=13.1029,=11.2586
2025-01-07,=3796.1100,=5444.9100,=55791403262881.2422,=41495651460727,=18959267999049.3281,=12.4746,=0.4221,=16.4780,=13.1038,=11.2586
2025-01-06,=3768.9700,=5404.6400,=55485720365573.0469,=41285319572152,=18829878920221.8867,=12.4062,=0.4140,=16.4780,=13.1039,=11.2586
2025-01-03,=3775.1600,=5413.5200,=55611092525114.5000,=41326292004234,=18858509366575.7109,=12.4343,=0.4168,=16.4780,=13.1040,=11.2586
2025-01-02,=3820.4000,=5478.3800,=56185183584717.3438,=41751136880706,=19080007586067.8398,=12.5626,=0.4315,=16.4830,=13.1046,=11.2585
2024-12-31,=3934.9100,=5642.6000,=57832855225082.0625,=42974496365333,=19648242187083.0938,=12.9310,=0.4741,=16.4830,=13.1051,=11.2585
2024-12-30,=3999.0500,=5734.5800,=58522901653808.5938,=43555876675536,=19966191239302.0156,=13.0853,=0.4964,=16.4830,=13.1055,=11.2585
2024-12-27,=3981.0300,=5708.0600,=58163656644867.7969,=43330072840724,=19877911345379.0781,=13.0050,=0.4860,=16.4830,=13.1059,=11.2585
2024-12-26,=3987.4800,=5717.0700,=58228194905022.6328,=43374229706190,=19910765060127.1016,=13.0194,=0.4878,=16.4830,=13.1073,=11.2585
2024-12-25,=3985.6300,=5714.3800,=58359869275944.7031,=43427297410315,=19900865905346.7305,=13.0489,=0.4917,=16.4878,=13.1086,=11.2580
2024-12-24,=3983.6900,=5711.5300,=58101459287095.3125,=43286615731649,=19890077512600.0391,=12.9911,=0.4828,=16.4878,=13.1087,=11.2580
2024-12-23,=3933.5700,=5639.6800,=57345288030966.9609,=42727454724755,=19636588780999.3203,=12.8220,=0.4622,=16.4878,=13.1088,=11.2580
2024-12-20,=3927.7400,=5631.3300,=56933471132514.9688,=42510791288178,=19599812590873.9414,=12.7299,=0.4508,=16.4878,=13.1088,=11.2580
2024-12-19,=3945.4600,=5651.9600,=57190351649608.1719,=42725494969011,=19687506131699.3203,=12.7874,=0.4582,=16.4878,=13.1089,=11.2580
2024-12-18,=3941.8900,=5646.8400,=57312950034489.8125,=42821762734700,=19674540781434.9219,=12.8148,=0.4602,=16.4914,=13.1091,=11.2497
2024-12-17,=3922.0300,=5618.2100,=56980563083753.1172,=42610759567472,=19577794359421.2031,=12.7405,=0.4528,=16.4914,=13.1093,=11.2497
2024-12-16,=3911.8400,=5603.6100,=56893065646406.9297,=42524380840406,=19528059219400.1367,=12.7209,=0.4441,=16.4914,=13.1095,=11.2497
2024-12-13,=3933.1800,=5634.1700,=56199802171834.7969,=42094359815293,=19323642083767.8438,=12.6550,=0.4438,=16.4914,=13.1098,=11.2497
2024-12-12,=4028.5000,=5770.5400,=57337183903992.5781,=43031211634752,=19793047091200.0547,=12.9111,=0.4700,=16.4914,=13.1111,=11.2497
2024-12-11,=3988.8300,=5713.6600,=56760518612779.6875,=42603441864196,=19599079653168.0039,=12.7813,=0.4571,=16.5102,=13.1123,=11.2490
2024-12-10,=3995.6400,=5723.1100,=56954533504174.9297,=42713396654817,=19636301587336.2422,=12.8249,=0.4622,=16.5102,=13.1133,=11.2490
2024-12-09,=3966.5700,=5681.4300,=56590979348291.7266,=42429728307612,=19490512712107.4023,=12.7431,=0.4533,=16.5102,=13.1143,=11.2490
2024-12-06,=3973.1400,=5690.8400,=56568314248080.4609,=42402971732255,=19521155791930.5508,=12.7380,=0.4522,=16.5102,=13.1143,=11.2490
2024-12-05,=3921.5900,=5617,=55948252459752.9531,=41907720733891,=19264799522838.1328,=12.5984,=0.4370,=16.5102,=13.1143,=11.2490
2024-12-04,=3930.5600,=5629.8500,=56121598157407.9063,=42024035207262,=19308322786642.4141,=12.6374,=0.4425,=16.5218,=13.1144,=11.2483
2024-12-03,=3951.8900,=5660.4000,=56141183357617.6328,=42117729516973,=19410341156379.0352,=12.6418,=0.4430,=16.5218,=13.1144,=11.2483
2024-12-02,=3947.6300,=5654.3000,=55847261987465.0234,=41951938103751,=19385978481368.7422,=12.5756,=0.4348,=16.5218,=13.1150,=11.2483
2024-11-29,=3916.5800,=5609.7800,=55510598760286.1172,=41578451777814,=19231196951901.1016,=12.4998,=0.4279,=16.5218,=13.1156,=11.2483
2024-11-28,=3872.5500,=5546.4000,=55096231811235.3281,=41229595313342,=19016858645921.0313,=12.4065,=0.4163,=16.5218,=13.1160,=11.2483
2024-11-27,=3907.0400,=5594.8800,=55506417433346.8438,=41553250261162,=19185884728306.6250,=12.4989,=0.4273,=16.5230,=13.1165,=11.2431
2024-11-26,=3840.1800,=5499.1300,=54689377399870.3203,=40926681886468,=18861266965278.4805,=12.3149,=0.4037,=16.5230,=13.1169,=11.2431
2024-11-25,=3848.0900,=5510.4600,=54632555052580.5469,=40924391870386,=18896880263286.4922,=12.3021,=0.4025,=16.5230,=13.1174,=11.2431
2024-11-22,=3865.7000,=5535.2900,=54784194625791.8438,=41072549740513,=18987066180377.8008,=12.3362,=0.4074,=16.5230,=13.1177,=11.2431
2024-11-21,=3989.3000,=5712.2700,=56303786003510.5625,=42283708553737,=19591197504702.7031,=12.6784,=0.4448,=16.5230,=13.1181,=11.2431
2024-11-20,=3985.7700,=5707.0400,=56291242746534.2969,=42258248206351,=19580222271422,=12.6756,=0.4443,=16.5237,=13.1183,=11.2419
2024-11-19,=3976.8900,=5694.3200,=56195546361226.7266,=42174457560271,=19541864252962.4570,=12.6540,=0.4431,=16.5237,=13.1185,=11.2419
2024-11-18,=3950.3800,=5656.3600,=56060165600928.0469,=42050205065371,=19407562576522.3789,=12.6236,=0.4392,=16.5237,=13.1190,=11.2419
2024-11-15,=3968.8300,=5682.5600,=56009441449006.7813,=41993839756674,=19499074111833.8516,=12.6121,=0.4383,=16.5237,=13.1196,=11.2419
2024-11-14,=4039.6200,=5783.7900,=56692440552920.5938,=42572665150477,=19850629569185.3594,=12.7659,=0.4533,=16.5237,=13.1203,=11.2419
2024-11-13,=4110.8900,=5885.8300,=57404387338126.3828,=43146834143888,=20195952483310.0117,=12.9262,=0.4708,=16.5404,=13.1211,=11.2409
2024-11-12,=4085.7400,=5848.9600,=56958639518702.4922,=42860848008574,=20077042863161.5156,=12.8259,=0.4608,=16.5404,=13.1211,=11.2409
2024-11-11,=4131.1300,=5913.9300,=57636208955991.2109,=43354200309634,=20301557430591.8750,=12.9784,=0.4775,=16.5404,=13.1212,=11.2409
2024-11-08,=4104.0500,=5875.0500,=57622806337756.8047,=43288863023654,=20168545957612.5781,=12.9754,=0.4774,=16.5404,=13.1215,=11.2409
2024-11-07,=4145.7000,=5934.5800,=58187919869593.6563,=43695753217002,=20367800966778.4805,=13.1038,=0.4956,=16.5404,=13.1219,=11.2409
2024-11-06,=4024.2800,=5759.5500,=56627627435726.2031,=42483153226890,=19772299433063.9258,=12.7524,=0.4526,=16.5435,=13.1238,=11.2401
2024-11-05,=4044.5700,=5788.2200,=56956256030027.0156,=42694870303372,=19875619795847.1953,=12.8264,=0.4611,=16.5435,=13.1257,=11.2401
2024-11-04,=3944.7600,=5645.3800,=55785705580586.8906,=41785552311871,=19390810724301.3477,=12.5628,=0.4341,=16.5435,=13.1262,=11.2401
2024-11-01,=3890.0200,=5567.0400,=55258531610790.6406,=41347049595067,=19119735896452.2656,=12.4441,=0.4209,=16.5435,=13.1267,=11.2401
2024-10-31,=3891.0400,=5567.9900,=55024693015138.3750,=41200032744265,=19121881053749.5508,=12.3915,=0.4157,=16.5435,=13.1268,=11.2401
2024-10-30,=3889.4500,=5565.4000,=55072150043213.3594,=41246090403326,=19093126905187.1172,=12.6312,=0.4411,=16.5514,=13.1270,=11.2380
2024-10-29,=3924.6500,=5615.2800,=55658378148573.5938,=41653159784084,=19241691082611.2266,=12.8033,=0.4572,=16.5514,=13.1275,=11.2380
2024-10-28,=3964.1600,=5671.8100,=56151464722291.1484,=42056448113618,=19425916639123.6250,=12.8743,=0.4646,=16.5514,=13.1279,=11.2380
2024-10-25,=3956.4200,=5660.7400,=56165643722240.7422,=42013277866102,=19391968782337.1953,=12.8601,=0.4628,=16.5514,=13.1291,=11.2380
2024-10-24,=3928.8300,=5620.8200,=56029290794780.7109,=41867257445142,=19260745067716.0352,=12.8215,=0.4594,=16.5514,=13.1302,=11.2380
2024-10-23,=3973.2100,=5683.9900,=56530647614421.5000,=42261537667559,=19472065032801.3164,=12.9432,=0.4717,=16.5559,=13.1306,=11.2372
2024-10-22,=3957.7800,=5661.6100,=56334351894418.2813,=42095281709325,=19391992102161.0625,=12.9174,=0.4678,=16.5559,=13.1311,=11.2372
2024-10-21,=3935.2000,=5629.2200,=56142349888666.5781,=41867918649331,=19279462195742.1211,=12.9582,=0.4729,=16.5559,=13.1312,=11.2372
2024-10-18,=3925.2300,=5614.7800,=56203371357673.7891,=41901923500141,=19231907767024.2695,=12.9934,=0.4793,=16.5559,=13.1312,=11.2372
2024-10-17,=3788.2200,=5414.9400,=54669994519895.7031,=40703825670092,=18568357327865.8359,=12.6411,=0.4432,=16.5559,=13.1315,=11.2372
2024-10-16,=3831.5900,=5476.9300,=55270278468621.4375,=41179042621711,=18786048560361.9648,=12.7799,=0.4555,=16.5794,=13.1319,=11.2359
2024-10-15,=3855.9900,=5511.7400,=55398499258652.5625,=41333451505003,=18896656147709.5586,=12.8109,=0.4581,=16.5794,=13.1342,=11.2359
2024-10-14,=3961.3400,=5662.2900,=57000035675710.7422,=42487595115154,=19412687972621.1797,=13.1841,=0.5074,=16.5794,=13.1365,=11.2359
2024-10-11,=3887.1700,=5556.2700,=55865768458583.5313,=41696489974717,=19049174696153.1445,=12.9208,=0.4693,=16.5794,=13.1342,=11.2359
2024-10-10,=3997.7900,=5714.2200,=57072698111747.1719,=42686009827663,=19584320935766.6914,=13.1999,=0.5091,=16.5794,=13.1365,=11.2359
2024-10-09,=3955.9800,=5652.7000,=56080918987418.9766,=41968993214605,=19379768163742.3867,=12.9705,=0.4748,=16.5875,=13.1342,=11.2351
2024-10-08,=4256.1000,=6081.4500,=59961322980338.9375,=45084536844234,=20852966491316.9414,=13.8680,=0.5978,=16.5875,=13.1365,=11.2351
2024-09-30,=4017.8500,=5741.0300,=57326558230507.5078,=43070091732415,=19678423313081.5703,=13.2586,=0.5166,=16.5875,=13.1342,=11.2351
2024-09-27,=3703.6800,=5291.9200,=53290120788026.1563,=39957264088213,=18144623200532.9258,=12.3251,=0.4083,=16.5875,=13.1319,=11.2351
2024-09-26,=3545.3200,=5065.6500,=51932748924541.9063,=38722381138143,=17379626935743.4902,=12.0111,=0.3503,=16.5875,=13.1342,=11.2351
2024-09-25,=3401.5300,=4859.4800,=50227281093045.5313,=37331400503019,=16678209464388.8809,=11.6167,=0.2591,=16.5970,=13.1365,=11.2345
2024-09-24,=3351.9100,=4788.3100,=49601007620694.7734,=36832102917890,=16430928551356.7949,=11.4719,=0.2325,=16.5970,=13.1371,=11.2345
2024-09-23,=3212.7600,=4589.5000,=47577229997537.2266,=35297999679988,=15749263426730.4395,=11.0038,=0.1672,=16.5970,=13.1377,=11.2345
2024-09-20,=3201.0500,=4572.7700,=47304031619393.1719,=35084249422619,=15688059069463.9512,=10.9406,=0.1586,=16.5970,=13.1381,=11.2351
2024-09-19,=3196.0400,=4565.3200,=47142472155333.5547,=34998323996892,=15664126014450.4648,=10.9032,=0.1533,=16.5970,=13.1386,=11.2359
2024-09-18,=3171.0100,=4528.8700,=46997994464350.8594,=34870418403734,=15543524880445.0059,=10.8718,=0.1504,=16.6055,=13.1391,=11.2359
2024-09-13,=3159.2500,=4512.0700,=46609242610403.8672,=34627110305234,=15483013204191.4746,=10.7799,=0.1424,=16.6055,=13.1397,=11.2372
2024-09-12,=3172.4700,=4530.3600,=46683037381403.3672,=34754448025724,=15543914838691.3066,=10.7970,=0.1431,=16.6055,=13.1412,=11.2380
2024-09-11,=3186.1300,=4549.8600,=46794194449748.6328,=34842074759970,=15606668988429.0566,=10.8227,=0.1463,=16.6055,=13.1427,=11.2401
2024-09-10,=3195.7600,=4562.6800,=47262206784451.6875,=35114217038345,=15657680387575.9453,=10.9309,=0.1567,=16.6055,=13.1427,=11.2409
2024-09-09,=3192.9500,=4558.6700,=47051406042098.2578,=35014469236991,=15641750731794.4746,=10.8822,=0.1512,=16.6090,=13.1427,=11.2409
2024-09-06,=3231.3500,=4612.7700,=47645109957599.1016,=35441234354389,=15834052834351.1602,=11.0195,=0.1688,=16.6090,=13.1440,=11.2419
2024-09-05,=3257.7600,=4650.4700,=47922462973510.5000,=35687194169715,=15960172586682.1895,=11.0836,=0.1767,=16.6090,=13.1453,=11.2431
2024-09-04,=3252.1600,=4642.1600,=47991194337394.0078,=35701341858786,=15930794535869.7207,=11.0998,=0.1784,=16.6090,=13.1465,=11.2483
2024-09-03,=3273.4300,=4672.4200,=48416935604208.5938,=35989359336874,=16034138507587.5781,=11.1982,=0.1931,=16.6090,=13.1477,=11.2490
2024-09-02,=3265.0100,=4660.4100,=48678033406073.2969,=36144522984797,=15997665999520.8164,=11.2586,=0.2008,=16.6110,=13.1479,=11.2490
2024-08-30,=3321.4300,=4740.3400,=49204178020457.2344,=36530725751075,=16263348589705.8242,=11.2589,=0.2008,=16.6110,=13.1481,=11.2490
2024-08-29,=3277.6800,=4677.9000,=48992172793453.5078,=36263998328443,=16057759414084.6895,=11.2669,=0.2032,=16.6110,=13.1488,=11.2490
2024-08-28,=3286.5000,=4690.4800,=49577186984655.1406,=36604449038722,=16116567239395.5645,=11.4268,=0.2230,=16.6110,=13.1495,=11.2490
2024-08-27,=3305.3300,=4714.4500,=49882479036357.3438,=36850463054513,=16191485351170.3203,=11.4943,=0.2328,=16.6110,=13.1496,=11.2490
2024-08-26,=3324.2200,=4741.3900,=49799323911874.5938,=36878325325311,=16281440926390.4023,=11.4877,=0.2313,=16.6153,=13.1498,=11.2483
2024-08-23,=3327.1900,=4744.3500,=49786588477792.4219,=36907678720880,=16279879268398.5293,=11.5038,=0.2346,=16.6153,=13.1502,=11.2483
2024-08-22,=3313.1400,=4723.1200,=49604255214021.5469,=36768465824265,=16207104517753.4277,=11.4800,=0.2304,=16.6153,=13.1507,=11.2483
2024-08-21,=3321.6400,=4735.1500,=49547851913594.9766,=36752152570260,=16247977616184.5449,=11.4688,=0.2296,=16.6153,=13.1510,=11.2483
2024-08-20,=3332.7000,=4750.7200,=49715733385063.3672,=36866042233518,=16302034231273.0176,=11.5120,=0.2351,=16.6153,=13.1513,=11.2483
2024-08-19,=3356.9700,=4784.8800,=49983976562308.3594,=37096417652447,=16412980990281.6797,=11.5829,=0.2471,=16.6229,=13.1528,=11.2431
2024-08-16,=3345.6300,=4768.6600,=49663128506545.3594,=36877875067397,=16359516667121.9141,=11.5112,=0.2350,=16.6229,=13.1544,=11.2431
2024-08-15,=3341.9500,=4761.4900,=49441104862932.4844,=36753422771430,=16341482682028.0449,=11.4608,=0.2287,=16.6229,=13.1544,=11.2431
2024-08-14,=3309.2400,=4714.1400,=48943591080850.9922,=36399235481323,=16181092779536.8359,=11.3471,=0.2126,=16.6229,=13.1544,=11.2431
2024-08-13,=3334.3900,=4748.9700,=49135897393651.4375,=36600243934494,=16300969973720.5000,=11.3922,=0.2201,=16.6229,=13.1548,=11.2431
2024-08-12,=3325.8600,=4736.8000,=48958643138028.7422,=36496001483334,=16258885121012.7832,=11.3520,=0.2135,=16.6263,=13.1551,=11.2419
2024-08-09,=3331.6300,=4745,=49007462286905.3125,=36519246364288,=16287298272142.7402,=11.3621,=0.2151,=16.6263,=13.1552,=11.2419
2024-08-08,=3342.9400,=4759.6900,=49042988574250.1719,=36561216529241,=16340419096363.8828,=11.3837,=0.2181,=16.6263,=13.1553,=11.2419
2024-08-07,=3341.4900,=4757.0200,=49032200785388.9297,=36533317789802,=16333029575901.6133,=11.3814,=0.2179,=16.6263,=13.1555,=11.2419
2024-08-06,=3342.9800,=4759.1400,=48978907790516.0625,=36497930645331,=16339201290804.4570,=11.3695,=0.2158,=16.6263,=13.1558,=11.2419
2024-08-05,=3343.3200,=4759.5200,=49123336292346.6563,=36567845668190,=16343448187675.3906,=11.4030,=0.2201,=16.6294,=13.1560,=11.2409
2024-08-02,=3384.3900,=4817.9600,=49754430293551.0625,=37023704301556,=16544623333476.2422,=11.5624,=0.2425,=16.6294,=13.1561,=11.2409
2024-08-01,=3419.2700,=4867.6100,=50165900373865.7891,=37356043072285,=16715050778433.6543,=11.6580,=0.2637,=16.6294,=13.1584,=11.2409
2024-07-31,=3442.0800,=4899.8200,=50304315683348.3828,=37510172278749,=16822909311816.8770,=11.6919,=0.2731,=16.6294,=13.1606,=11.2409
2024-07-30,=3369.3800,=4796.3100,=49664823024419.3984,=36921892630162,=16469934003660.8359,=11.5400,=0.2382,=16.6294,=13.1618,=11.2409
2024-07-29,=3390.7400,=4825.6000,=50045693556448.6328,=37226337666943,=16576197213751.8887,=11.6278,=0.2575,=16.6332,=13.1630,=11.2401
2024-07-26,=3409.2900,=4851.2200,=50029212082881.2266,=37274367593053,=16661752962892.6895,=11.6279,=0.2575,=16.6332,=13.1648,=11.2401
2024-07-25,=3399.2700,=4831.0300,=50231785099949.1406,=37300904072676,=16615090215462.0996,=11.6750,=0.2680,=16.6332,=13.1667,=11.2401
2024-07-24,=3418.1700,=4857.5200,=50625090904741.5781,=37567967670907,=16708876657315.0137,=11.7664,=0.2873,=16.6332,=13.1670,=11.2401
2024-07-23,=3439.8800,=4886.8800,=50738705032692.5469,=37690607070578,=16817733318496.9766,=11.7928,=0.2935,=16.6332,=13.1673,=11.2401
2024-07-22,=3514.9200,=4992.5100,=51412933455016.5703,=38292014036959,=17174934694600.1348,=11.9495,=0.3296,=16.6367,=13.1675,=11.2380
2024-07-19,=3539.0200,=5026.6100,=51937988042995.7891,=38635782976883,=17295183540457.5176,=12.0715,=0.3545,=16.6367,=13.1677,=11.2380
2024-07-18,=3520.9300,=4997.1000,=51851699070922.5234,=38546340888320,=17212869232388.5000,=12.0515,=0.3498,=16.6367,=13.1696,=11.2380
2024-07-17,=3501.5800,=4968.2600,=51489784716161.0625,=38341258744965,=17119518433241.4375,=11.9671,=0.3348,=16.6367,=13.1715,=11.2380
2024-07-16,=3498.2800,=4961.9700,=51694840340506.1953,=38400374758584,=17103439691673.5000,=12.0147,=0.3444,=16.6367,=13.1729,=11.2380
2024-07-15,=3476.2500,=4925.2300,=51562969461419.9766,=38288320170368,=17002023492508.4395,=11.9841,=0.3368,=16.6451,=13.1743,=11.2372
2024-07-12,=3472.4000,=4918.7200,=51235213906896.1875,=38109248099219,=16982915172099.9609,=11.9079,=0.3196,=16.6451,=13.1749,=11.2372
2024-07-11,=3468.1700,=4905.5900,=51219179100002.9063,=38041447209292,=16959385367582.1504,=11.9042,=0.3190,=16.6451,=13.1754,=11.2372
2024-07-10,=3428.9700,=4840.2500,=50914409314751.2109,=37738806753846,=16779445285435.0898,=11.8334,=0.3031,=16.6451,=13.1756,=11.2372
2024-07-09,=3439.8100,=4850.1000,=51180386738244.9297,=37910530402334,=16827209150109.4668,=11.8952,=0.3174,=16.6451,=13.1759,=11.2372
2024-07-08,=3401.7600,=4791.5500,=50713584992135.4688,=37514785108677,=16644546759775.3730,=11.7867,=0.2925,=16.6548,=13.1769,=11.2359
2024-07-05,=3431.0600,=4829.9100,=50867757941361.2813,=37715670817650,=16781986817200.3457,=11.8225,=0.3000,=16.6548,=13.1779,=11.2359
2024-07-04,=3445.8100,=4849.4000,=51284175852834.2578,=37984372416632,=16859066358788.3691,=11.9193,=0.3221,=16.6548,=13.1780,=11.2359
2024-07-03,=3463.4100,=4873.7100,=51398412262811.7188,=38088276842803,=16942339765490.0137,=11.9458,=0.3286,=16.6548,=13.1780,=11.2359
2024-07-02,=3471.7900,=4884.8200,=51583844177899.5859,=38236682348527,=16987363367397.2109,=11.9889,=0.3375,=16.6548,=13.1789,=11.2359
2024-07-01,=3478.1800,=4893.8200,=51370924353133.2734,=38155493971691,=17014352494347.5605,=11.9395,=0.3264,=16.6721,=13.1799,=11.2351
2024-06-28,=3461.6600,=4870.4700,=50957393899625.3828,=37882958129889,=16932018375704.8633,=11.8433,=0.3059,=16.6721,=13.1799,=11.2351
2024-06-27,=3454.1200,=4856.0900,=50594547908387.7813,=37672032832774,=16893822405127.1523,=11.7590,=0.2876,=16.6721,=13.1800,=11.2351
2024-06-26,=3480.2600,=4889.7400,=50747953811089.3047,=37871445316783,=17017961311835.4375,=11.7947,=0.2951,=16.6721,=13.1816,=11.2351
2024-06-25,=3457.9000,=4855.1800,=50567439912461.9531,=37724904692486,=16912805222944.9707,=11.7527,=0.2847,=16.6721,=13.1833,=11.2351
2024-06-24,=3476.8100,=4881.7300,=50735395049667.2969,=37866990586450,=17003675154908.5254,=11.7917,=0.2938,=16.6791,=13.1834,=11.2345
2024-06-21,=3495.6200,=4907.3000,=50884907554813.9453,=37993231030678,=17092341727683.6445,=11.8265,=0.3009,=16.6791,=13.1835,=11.2345
2024-06-20,=3503.2800,=4916.8800,=51008748692892.8906,=38123399739764,=17130603684940.3691,=11.8553,=0.3083,=16.6791,=13.1837,=11.2345
2024-06-19,=3528.7500,=4951.5200,=51119870810438.6875,=38251539349375,=17253930643112.9141,=11.8811,=0.3139,=16.6791,=13.1839,=11.2345
2024-06-18,=3545.5900,=4967.5200,=51125630721442.6250,=38352623904063,=17331255102155.6602,=11.8824,=0.3140,=16.6791,=13.1841,=11.2345
2024-06-17,=3536.2000,=4954.1800,=50943262928072.4297,=38232768446583,=17285237856859.9336,=11.8401,=0.3048,=16.6931,=13.1844,=11.2343
2024-06-14,=3541.5300,=4961.2800,=50841388227662.9375,=38153678500104,=17220551541483.1094,=11.9443,=0.3261,=16.6931,=13.1850,=11.2343
2024-06-13,=3526.1300,=4932.5900,=50714612822091.8281,=38009115948990,=17144319905914.8359,=11.9145,=0.3195,=16.6931,=13.1856,=11.2343
2024-06-12,=3544.1200,=4955.1900,=50841509921623.2422,=38131169115112,=17227638659403.7051,=11.9443,=0.3260,=16.6931,=13.1888,=11.2343
2024-06-11,=3542.8800,=4952.9400,=50748151623924.8203,=38088450743746,=17219486244612.5664,=11.9223,=0.3216,=16.6931,=13.1920,=11.2343
2024-06-07,=3574.1100,=4995.5700,=51254693887568.9141,=38436933341788,=17368815843005.8613,=12.0414,=0.3442,=16.6988,=13.1935,=11.2324
2024-06-06,=3592.2500,=5017.8300,=51370219126770.7266,=38615015244686,=17457275519097.1641,=12.0685,=0.3492,=16.6988,=13.1950,=11.2324
2024-06-05,=3594.7900,=5020.1100,=51320986991855.3516,=38564455587567,=17468327106547.0527,=12.0569,=0.3467,=16.6988,=13.1961,=11.2324
2024-06-04,=3615.6700,=5047.0500,=51585649371780.4766,=38752650978568,=17567621292580.2793,=12.1191,=0.3614,=16.6988,=13.1971,=11.2324
2024-06-03,=3588.7500,=5008.9300,=51353244852368.1719,=38553998084206,=17435668986944.9727,=12.0645,=0.3486,=16.6988,=13.1971,=11.2324
2024-05-31,=3579.9200,=4996.3300,=51152080763140.7813,=38424225746523,=17389709047044.7676,=12.0172,=0.3418,=16.7050,=13.1971,=11.2316
2024-05-30,=3594.3100,=5016.3100,=51323897652623.9766,=38580914085008,=17458800921018.5762,=12.0576,=0.3468,=16.7050,=13.1982,=11.2316
2024-05-29,=3613.5200,=5042.2600,=51647565812737.9844,=38844716967649,=17550537266078.8203,=12.1337,=0.3637,=16.7050,=13.1992,=11.2316
2024-05-28,=3609.1700,=5035.4500,=51567584562058.5000,=38819609285397,=17530209816023.2422,=12.1149,=0.3596,=16.7050,=13.1994,=11.2316
2024-05-27,=3635.7100,=5072.0700,=51783151757844.1094,=39003796347681,=17657396036343.8086,=12.1655,=0.3690,=16.7050,=13.1996,=11.2316
2024-05-24,=3601.4800,=5023.9000,=51194526866017.5938,=38541645664615,=17492186848130.9336,=12.0272,=0.3432,=16.7166,=13.2010,=11.2309
2024-05-23,=3641.7900,=5079.3600,=51658971960627.0313,=38926436083076,=17688004571959.8438,=12.1363,=0.3640,=16.7166,=13.2025,=11.2309
2024-05-22,=3684.4500,=5138.8000,=52174164417308.4844,=39319175387537,=17893829619656.1563,=12.2574,=0.3871,=16.7166,=13.2033,=11.2309
2024-05-21,=3676.1600,=5126.5800,=52127530817219.4766,=39279645034543,=17854312852460.1250,=12.2464,=0.3846,=16.7166,=13.2041,=11.2309
2024-05-20,=3690.9600,=5145.8000,=52260081816709.0625,=39388337409386,=17926828994490.2695,=12.2775,=0.3894,=16.7166,=13.2047,=11.2309
2024-05-17,=3677.9700,=5127.6900,=51994932228903.7891,=39195110238478,=17864519746865.5000,=12.2153,=0.3789,=16.7319,=13.2053,=11.2304
2024-05-16,=3640.3600,=5074.6800,=51557473496113.9531,=38813361344055,=17684427099364.1055,=12.1125,=0.3594,=16.7319,=13.2055,=11.2304
2024-05-15,=3626.0600,=5054.7200,=51389377851733.5938,=38675777127263,=17611448238153.4805,=12.0730,=0.3506,=16.7319,=13.2056,=11.2304
2024-05-14,=3657.0500,=5093.7700,=51777291528283.1953,=38959706612926,=17764544509434.0742,=12.1641,=0.3682,=16.7319,=13.2078,=11.2304
2024-05-13,=3664.6900,=5103.8400,=51931528038941.6016,=39058283610682,=17802793357610.7070,=12.2004,=0.3749,=16.7319,=13.2101,=11.2304
2024-05-10,=3666.2800,=5106.0400,=51963504587265.4922,=39071284319202,=17807995076334.7930,=12.2079,=0.3768,=16.7327,=13.2109,=11.2298
2024-05-09,=3664.5600,=5102.9900,=51868195966710.8438,=39027609153045,=17797564435605.9609,=12.1824,=0.3714,=16.7327,=13.2117,=11.2298
2024-05-08,=3630.2200,=5055.1700,=51610390292050.4766,=38790830165560,=17629127545500.3320,=12.1218,=0.3618,=16.7327,=13.2117,=11.2298
2024-05-07,=3659.0100,=5095.2400,=51868614257581.4453,=39009700598534,=17772006448976.5703,=12.1825,=0.3714,=16.7327,=13.2118,=11.2298
2024-05-06,=3657.8800,=5093.6600,=51762998051432.9141,=38941783341471,=17765499742540.9219,=12.1577,=0.3671,=16.7327,=13.2121,=11.2298
2024-04-30,=3604.3900,=5019.1900,=51384121515883.2031,=38540660586052,=17508619165340.8359,=12.0687,=0.3500,=16.7450,=13.2124,=11.2297
2024-04-29,=3623.9100,=5042.7400,=51487434082779.3516,=38620677193417,=17562620728672.5156,=11.9532,=0.3302,=16.7450,=13.2148,=11.2297
2024-04-26,=3584.2700,=4987.3500,=51288773672908.1172,=38380960883630,=17323175649045.4824,=11.8357,=0.3056,=16.7450,=13.2171,=11.2297
2024-04-25,=3530.2800,=4912.0300,=50766953314690.1563,=37887812575039,=17054581659143.6543,=11.7056,=0.2785,=16.7450,=13.2179,=11.2297
2024-04-24,=3521.6200,=4899.9800,=50618109918438.6250,=37744694997400,=17008008838730.6895,=11.6749,=0.2714,=16.7450,=13.2187,=11.2297
2024-04-23,=3506.2200,=4878.5600,=50426788986341.9219,=37565982562622,=16932293777918.9492,=11.6389,=0.2632,=16.7504,=13.2203,=11.2294
2024-04-22,=3530.9000,=4912.5300,=50808765480534.3359,=37823201249137,=17033240009049.1543,=11.7102,=0.2791,=16.7504,=13.2220,=11.2294
2024-04-19,=3541.6600,=4926.6600,=51185413796129.3438,=38045929866161,=17090286321399.9336,=11.8124,=0.2988,=16.7504,=13.2232,=11.2294
2024-04-18,=3569.8000,=4965.6000,=51298140982606.3594,=38216657514639,=17225729466595.6953,=11.8264,=0.3023,=16.7504,=13.2244,=11.2294
2024-04-17,=3565.4000,=4959.0900,=51289023640213.8516,=38180954844281,=17199293846163.0859,=11.8272,=0.3024,=16.7504,=13.2245,=11.2294
2024-04-16,=3511.1100,=4883.5800,=50611263250895.5938,=37667125852696,=16936284547683.5684,=11.6715,=0.2709,=16.7522,=13.2246,=11.2283
2024-04-15,=3549.0800,=4936.3800,=50902616233158.5625,=37930860753165,=17118158421719.8613,=11.7585,=0.2891,=16.7522,=13.2257,=11.2283
2024-04-12,=3475.8400,=4834.5200,=49729933817566.4609,=37072572574949,=16765874038041.8691,=11.4858,=0.2333,=16.7522,=13.2268,=11.2283
2024-04-11,=3504.2400,=4874.0200,=50076566221385.4922,=37306318015533,=16894552596436.7168,=11.5680,=0.2466,=16.7522,=13.2274,=11.2283
2024-04-10,=3504.7100,=4874.6700,=50130484047899.5625,=37306878978404,=16899772359789.6309,=11.5803,=0.2484,=16.7522,=13.2279,=11.2283
2024-04-09,=3533.4900,=4914.7000,=50349053580022.2969,=37504981681457,=17039507620382.1914,=11.6443,=0.2636,=16.7528,=13.2281,=11.2276
2024-04-08,=3536.4100,=4918.7600,=50541278511787.2266,=37619268536564,=17051216633248.3789,=11.6790,=0.2719,=16.7528,=13.2282,=11.2276
2024-04-03,=3567.8000,=4962.4300,=50735778613030.4375,=37830685663282,=17199214660218.9102,=11.7240,=0.2808,=16.7528,=13.2286,=11.2276
2024-04-02,=3580.6800,=4980.3300,=50825551017428.0781,=37905056346940,=17264732825667.2031,=11.7544,=0.2863,=16.7528,=13.2291,=11.2276
2024-04-01,=3595.6500,=5001.1500,=50840788653233.2891,=37938176694209,=17339939485601.4629,=11.7551,=0.2864,=16.7528,=13.2302,=11.2276
2024-03-29,=3537.4800,=4920.2600,=50264387979721.1328,=37470045279583,=17059280090070.6895,=11.6248,=0.2602,=16.7581,=13.2314,=11.2261
2024-03-28,=3520.9600,=4897.1500,=49864445280691.0469,=37179411542989,=16997981133341.6445,=11.4806,=0.2331,=16.7581,=13.2322,=11.2261
2024-03-27,=3502.7900,=4871.8700,=49769464891328.4297,=37087620823990,=16912259141611.9414,=11.4589,=0.2312,=16.7581,=13.2330,=11.2261
2024-03-26,=3543.7500,=4928.8400,=50135659544328.9531,=37422025954674,=17103580888751.2480,=11.5477,=0.2439,=16.7581,=13.2330,=11.2261
2024-03-25,=3525.7600,=4903.8200,=49888566412232.2422,=37233531692587,=17016818745865.8945,=11.4977,=0.2355,=16.7581,=13.2331,=11.2261
2024-03-22,=3545,=4930.5800,=50010858522091.6328,=37323766979222,=17108735002573.1230,=11.5430,=0.2420,=16.7760,=13.2349,=11.2235
2024-03-21,=3581.0900,=4980.7800,=50389552953090.7266,=37647438507154,=17285952624466.2988,=11.5898,=0.2499,=16.7760,=13.2368,=11.2235
2024-03-20,=3585.3800,=4986.7500,=50443081927171.2813,=37665958476410,=17303301512417.5078,=11.6101,=0.2539,=16.7760,=13.2372,=11.2235
2024-03-19,=3577.6300,=4975.9600,=50224201193083.8594,=37495759139541,=17254602345600.3848,=11.5528,=0.2450,=16.7760,=13.2376,=11.2235
2024-03-18,=3603.5300,=5011.9800,=50518609643878.1641,=37720574799550,=17381878317483.1738,=11.6287,=0.2598,=16.7760,=13.2385,=11.2235
2024-03-15,=3569.9900,=4965.3400,=50104566552065.8984,=37417832055972,=17217389467417.3809,=11.5343,=0.2408,=16.7782,=13.2393,=11.2231
2024-03-14,=3562.2200,=4954.5300,=50059997901154.1953,=37335797215657,=17183713224791.3340,=11.5189,=0.2386,=16.7782,=13.2396,=11.2231
2024-03-13,=3572.3600,=4968.6400,=50076622412553.1094,=37397260161619,=17238537541052.5977,=11.5208,=0.2391,=16.7782,=13.2399,=11.2231
2024-03-12,=3597.4900,=5003.5900,=50395160300876.7109,=37653424213040,=17361514270943.4531,=11.5935,=0.2498,=16.7782,=13.2401,=11.2231
2024-03-11,=3589.2600,=4992.1400,=50761134479321.0078,=37755277014354,=17324078163764.0391,=11.6777,=0.2692,=16.7782,=13.2402,=11.2231
2024-03-08,=3544.9100,=4930.4500,=50513704528195.9609,=37460928163752,=17110962511253.9961,=11.6214,=0.2569,=16.7887,=13.2408,=11.2223
2024-03-07,=3529.7200,=4909.3300,=50158836873278.4609,=37307269076170,=17034968680763.9453,=11.5398,=0.2413,=16.7887,=13.2414,=11.2223
2024-03-06,=3551.0500,=4938.9900,=50258887840737.7031,=37423415928655,=17141068147943.6543,=11.5628,=0.2453,=16.7887,=13.2429,=11.2223
2024-03-05,=3565.5100,=4959.1100,=50517565285285.5938,=37647724756342,=17212751353907.2324,=11.6223,=0.2569,=16.7887,=13.2444,=11.2223
2024-03-04,=3540.8700,=4924.8300,=50067051263614.9766,=37316817591490,=17092811299992.0742,=11.5186,=0.2388,=16.7887,=13.2451,=11.2223
2024-03-01,=3537.8000,=4920.5700,=49841975228425.4063,=37206637493898,=17076815553758.1152,=11.4669,=0.2328,=16.7924,=13.2458,=11.2110
2024-02-29,=3516.0800,=4890.3600,=49664843518383.5781,=37040295401357,=16970491535446.7227,=11.4261,=0.2267,=16.7924,=13.2459,=11.2110
2024-02-28,=3450.2600,=4798.8100,=48969122992140.7031,=36477207772990,=16654562148734.7871,=11.2678,=0.2089,=16.7924,=13.2460,=11.2110
2024-02-27,=3494.7900,=4860.7400,=49510036973278.7813,=36849867950439,=16870175405971.3340,=11.3922,=0.2242,=16.7924,=13.2491,=11.2110
2024-02-26,=3453.3600,=4803.1200,=49030368548573.7656,=36498313080294,=16667583105608.5293,=11.2814,=0.2103,=16.7924,=13.2521,=11.2110
2024-02-23,=3489.7400,=4853.7200,=49770179818563.1172,=37031522407809,=16844685362054.5801,=11.4516,=0.2291,=16.8004,=13.2527,=11.2091
2024-02-22,=3486.6700,=4849.4600,=49774502301163.9219,=36991053624350,=16827535624251.4180,=11.4526,=0.2294,=16.8004,=13.2533,=11.2091
2024-02-21,=3456.8700,=4808.0100,=49243539542725.3906,=36599765168095,=16686456152999.8809,=11.3305,=0.2157,=16.8004,=13.2542,=11.2091
2024-02-20,=3410.8500,=4744,=48714215115766.7734,=36146611375103,=16460894594711.5176,=11.2087,=0.1998,=16.8004,=13.2551,=11.2091
2024-02-19,=3403.8100,=4734.2000,=48534999382175.4297,=36033032647196,=16424286721405.3281,=11.1674,=0.1931,=16.8004,=13.2552,=11.2110
2024-02-08,=3364.9300,=4680.1300,=47630014405680.9922,=35462044173893,=16236498900904.4668,=10.9592,=0.1650,=16.8019,=13.2552,=11.2110
2024-02-07,=3343.6300,=4650.5000,=47506155487204.7578,=35338467605430,=16134059137353.7656,=10.9307,=0.1611,=16.8019,=13.2561,=11.2223
2024-02-06,=3311.6900,=4606.0800,=47297987874442.7969,=35095627030328,=15984351437496.1387,=10.8828,=0.1559,=16.8019,=13.2569,=11.2231
2024-02-05,=3200.4200,=4451.3200,=46167169008636.5000,=34117250974837,=15448116591765.4375,=10.6226,=0.1332,=16.8019,=13.2576,=11.2235
2024-02-02,=3179.6300,=4422.4000,=45676367396633.2813,=33784935868288,=15340911933263.4551,=10.5097,=0.1230,=16.8019,=13.2583,=11.2261
2024-02-01,=3217.7100,=4475.3700,=45946562785204.9375,=34069891500851,=15527642281719.6602,=10.5719,=0.1285,=16.8046,=13.2586,=11.2261
2024-01-31,=3215.3500,=4472.0900,=46132762499866.7734,=34140041854910,=15514777349994.7363,=10.6147,=0.1322,=16.8046,=13.2589,=11.2276
2024-01-30,=3245.0400,=4513.3800,=46313878363738.2031,=34345588705581,=15658761380877.1523,=10.6564,=0.1346,=16.8046,=13.2591,=11.2283
2024-01-29,=3303.9600,=4595.3300,=47022104646600.3828,=34883154593793,=15940506593225.5586,=10.8193,=0.1495,=16.8046,=13.2593,=11.2294
2024-01-26,=3333.8200,=4636.8600,=47190935187449.7734,=35058680277649,=16087791382142.2617,=10.8582,=0.1526,=16.8046,=13.2598,=11.2297
2024-01-25,=3342.9200,=4649.5100,=47017494455298.1484,=34973672417735,=16134258086434.3164,=10.8183,=0.1492,=16.8080,=13.2602,=11.2297
2024-01-24,=3277.1100,=4557.9800,=45851923343981.3203,=34146948043733,=15819572602775.7734,=10.5501,=0.1264,=16.8080,=13.2602,=11.2298
2024-01-23,=3231.9300,=4495.1500,=45041775440787.9297,=33573044431253,=15603187767207.3496,=10.3637,=0.1088,=16.8080,=13.2603,=11.2304
2024-01-22,=3218.9000,=4477.0200,=44925796106297.3281,=33468981955428,=15539005700534.8965,=10.3370,=0.1062,=16.8080,=13.2608,=11.2309
2024-01-19,=3269.7800,=4547.7800,=45511009080136.5703,=33936348064972,=15778366376542.2891,=10.4716,=0.1167,=16.8080,=13.2613,=11.2316
2024-01-18,=3274.7300,=4554.6700,=45604693481823.9375,=33988157398943,=15800296771884.2188,=10.4932,=0.1193,=16.8122,=13.2615,=11.2316
2024-01-17,=3229.0800,=4491.1800,=45138596206609.8203,=33624302452073,=15578848184637.5293,=10.3859,=0.1095,=16.8122,=13.2617,=11.2324
2024-01-16,=3300.8800,=4591.0400,=45997853998808.9375,=34308539523028,=15918891237900.8535,=10.5837,=0.1288,=16.8122,=13.2625,=11.2343
2024-01-15,=3280.9200,=4563.2800,=45736614110310.1563,=34102125846636,=15820488934510.6934,=10.5235,=0.1240,=16.8122,=13.2634,=11.2345
2024-01-12,=3284.1700,=4567.8000,=45649497123898.1484,=34080905475045,=15835564919534.4668,=10.5035,=0.1214,=16.8122,=13.2646,=11.2351
2024-01-11,=3295.6700,=4583.8000,=45694859359009.3438,=34125530291999,=15890455289223.6543,=10.5139,=0.1223,=16.8262,=13.2658,=11.2351
2024-01-10,=3277.1300,=4558.0100,=45697121838107.8594,=34087756055538,=15797265200886.7148,=10.5145,=0.1223,=16.8262,=13.2659,=11.2359
2024-01-09,=3292.5000,=4579.3900,=45991280854434.6328,=34263044125890,=15873096493882.4648,=10.5821,=0.1272,=16.8262,=13.2661,=11.2372
2024-01-08,=3286.0600,=4570.4300,=45943778039371.1953,=34208552095091,=15843332369106.9297,=10.5712,=0.1266,=16.8262,=13.2662,=11.2380
2024-01-05,=3329.1100,=4630.3100,=46424945926329.6875,=34597152373997,=16050139885176.9668,=10.6819,=0.1343,=16.8262,=13.2662,=11.2401
2024-01-04,=3347.0500,=4655.2600,=46645434323756.8906,=34750290658284,=16133336683233.9199,=10.7327,=0.1393,=16.8342,=13.2667,=11.2401
2024-01-03,=3378.3000,=4698.7200,=46853554880527.9922,=34972039707418,=16281525368597.4668,=10.7805,=0.1433,=16.8342,=13.2671,=11.2409
2024-01-02,=3386.3500,=4709.9200,=46791905260936.5938,=34940334905394,=16321331338402.5059,=10.7664,=0.1427,=16.8342,=13.2676,=11.2419
2023-12-29,=3431.1100,=4772.1800,=47173444687708.1016,=35274479327195,=16539462062954.9629,=10.8541,=0.1489,=16.8342,=13.2681,=11.2431
2023-12-28,=3414.5400,=4749.1300,=46953783458076.3438,=35128036310207,=16457190616114.7324,=10.8036,=0.1443,=16.8342,=13.2682,=11.2483
2023-12-27,=3336.3600,=4640.3900,=46265991389477.3906,=34511215009967,=16079662904379.7461,=10.6453,=0.1316,=16.8346,=13.2684,=11.2483
2023-12-26,=3324.7900,=4624.3000,=46006098643726.9609,=34373290880942,=16025721665213.1191,=10.5855,=0.1279,=16.8346,=13.2686,=11.2490
2023-12-25,=3347.4500,=4655.8200,=46168775150446.5391,=34546134916318,=16136306408780.6406,=10.6230,=0.1303,=16.8346,=13.2687,=11.2497
2023-12-22,=3337.2300,=4641.3700,=45995503167889.1016,=34389605458366,=16088755559087.4297,=10.5831,=0.1277,=16.8346,=13.2701,=11.2580
2023-12-21,=3330.8700,=4632.5300,=45834215038864.1875,=34296790599341,=16060335063244.7109,=10.5460,=0.1249,=16.8346,=13.2715,=11.2585
2023-12-20,=3297.5000,=4586.1200,=45558069649781.0938,=34031819149888,=15898146838766.3691,=10.4825,=0.1185,=16.8346,=13.2724,=11.2585
2023-12-19,=3334.0400,=4632.7500,=45970866020220.1172,=34348157875498,=16075043937369.8105,=10.5774,=0.1265,=16.8346,=13.2732,=11.2593
2023-12-18,=3329.3700,=4626.2500,=45884607466831.0859,=34308828691049,=16051800441373.2676,=10.5576,=0.1250,=16.8346,=13.2734,=11.2605
2023-12-15,=3341.5500,=4643.1900,=45906156833002.4922,=34351904789931,=16108653215567.1367,=10.5626,=0.1252,=16.8346,=13.2737,=11.2608
2023-12-14,=3351.9600,=4657.6500,=46097269245953.9922,=34483692461094,=16158162352733.5176,=10.6065,=0.1283,=16.8346,=13.2742,=11.2609
2023-12-13,=3369.6100,=4682.1700,=46295395263663.0156,=34661148886714,=16241579140434.4746,=10.6521,=0.1303,=16.8455,=13.2747,=11.2609
2023-12-12,=3426.8000,=4761.6500,=46968317698803.5781,=35203158486866,=16516405935584.7305,=10.8069,=0.1427,=16.8455,=13.2750,=11.2613
2023-12-11,=3419.4500,=4751.4400,=46781541955966.3594,=35067261672802,=16480735646890.7148,=10.7640,=0.1405,=16.8455,=13.2753,=11.2643
2023-12-08,=3399.4600,=4723.6500,=45007969950430.0859,=34498058264895,=16079432951184.0801,=10.7066,=0.1346,=16.8455,=13.2763,=11.2649
2023-12-07,=3391.2800,=4711.8600,=44876080791616.2188,=34414091396857,=16039810551902.3574,=10.6752,=0.1320,=16.8455,=13.2774,=11.2651
2023-12-06,=3399.6000,=4723.4100,=44918320623983.2031,=34458228573407,=16076051807872.7871,=10.6853,=0.1327,=16.8458,=13.2784,=11.2651
2023-12-05,=3394.2600,=4715.9900,=45023413654775.5000,=34520308586154,=16051187926364.8125,=10.7103,=0.1351,=16.8458,=13.2794,=11.2657
2023-12-04,=3460.1400,=4807.5300,=45795121612801.6484,=35157685753046,=16363131353115.3926,=10.8938,=0.1484,=16.8458,=13.2799,=11.2659
2023-12-01,=3482.8800,=4839.1300,=46026639757482.5703,=35354078664029,=16472821153836.0996,=10.9489,=0.1546,=16.8458,=13.2803,=11.2667
2023-11-30,=3496.2000,=4857.6400,=46113326978100.3438,=35469593277745,=16535872730387.2539,=10.9695,=0.1577,=16.8458,=13.2813,=11.2669
2023-11-29,=3488.3100,=4846.6700,=45878592304519.6719,=35251878771853,=16497416150026.3164,=10.9137,=0.1503,=16.8601,=13.2823,=11.2669
2023-11-28,=3518.5200,=4888.3800,=46217697196802.4453,=35514326873346,=16641835227095.0137,=10.9944,=0.1602,=16.8601,=13.2826,=11.2720
2023-11-27,=3511.9400,=4879.2300,=46188651294139.0625,=35471149818810,=16610809630924.6797,=10.9875,=0.1596,=16.8601,=13.2829,=11.2741
2023-11-24,=3538.0100,=4915.4100,=46534205821622,=35712834269121,=16735172543393.9258,=11.0697,=0.1696,=16.8601,=13.2829,=11.2749
2023-11-23,=3561.5200,=4948.0700,=46751165297551,=35902191928903,=16846449849536.2949,=11.1213,=0.1765,=16.8601,=13.2830,=11.2761
2023-11-22,=3544.4200,=4924.3100,=46569033584624.9297,=35749532843242,=16766389000216.4219,=11.0779,=0.1710,=16.8788,=13.2837,=11.2761
2023-11-21,=3581.0700,=4974.6400,=46916134764221.5391,=36063752443027,=16940881281915.5176,=11.1605,=0.1823,=16.8788,=13.2844,=11.2801
2023-11-20,=3576.3200,=4968.0500,=46850376121594.9063,=35994287018368,=16920815259477.3203,=11.1449,=0.1790,=16.8788,=13.2847,=11.2805
2023-11-17,=3568.0700,=4956.5900,=46749836137829.9844,=35897178570073,=16879670713335.8945,=11.1210,=0.1762,=16.8788,=13.2851,=11.2816
2023-11-16,=3572.3600,=4962.5500,=46867261558458.4922,=35964357007586,=16901039012739.2227,=11.1489,=0.1795,=16.8788,=13.2870,=11.2824
2023-11-15,=3607.2500,=5010.8600,=47198113437017.8750,=36250527846230,=17065820374084.0820,=11.2276,=0.1904,=16.8862,=13.2888,=11.2824
2023-11-14,=3582.0600,=4975.8700,=46919437063010.2500,=36004217874123,=16946041645638.3691,=11.1613,=0.1820,=16.8862,=13.2900,=11.2824
2023-11-13,=3579.4100,=4972.2000,=46873611704621.2031,=35980614480761,=16931603312423.1094,=11.1504,=0.1799,=16.8862,=13.2912,=11.2833
2023-11-10,=3586.4900,=4982.0300,=46922925710702.7813,=36019618975268,=16963992149557.8457,=11.1621,=0.1819,=16.8862,=13.2913,=11.2846
2023-11-09,=3612.8300,=5018.6200,=47208441586707.2969,=36251280653923,=17087120459918.5020,=11.2235,=0.1895,=16.8862,=13.2915,=11.2848
2023-11-08,=3611.0700,=5016.1800,=47075522272070.4531,=36147005543401,=17079572870168.3496,=11.1919,=0.1855,=16.8932,=13.2923,=11.2848
2023-11-07,=3619.7600,=5028.1200,=47203548114449.6875,=36252522824509,=17119499820299.7109,=11.2223,=0.1889,=16.8932,=13.2932,=11.2863
2023-11-06,=3632.6100,=5045.9700,=47312917730346.1875,=36345893837227,=17179036566008.2656,=11.2483,=0.1934,=16.8932,=13.2938,=11.2935
2023-11-03,=3584.1400,=4978.6400,=47039077933046.9219,=36058862773321,=16948542423732.8203,=11.1832,=0.1843,=16.8932,=13.2943,=11.2967
2023-11-02,=3554.1900,=4937.0400,=46804107320873.7656,=35841624050555,=16805949540312.2363,=11.1274,=0.1768,=16.8932,=13.2945,=11.2970
2023-11-01,=3571.0300,=4960.4300,=46913143728764.7813,=35948383071717,=16882829796623.3828,=11.1533,=0.1804,=16.8993,=13.2946,=11.2970
2023-10-31,=3572.5100,=4962.4900,=46854298711657.5547,=35900471784051,=16894282314708.2207,=11.1393,=0.1785,=16.8993,=13.2962,=11.2971
2023-10-30,=3583.7700,=4978.1400,=46855824563818.2813,=35928942487256,=16887179715151.9512,=11.1012,=0.1745,=16.8993,=13.2978,=11.2973
2023-10-27,=3562.3900,=4948.4300,=46952227641801.6406,=35878091736820,=16768674983341.1035,=11.1381,=0.1779,=16.8993,=13.2998,=11.2994
2023-10-26,=3514.1400,=4881.0800,=46527072838211.1797,=35515056830172,=16533496532720.9941,=11.0629,=0.1697,=16.8993,=13.3018,=11.3016
2023-10-25,=3504.4600,=4867.6300,=46267455145794.7422,=35341656099258,=16480413800846.5859,=10.9722,=0.1586,=16.9033,=13.3024,=11.3016
2023-10-24,=3487.1300,=4840.7500,=46304859135310.4844,=35268396636149,=16399279662034.9531,=11.0114,=0.1636,=16.9033,=13.3030,=11.3044
2023-10-23,=3474.2400,=4822.7400,=46305682365904.4063,=35184875655640,=16340936420789.9961,=11.0068,=0.1620,=16.9033,=13.3032,=11.3058
2023-10-20,=3510.5900,=4873.1100,=46709031556659.6172,=35508564758123,=16512063993839.2266,=11.1169,=0.1752,=16.9033,=13.3034,=11.3079
2023-10-19,=3533.5400,=4904.9700,=47080048179663.2188,=35766921215401,=16616699147308.9336,=11.2053,=0.1863,=16.9033,=13.3062,=11.3097
2023-10-18,=3610.5800,=5011.9000,=48122258253488.1563,=36594387544882,=16976626842429.0293,=11.4535,=0.2155,=16.9211,=13.3090,=11.3097
2023-10-17,=3639.4000,=5051.8800,=48374475213800.1719,=36816831205907,=17111134346393.8203,=11.5178,=0.2233,=16.9211,=13.3091,=11.3097
2023-10-16,=3626.6000,=5034.1100,=48091488956391.8672,=36668118143459,=17049821417958.9492,=11.4501,=0.2147,=16.9211,=13.3093,=11.3097
2023-10-13,=3663.4100,=5084.9300,=48378192047814.7500,=36917673331429,=17223610614357,=11.5208,=0.2234,=16.9211,=13.3093,=11.3097
2023-10-12,=3702.3800,=5138.9900,=48659875002546.7109,=37232951542134,=17405523809927.0977,=11.5879,=0.2328,=16.9211,=13.3093,=11.3097
2023-10-11,=3667.5500,=5090.6000,=48098527996644.1172,=36848196868775,=17240659759651.0664,=11.4542,=0.2159,=16.9231,=13.3121,=11.3079
2023-10-10,=3657.1300,=5076.1300,=47995438465089.2344,=36783098883627,=17188178892625.2031,=11.4296,=0.2131,=16.9231,=13.3149,=11.3079
2023-10-09,=3684.7300,=5114.4400,=48362291152281.2188,=37053745646648,=17314558452389.6406,=11.5170,=0.2227,=16.9231,=13.3156,=11.3079
2023-09-28,=3689.5200,=5121.0900,=48384000107309.1641,=37103342407219,=17337880948174.1914,=11.5222,=0.2232,=16.9231,=13.3163,=11.3079
2023-09-27,=3700.5000,=5136.1300,=48464620762110.2031,=37185642217366,=17387492601721,=11.5414,=0.2250,=16.9231,=13.3165,=11.3079
2023-09-26,=3692.8900,=5125.4200,=48485262616567.0938,=37183758774892,=17350183276071.8086,=11.5463,=0.2257,=16.9258,=13.3168,=11.3058
2023-09-25,=3714.6000,=5155.5300,=48777470066985.4297,=37375729727639,=17448146921685.8047,=11.6159,=0.2378,=16.9258,=13.3174,=11.3058
2023-09-22,=3738.9300,=5189.2900,=49053078636268.9141,=37585444876434,=17561715708847.1465,=11.6815,=0.2528,=16.9258,=13.3181,=11.3058
2023-09-21,=3672.4400,=5097.0100,=48323087612889,=36975599413820,=17246161768778.0547,=11.5077,=0.2219,=16.9258,=13.3182,=11.3058
2023-09-20,=3705.6900,=5143.1200,=48705872657480.6641,=37300409816221,=17402215655195.6797,=11.5988,=0.2335,=16.9258,=13.3183,=11.3058
2023-09-19,=3720.5000,=5163.0100,=48856648832954.6484,=37427823192737,=17470566544250.2852,=11.6347,=0.2425,=16.9469,=13.3187,=11.3044
2023-09-18,=3727.7100,=5173.0100,=48777175018821.7734,=37397987222102,=17504443291944.9297,=11.6158,=0.2374,=16.9469,=13.3191,=11.3044
2023-09-15,=3708.7800,=5146.7000,=48662868098407.0781,=37212904761847,=17417509503737.3066,=11.5886,=0.2321,=16.9469,=13.3221,=11.3044
2023-09-14,=3733.5100,=5180.2700,=48980339868241.6172,=37493698816539,=17531130681713.6680,=11.6642,=0.2475,=16.9469,=13.3252,=11.3044
2023-09-13,=3736.6500,=5184.6300,=48845295213405.6797,=37433145247663,=17543196677671.8105,=11.6320,=0.2418,=16.9469,=13.3266,=11.3044
2023-09-12,=3760.6000,=5217.8700,=49001672181425.5625,=37578372603392,=17656126937960.0547,=11.6693,=0.2488,=16.9622,=13.3281,=11.3016
2023-09-11,=3767.5400,=5227.4900,=49076017857011.9219,=37660538441421,=17689728681350.0898,=11.6870,=0.2531,=16.9622,=13.3286,=11.3016
2023-09-08,=3739.9900,=5189.0500,=48770421529053.8125,=37411698289411,=17561673516513.1465,=11.6142,=0.2366,=16.9622,=13.3291,=11.3016
2023-09-07,=3758.4700,=5214.6900,=48957347458969.2734,=37600538927821,=17646099627677.8086,=11.6587,=0.2465,=16.9622,=13.3294,=11.3016
2023-09-06,=3812.0300,=5289,=49465645613639.1172,=38024983924675,=17899498562003.9531,=11.7798,=0.2702,=16.9622,=13.3298,=11.3016
2023-09-05,=3820.3200,=5300.5000,=49526038790857.9531,=38066293108066,=17937145164495.7227,=11.7941,=0.2736,=16.9684,=13.3313,=11.2994
2023-09-04,=3848.9500,=5340.2300,=49916201775411.1328,=38347070079283,=18070743709377.2813,=11.8871,=0.2929,=16.9684,=13.3328,=11.2994
2023-09-01,=3791.4900,=5260.5000,=49167182354634.4453,=37774456102967,=17801506861442.4141,=11.7087,=0.2568,=16.9684,=13.3330,=11.2994
2023-08-31,=3765.2700,=5223.5500,=48934106800123.8203,=37521430023116,=17678978093110.1719,=11.6532,=0.2459,=16.9684,=13.3332,=11.2994
2023-08-30,=3788.5100,=5255.1800,=49129529436376.8828,=37717161719281,=17749313059942.1484,=11.6950,=0.2546,=16.9684,=13.3357,=11.2994
2023-08-29,=3790.1100,=5257.4000,=49203066589437.8125,=37761001786920,=17724341135541.0977,=11.6293,=0.2415,=16.9737,=13.3381,=11.2973
2023-08-28,=3752.6200,=5205.2800,=48948677381564.9297,=37507762014489,=17526911647264.6504,=11.5844,=0.2317,=16.9737,=13.3385,=11.2973
2023-08-25,=3709.1500,=5144.1100,=48352367930063.0703,=37037530265307,=17317755481243.0332,=11.3642,=0.2072,=16.9737,=13.3388,=11.2973
2023-08-24,=3723.4300,=5160.1800,=48442846800455.4375,=37129687665913,=17371907045754.0215,=11.3973,=0.2117,=16.9737,=13.3394,=11.2973
2023-08-23,=3696.6300,=5122.8700,=48330565071220.6563,=36975534129750,=17245303108039.0469,=11.3555,=0.2064,=16.9737,=13.3399,=11.2973
2023-08-22,=3758.2300,=5208.2300,=48939298390891.2969,=37476702187768,=17520651643669.0566,=11.4936,=0.2201,=16.9843,=13.3401,=11.2971
2023-08-21,=3729.5600,=5168.2800,=48392045238016.2813,=37105498769409,=17388380514298.9199,=11.3557,=0.2064,=16.9843,=13.3402,=11.2971
2023-08-18,=3784,=5243.7000,=48997261078633.9922,=37634820902449,=17642539683161.0469,=11.4961,=0.2202,=16.9843,=13.3411,=11.2971
2023-08-17,=3831.1000,=5308.7400,=49463831856731.8672,=38010658579786,=17858136147149.6484,=11.5979,=0.2328,=16.9843,=13.3421,=11.2971
2023-08-16,=3818.3300,=5291.0500,=49377835054231.4766,=37921676778016,=17798571484231.3008,=11.5782,=0.2299,=16.9843,=13.3438,=11.2971
2023-08-15,=3846.5400,=5330.1300,=49785855884036.9531,=38198998691073,=17927465729622.7969,=11.6713,=0.2476,=16.9982,=13.3455,=11.2970
2023-08-14,=3855.9100,=5343.1100,=49732002488840.3125,=38172459024357,=17968668597763.9648,=11.6572,=0.2443,=16.9982,=13.3457,=11.2970
2023-08-11,=3884.2500,=5382.3900,=50079842631236.6719,=38442704851078,=18104649489570.6992,=11.7336,=0.2587,=16.9982,=13.3458,=11.2970
2023-08-10,=3975.7200,=5507.1500,=51138196425625.8984,=39306048045449,=18526521781513.1836,=11.9905,=0.3117,=16.9982,=13.3462,=11.2970
2023-08-09,=3967.5700,=5495.2800,=50993842296021.8203,=39229191969300,=18488597079847.3594,=11.9597,=0.3064,=16.9982,=13.3466,=11.2970
2023-08-08,=3979.7300,=5510.7200,=51147603326031.4531,=39344723017036,=18542086388211.1875,=12.0001,=0.3139,=17.0179,=13.3473,=11.2967
2023-08-07,=3990.1500,=5525.1000,=51250047057950.0391,=39437039464191,=18593753503604.3945,=12.0208,=0.3178,=17.0179,=13.3480,=11.2967
2023-08-04,=4020.5800,=5567.2400,=51606658097846.0781,=39688935342025,=18724314788893.6094,=12.1050,=0.3313,=17.0179,=13.3481,=11.2967
2023-08-03,=4004.9800,=5545.4100,=51337652223342.4844,=39528497974721,=18654227041607.0156,=12.0315,=0.3188,=17.0179,=13.3482,=11.2967
2023-08-02,=3969.9000,=5496.8300,=50915801284414.8516,=39201747653872,=18486301374755.2383,=11.9400,=0.3014,=17.0179,=13.3483,=11.2967
2023-08-01,=3998,=5535.3800,=51493055348570.0391,=39627184838713,=18620675770754.3320,=12.0754,=0.3257,=17.0492,=13.3485,=11.2935
2023-07-31,=4014.6300,=5558.3900,=51579510824713.8984,=39701334223642,=18697899199728.3086,=12.0961,=0.3298,=17.0492,=13.3485,=11.2935
2023-07-28,=3992.7400,=5528.0700,=51398121896803.0313,=39546538713767,=18594589549901.9648,=12.0524,=0.3218,=17.0492,=13.3486,=11.2935
2023-07-27,=3902.3500,=5400.5400,=50273796216017.1563,=38681607445249,=18171427338434.5859,=11.7874,=0.2699,=17.0492,=13.3501,=11.2935
2023-07-26,=3907.0100,=5406.9400,=50237497417735.0938,=38653566788318,=18191378392317.4531,=11.7788,=0.2682,=17.0492,=13.3517,=11.2935
2023-07-25,=3915.1200,=5417.3700,=50398367346056.6328,=38762815545184,=18204842893188.2734,=11.8452,=0.2820,=17.0525,=13.3524,=11.2863
2023-07-24,=3805.2200,=5264.9600,=49118296645047.3516,=37712039108236,=17691242397280.1641,=11.5431,=0.2258,=17.0525,=13.3532,=11.2863
2023-07-21,=3821.9100,=5287.9900,=49257525545929.0391,=37844416022166,=17770777340623.0938,=11.5758,=0.2297,=17.0525,=13.3566,=11.2863
2023-07-20,=3823.6900,=5286.3600,=49284957065763.3438,=37863568478747,=17781806698448.3047,=11.5823,=0.2306,=17.0525,=13.3599,=11.2863
2023-07-19,=3850.8700,=5323.4500,=49637134741587.9766,=38158493050035,=17908209270761.2969,=11.6650,=0.2460,=17.0525,=13.3601,=11.2863
2023-07-18,=3854.9400,=5327.6600,=49636954057612.0469,=38162494301764,=17924778752419.1563,=11.6650,=0.2458,=17.0658,=13.3603,=11.2848
2023-07-17,=3867.1700,=5341.1300,=49876734953974.4375,=38357298602584,=17980350743241.5547,=11.7210,=0.2565,=17.0658,=13.3612,=11.2848
2023-07-14,=3899.1000,=5377.8600,=50446050602543.8125,=38818754206455,=18126884229213.5508,=11.8548,=0.2829,=17.0658,=13.3621,=11.2848
2023-07-13,=3898.4200,=5374.8700,=50416303357273.2109,=38768278638814,=18122677313127.4453,=11.8478,=0.2816,=17.0658,=13.3633,=11.2848
2023-07-12,=3843.4400,=5289.9000,=49659955697418.2109,=38164251779701,=17871028067190.6602,=11.6700,=0.2472,=17.0658,=13.3645,=11.2848
2023-07-11,=3869.4900,=5319.2200,=50015438838343.4375,=38371879251567,=17986739112763.0859,=11.7536,=0.2621,=17.0741,=13.3664,=11.2846
2023-07-10,=3844.3300,=5284.1600,=49726670009348.2266,=38151657147388,=17871126235262.9805,=11.6857,=0.2505,=17.0741,=13.3683,=11.2846
2023-07-07,=3825.7000,=5258.5100,=49573882453150.8203,=38008305742373,=17783130778872.4844,=11.6498,=0.2440,=17.0741,=13.3683,=11.2846
2023-07-06,=3842.7500,=5281.0400,=49752875404899.3828,=38138061874001,=17862948388762.0117,=11.6919,=0.2515,=17.0741,=13.3683,=11.2846
2023-07-05,=3868.8100,=5315.3100,=50081415235419.7578,=38402261024785,=17985922260818.3047,=11.7691,=0.2642,=17.0741,=13.3683,=11.2846
2023-07-04,=3899.0100,=5354.4100,=50471099421024.2891,=38703295908025,=18127373335528.8164,=11.9264,=0.2963,=17.0972,=13.3683,=11.2833
2023-07-03,=3892.8800,=5345.9900,=50486422263376.6719,=38703165779316,=18101188055476.6094,=11.8643,=0.2841,=17.0972,=13.3692,=11.2833
2023-06-30,=3842.4500,=5275.9500,=49718722664521.6172,=38068368609046,=17869896237401.8203,=11.6839,=0.2499,=17.0972,=13.3701,=11.2833
2023-06-29,=3821.8400,=5240.6600,=49457151190439.1172,=37869994767501,=17773223332158.4688,=11.6224,=0.2393,=17.0972,=13.3715,=11.2833
2023-06-28,=3840.8000,=5264.9700,=49684887519015.3984,=38065240327181,=17863693182566.6445,=11.6759,=0.2480,=17.0972,=13.3728,=11.2833
2023-06-27,=3845.4300,=5266.6700,=49750497316601.3203,=38092043177848,=17885392338107.6133,=11.6910,=0.2510,=17.1086,=13.3734,=11.2824
2023-06-26,=3809.7000,=5215.2900,=49190467627443.4375,=37666794594667,=17719564791193.0625,=11.5594,=0.2298,=17.1086,=13.3740,=11.2824
2023-06-21,=3864.0300,=5287.7400,=49857482013904.6719,=38226015329988,=17973416498204.4688,=11.7161,=0.2545,=17.1086,=13.3755,=11.2824
2023-06-20,=3924.2400,=5365.5800,=50482209902577.0469,=38705045588305,=18251414698165.8008,=11.8629,=0.2830,=17.1086,=13.3770,=11.2824
2023-06-19,=3930.9100,=5373.2800,=50733689213786.0391,=38847833585464,=18281255597901.2148,=11.9220,=0.2939,=17.1086,=13.3773,=11.2824
2023-06-16,=3963.3500,=5411.9500,=51137502755538.5625,=39158688052786,=18432442121286.6094,=12.0169,=0.3132,=17.1197,=13.3775,=11.2824
2023-06-15,=3925.5000,=5359.1500,=50829590632888.7578,=38838502599147,=18254256545586.6094,=11.9446,=0.2986,=17.1197,=13.3783,=11.2824
2023-06-14,=3864.0200,=5273.5300,=50236802292534.5469,=38350351079848,=17970780183716.8047,=11.8053,=0.2706,=17.1197,=13.3790,=11.2824
2023-06-13,=3864.9100,=5267.8100,=50399924285957.0234,=38402179832416,=17978323637963.9102,=11.8436,=0.2788,=17.1197,=13.3794,=11.2824
2023-06-12,=3844.4300,=5237.7500,=50277231207159.8125,=38256558361617,=17879547996653.8945,=11.8148,=0.2718,=17.1197,=13.3798,=11.2824
2023-06-09,=3836.7000,=5226.7200,=50073156040211.5938,=37753366066585,=17817645899926.6055,=11.9043,=0.2898,=17.1239,=13.3804,=11.2816
2023-06-08,=3820.1900,=5202.2600,=49780176545260.4922,=37618822900618,=17735355895321.0586,=11.8346,=0.2765,=17.1239,=13.3811,=11.2816
2023-06-07,=3789.3400,=5159.8600,=49275736982211.4531,=37247914756073,=17589364939886.0898,=11.7147,=0.2546,=17.1239,=13.3816,=11.2816
2023-06-06,=3808.1600,=5184.0200,=49438798633157.6094,=37376553099380,=17674928352108.0352,=11.7535,=0.2610,=17.1239,=13.3821,=11.2816
2023-06-05,=3844.2500,=5232.8900,=49782516842930.5078,=37673667090122,=17844477542071.6055,=11.8352,=0.2762,=17.1239,=13.3852,=11.2816
2023-06-02,=3861.8300,=5256.7700,=49834487742048.1172,=37713739070388,=17922366099515.6680,=11.8475,=0.2788,=17.1494,=13.3883,=11.2805
2023-06-01,=3806.8700,=5181.3000,=49314961790865.7422,=37263292480388,=17668430312729.3398,=11.7240,=0.2562,=17.1494,=13.3899,=11.2805
2023-05-31,=3798.5400,=5166.1200,=49170299922367.3125,=37188548580839,=17622995680356.1133,=11.6896,=0.2515,=17.1494,=13.3914,=11.2805
2023-05-30,=3837.7500,=5216.6400,=49611875742469.2969,=37575805555198,=17803490997413.3398,=11.7946,=0.2688,=17.1494,=13.3918,=11.2805
2023-05-29,=3833.9400,=5211.2800,=49551583455603.4609,=37575262641335,=17788947091193.3242,=11.7803,=0.2659,=17.1494,=13.3923,=11.2805
2023-05-26,=3850.9500,=5233.5400,=49446178476647.8594,=37523056789754,=17858855126891.1992,=11.7552,=0.2612,=17.1655,=13.3946,=11.2801
2023-05-25,=3850.5000,=5231.6400,=49342534834161.1172,=37494229474649,=17853543963275.0781,=11.7306,=0.2571,=17.1655,=13.3969,=11.2801
2023-05-24,=3859.0900,=5242.8700,=49429571789969.1094,=37557753305098,=17891657703361.5234,=11.7513,=0.2602,=17.1655,=13.3970,=11.2801
2023-05-23,=3913.1900,=5316.3100,=50290309420853.4531,=38170078234930,=18141822679615.8086,=11.9559,=0.2993,=17.1655,=13.3972,=11.2801
2023-05-22,=3969.3300,=5392.4900,=51190156754421.6641,=38789499426090,=18400925485736.0039,=12.1698,=0.3364,=17.1655,=13.3982,=11.2801
2023-05-19,=3944.5400,=5358.7600,=50910179026616.0781,=38591378060605,=18285731897709.6758,=12.1033,=0.3235,=17.1757,=13.3992,=11.2761
2023-05-18,=3956.0700,=5373.1300,=51147195854905.2891,=38760452208964,=18342133355916.5508,=12.1596,=0.3345,=17.1757,=13.4002,=11.2761
2023-05-17,=3960.1700,=5378.0600,=50922583424359.6328,=38643428869167,=18357449254088.1914,=12.1062,=0.3245,=17.1757,=13.4012,=11.2761
2023-05-16,=3978.2100,=5402.5100,=51265465789011.0938,=38820129807387,=18440259240515.1602,=12.1877,=0.3389,=17.1757,=13.4014,=11.2761
2023-05-15,=3998.8900,=5429.8100,=51577971241175.2422,=39023571422303,=18534647610887.1484,=12.2620,=0.3536,=17.1757,=13.4016,=11.2761
2023-05-12,=3937.7600,=5346.6200,=50837908134092.3438,=38469369419569,=18246910597109.3984,=12.0861,=0.3216,=17.1820,=13.4017,=11.2749
2023-05-11,=3990.6600,=5418.0200,=51498469168926.5313,=38932365656300,=18490980390090.1602,=12.2395,=0.3485,=17.1820,=13.4018,=11.2749
2023-05-10,=3996.8700,=5426.4400,=51734439662718.5703,=39054034283849,=18522610148508.5000,=12.2956,=0.3579,=17.1820,=13.4021,=11.2749
2023-05-09,=4027.8800,=5468.4900,=52497225135132.3281,=39577028701441,=18673952262289.3398,=12.4769,=0.3823,=17.1820,=13.4023,=11.2749
2023-05-08,=4062.6600,=5515.6500,=53077890921636.2813,=39918507359930,=18835825043641.4453,=12.6149,=0.3975,=17.1820,=13.4024,=11.2749
2023-05-05,=4016.8800,=5453.4900,=51906297357709.5703,=39181923267459,=18614170341727.3047,=12.3364,=0.3650,=17.1919,=13.4025,=11.2741
2023-05-04,=4030.2500,=5471.6500,=52031214662710.9453,=39285918570122,=18676314762175.9063,=12.3661,=0.3692,=17.1919,=13.4030,=11.2741
2023-04-28,=4029.0900,=5470.0700,=51595252777361.8516,=38993173740512,=18637697993519.1680,=12.2122,=0.3444,=17.1919,=13.4036,=11.2741
2023-04-27,=3988.4200,=5414.7700,=51042905382485.9219,=38438848878553,=18347321706253.3008,=12.1635,=0.3354,=17.1919,=13.4046,=11.2741
2023-04-26,=3959.2300,=5374.8500,=50608291922297.9297,=38152905096682,=18219889641259.6055,=12.1301,=0.3311,=17.1919,=13.4057,=11.2741
2023-04-25,=3962.6700,=5378.1700,=50840782918499.1172,=38261674402340,=18236127403441.1914,=12.2356,=0.3476,=17.2046,=13.4060,=11.2720
2023-04-24,=3982.6400,=5405.2200,=50834989285655.3672,=38266746346119,=18309199835170.7969,=12.2806,=0.3552,=17.2046,=13.4064,=11.2720
2023-04-21,=4032.5700,=5472.9800,=51219109779568.4063,=38633604454135,=18526667239728.0156,=12.3717,=0.3697,=17.2046,=13.4070,=11.2720
2023-04-20,=4113.0200,=5581.8700,=52130482781567.3906,=39326686039670,=18837042748223.3516,=12.6086,=0.3955,=17.2046,=13.4075,=11.2720
2023-04-19,=4124.5600,=5597.3300,=52190803573226.2891,=39368227325241,=18895638379419.6328,=12.6080,=0.3952,=17.2046,=13.4082,=11.2720
2023-04-18,=4162.0300,=5648.1900,=52667388914193.9063,=39706988022171,=19063320785253.7617,=12.7194,=0.4055,=17.2075,=13.4089,=11.2669
2023-04-17,=4149.3800,=5630.8100,=52370116586124.8438,=39511858610315,=19000131742727.9961,=12.6061,=0.3951,=17.2075,=13.4091,=11.2669
2023-04-14,=4092,=5552.9400,=51409991072022.2422,=38850384185218,=18739014132269.2383,=12.3718,=0.3701,=17.2075,=13.4093,=11.2669
2023-04-13,=4068.9800,=5521.7000,=51060914537403.9531,=38635290853228,=18632014388349.5313,=12.2895,=0.3572,=17.2075,=13.4094,=11.2669
2023-04-12,=4097.2900,=5559.9500,=51330977539967.4766,=38829096969160,=18757460758363.0977,=12.3514,=0.3666,=17.2075,=13.4094,=11.2669
2023-04-11,=4100.1500,=5563.8300,=51133301469993.8516,=38759420531468,=18766798179846.5039,=12.3034,=0.3598,=17.2225,=13.4100,=11.2667
2023-04-10,=4104.8100,=5570.1600,=51238979894613.0703,=38786281774425,=18783209296685.8672,=12.3314,=0.3638,=17.2225,=13.4106,=11.2667
2023-04-07,=4123.2800,=5595.2200,=51326390900015.1875,=38849615494534,=18866604502498.4922,=12.3489,=0.3655,=17.2225,=13.4107,=11.2667
2023-04-06,=4096.6400,=5559.0700,=51127285611961.3828,=38685384843171,=18740242498863.8086,=12.3005,=0.3594,=17.2225,=13.4107,=11.2667
2023-04-04,=4103.1100,=5567.8400,=51196391785907.6875,=38739080068962,=18767557010858.7617,=12.3197,=0.3620,=17.2225,=13.4113,=11.2667
2023-04-03,=4090.5700,=5550.8300,=50769965146579.6172,=38508488811551,=18711984353102.4414,=12.2030,=0.3431,=17.2361,=13.4119,=11.2659
2023-03-31,=4050.9300,=5497.0300,=50355400428097.1406,=38237912916600,=18527708496156.3008,=12.0804,=0.3217,=17.2361,=13.4134,=11.2659
2023-03-30,=4038.5300,=5480.2100,=50201815335575.1563,=38160870976026,=18443540340399.8672,=11.9846,=0.3057,=17.2361,=13.4150,=11.2659
2023-03-29,=4006.1400,=5436.0800,=49850971135854.5703,=37833298236195,=18284150830287.8711,=11.9441,=0.2980,=17.2361,=13.4153,=11.2659
2023-03-28,=3999.5100,=5427.0900,=49818180338278.1094,=37785132934049,=18254040505074.6758,=11.9253,=0.2944,=17.2361,=13.4156,=11.2659
2023-03-27,=4012.4800,=5444.6800,=49803329694556.6797,=37808428079138,=18313908367380.6836,=11.9094,=0.2910,=17.2409,=13.4159,=11.2657
2023-03-24,=4027.0500,=5464.4500,=50114604943834.3203,=37985206151843,=18370440316905.3594,=11.9924,=0.3071,=17.2409,=13.4162,=11.2657
2023-03-23,=4039.0900,=5480.7900,=50468754798895.1719,=38177380655166,=18423752205100.3594,=12.0719,=0.3196,=17.2409,=13.4166,=11.2657
2023-03-22,=3999.4400,=5426.9900,=49978799721496.5938,=37765712954463,=18230709279807.7656,=11.9600,=0.3018,=17.2409,=13.4170,=11.2657
2023-03-21,=3982.3800,=5403.8300,=49735746669752.7891,=37586140017878,=18147371578958.8945,=11.9173,=0.2931,=17.2409,=13.4170,=11.2657
2023-03-20,=3939.0800,=5345.0800,=49449334765356.2500,=37313680882423,=17948985109644.8633,=11.8369,=0.2781,=17.2409,=13.4170,=11.2651
2023-03-17,=3958.8200,=5371.8700,=49880914007504.6875,=37446572480717,=18031026117395.1953,=11.9361,=0.2963,=17.2409,=13.4176,=11.2651
2023-03-16,=3939.1500,=5345.1800,=49497166953546.9922,=37200813358319,=17942248483574.6914,=11.8452,=0.2798,=17.2409,=13.4182,=11.2651
2023-03-15,=3986.9000,=5409.9700,=49913435458558.9453,=37558108160659,=18154605452224.0352,=11.9172,=0.2927,=17.2409,=13.4184,=11.2651
2023-03-14,=3984.7000,=5406.9800,=49744079037054.5234,=37476906718007,=18142115525659.7578,=11.8747,=0.2848,=17.2409,=13.4187,=11.2651
2023-03-13,=4008.6900,=5439.5300,=50044701965772.2500,=37730017869008,=18251593775250.1602,=11.9465,=0.2975,=17.2419,=13.4201,=11.2649
2023-03-10,=3967.1400,=5383.1500,=49232245584975.9375,=37248957556138,=18061754965231.2617,=11.7534,=0.2633,=17.2419,=13.4215,=11.2649
2023-03-09,=4019.8500,=5454.6800,=49928663307512.4922,=37678979807554,=18298664258120.1914,=11.9340,=0.2951,=17.2419,=13.4217,=11.2649
2023-03-08,=4034.1100,=5474.0300,=50027781147636.0234,=37803032715295,=18365509980665.6016,=11.9620,=0.3011,=17.2419,=13.4220,=11.2649
2023-03-07,=4048.8500,=5494.0400,=50139855075797.8750,=37941472856047,=18434990475504.3008,=11.9888,=0.3046,=17.2419,=13.4223,=11.2649
2023-03-06,=4109.0100,=5575.6700,=50685695227572.7422,=38356361565168,=18705578530072.1250,=12.1193,=0.3272,=17.2481,=13.4227,=11.2643
2023-03-03,=4130.5500,=5604.9000,=50886295802967.0391,=38552917253960,=18811264141553.2695,=12.1673,=0.3339,=17.2481,=13.4228,=11.2643
2023-03-02,=4117.7400,=5587.5100,=50536131157071.6875,=38358720248850,=18752041006478.0039,=12.0830,=0.3198,=17.2481,=13.4229,=11.2643
2023-03-01,=4126.9400,=5600,=50549701335200.6641,=38334192256147,=18793703260754.7148,=12.0862,=0.3205,=17.2481,=13.4229,=11.2643
2023-02-28,=4069.4600,=5522,=49823713286168.6328,=37833679817593,=18533460387532.8984,=11.9127,=0.2921,=17.2481,=13.4229,=11.2643
2023-02-27,=4043.8400,=5487.2400,=49469653238808.1406,=37619264582532,=18418135605675.6641,=11.8284,=0.2774,=17.2578,=13.4264,=11.2613
2023-02-24,=4061.0500,=5509.3100,=49608621703502.8047,=37669986795166,=18499475659508.0117,=11.8616,=0.2828,=17.2578,=13.4298,=11.2613
2023-02-23,=4103.6500,=5567.1100,=50054633515371.6484,=38030519381800,=18694295678296.8398,=11.9683,=0.3015,=17.2578,=13.4306,=11.2613
2023-02-22,=4106.9500,=5571.5900,=50113496724902.6016,=38062734115919,=18708853372810.2109,=11.9823,=0.3027,=17.2578,=13.4314,=11.2613
2023-02-21,=4144.3500,=5622.3300,=50538308027098.2734,=38362702737866,=18878606155976.4766,=12.0839,=0.3191,=17.2578,=13.4333,=11.2613
2023-02-20,=4133.4900,=5607.5900,=50400517825966.2031,=38251375721371,=18829926476310.8789,=12.0510,=0.3137,=17.2692,=13.4352,=11.2609
2023-02-17,=4034.5100,=5473.3100,=49175458846021.0781,=37368335910225,=18375748346225.8711,=11.7580,=0.2654,=17.2692,=13.4354,=11.2609
2023-02-16,=4093.4900,=5553.3200,=49755415698657.6250,=37813560924144,=18642766914786.4531,=11.8967,=0.2892,=17.2692,=13.4356,=11.2609
2023-02-15,=4123.6900,=5594.3000,=49986025102630.8906,=38052264898128,=18780094235759.4883,=11.9519,=0.2978,=17.2692,=13.4360,=11.2609
2023-02-14,=4145.2900,=5623.6000,=50219806200516.7031,=38240212195755,=18882175085939.2109,=12.0078,=0.3077,=17.2692,=13.4363,=11.2609
2023-02-13,=4143.5700,=5621.2700,=50164331870868.0625,=38196631067591,=18872510238711.2734,=11.9945,=0.3053,=17.3013,=13.4365,=11.2608
2023-02-10,=4106.3100,=5570.7200,=49799820192017.2969,=37886046521580,=18712766641440.0391,=11.9073,=0.2906,=17.3013,=13.4367,=11.2608
2023-02-09,=4130.8600,=5604.0200,=50031629291719.7813,=38074318775848,=18826296521121.3281,=11.9628,=0.3008,=17.3013,=13.4370,=11.2608
2023-02-08,=4076.1400,=5529.7900,=49454728344814.1875,=37602003473293,=18579275631737.6836,=11.8248,=0.2773,=17.3013,=13.4372,=11.2608
2023-02-07,=4094.2300,=5554.3400,=49672411833770.1250,=37758375206178,=18658204692435.4844,=11.8769,=0.2862,=17.3013,=13.4387,=11.2608
2023-02-06,=4086.8800,=5544.3600,=49608011055996,=37659029726256,=18625584731246.9805,=11.8615,=0.2830,=17.3073,=13.4403,=11.2605
2023-02-03,=4141.6300,=5618.6400,=50137055547811.5234,=38095350698479,=18877141592258.6563,=11.9880,=0.3029,=17.3073,=13.4414,=11.2605
2023-02-02,=4181.1500,=5672.2500,=50530372346846.5391,=38442209194525,=19057337585885.3477,=12.0820,=0.3171,=17.3073,=13.4426,=11.2605
2023-02-01,=4195.9300,=5692.3000,=50661027389290.3594,=38544799018432,=19125002905949.4141,=12.1133,=0.3222,=17.3073,=13.4431,=11.2605
2023-01-31,=4156.8600,=5639.2900,=50228445086357.2344,=38240698023480,=18953766041092.3203,=12.0098,=0.3073,=17.3073,=13.4436,=11.2605
2023-01-30,=4201.3500,=5699.6500,=50652682931549.5078,=38622066438052,=19160949714355.9492,=12.1113,=0.3215,=17.3164,=13.4461,=11.2593
2023-01-20,=4181.5300,=5672.7600,=50580063611253.7656,=38500304043358,=19069396022656.8125,=12.0939,=0.3185,=17.3164,=13.4486,=11.2593
2023-01-19,=4156.0100,=5638.1400,=50210773612197.8594,=38276142587988,=18954888711016.0430,=12.0056,=0.3059,=17.3164,=13.4491,=11.2593
2023-01-18,=4130.3100,=5603.2800,=50001007663588.7344,=38096405026944,=18834271716737.4375,=11.9554,=0.2990,=17.3164,=13.4495,=11.2593
2023-01-17,=4137.2400,=5612.6800,=50006466599960.8203,=38145291916431,=18874641227705.6797,=11.9567,=0.2996,=17.3164,=13.4497,=11.2593
2023-01-16,=4137.9600,=5613.6600,=50105146053245.9531,=38201748136033,=18879011341296.2813,=11.9803,=0.3012,=17.3512,=13.4500,=11.2585
2023-01-13,=4074.3800,=5527.4000,=49581069498703.8203,=37607452377185,=18584919393070.6328,=11.8550,=0.2828,=17.3512,=13.4517,=11.2585
2023-01-12,=4017.8700,=5450.7400,=48931891749076.9609,=37080716009325,=18327084316586.0703,=11.6998,=0.2579,=17.3512,=13.4535,=11.2585
2023-01-11,=4010.0300,=5440.1000,=48806217242934.3125,=37032701357992,=18293254279425.3945,=11.6698,=0.2531,=17.3512,=13.4536,=11.2585
2023-01-10,=4017.4700,=5449.8000,=48793235543729.0547,=37063730916496,=18325108393276.8789,=11.6667,=0.2524,=17.3512,=13.4538,=11.2585
2023-01-09,=4013.1200,=5443.9000,=48837538376077.1797,=37074401650121,=18310486067445.0195,=11.6772,=0.2536,=17.3527,=13.4541,=11.2580
2023-01-06,=3980.8900,=5400.1700,=48539256740744.9922,=36819977936148,=18162549456062.8555,=11.6059,=0.2410,=17.3527,=13.4545,=11.2580
2023-01-05,=3968.5800,=5383.4800,=48458478432675.9219,=36747011180106,=18109279050667.6914,=11.5866,=0.2378,=17.3527,=13.4561,=11.2580
2023-01-04,=3892.9500,=5280.8800,=47746107794428.0391,=36147309333559,=17770716102746.2617,=11.4163,=0.2195,=17.3527,=13.4576,=11.2580
2023-01-03,=3887.9000,=5274.0300,=47588590175479.5391,=36017213505331,=17740124492013.8906,=11.3786,=0.2161,=17.3527,=13.4582,=11.2580
2022-12-30,=3871.6300,=5251.9700,=47351994785473.4063,=35914752710395,=17667237782314.1797,=11.3221,=0.2092,=17.3668,=13.4588,=11.2497
2022-12-29,=3856.7000,=5231.7100,=47159844375678,=35755311733436,=17600059658593.6406,=11.2761,=0.2041,=17.3668,=13.4601,=11.2497
2022-12-28,=3871.2600,=5251.4700,=47444195298923.6172,=35933993303209,=17657779285569.8281,=11.3441,=0.2114,=17.3668,=13.4615,=11.2497
2022-12-27,=3887.8500,=5273.9700,=47575013950759.2734,=35983500412060,=17724734183491.9063,=11.3754,=0.2151,=17.3668,=13.4621,=11.2497
2022-12-26,=3843.4900,=5209.8000,=47012577280720.5547,=35575003046159,=17519841829037.1191,=11.2409,=0.1992,=17.3668,=13.4628,=11.2497
2022-12-23,=3828.2200,=5188.7500,=46887489036427.6406,=35504102114280,=17454535014508.3223,=11.2110,=0.1950,=17.4181,=13.4632,=11.2497
2022-12-22,=3836.0300,=5199.3400,=46965697844193.2813,=35551421852880,=17489115211558.3203,=11.2297,=0.1960,=17.4181,=13.4637,=11.2580
2022-12-21,=3830.5400,=5191.9000,=46863054369190.3281,=35481842439935,=17461671545463.2852,=11.2051,=0.1947,=17.4181,=13.4637,=11.2585
2022-12-20,=3829.0200,=5189.8400,=46817359826639.6172,=35445100194437,=17452100390092.0039,=11.1942,=0.1924,=17.4181,=13.4638,=11.2593
2022-12-19,=3893.2200,=5276.8600,=47490812146785.1641,=35995799163258,=17745031204214.2539,=11.3552,=0.2122,=17.4181,=13.4641,=11.2605
2022-12-16,=3954.2300,=5359.5400,=48284985563122.7734,=36535495992724,=18021690407402.2617,=11.5451,=0.2308,=17.4587,=13.4645,=11.2593
2022-12-15,=3951.9900,=5356.5100,=48178993959963.8672,=36452092921108,=18007788649312.8164,=11.5198,=0.2283,=17.4587,=13.4652,=11.2593
2022-12-14,=3954.8900,=5360.4400,=48316626137025.3438,=36532334879324,=18027412098293.2109,=11.5527,=0.2326,=17.4587,=13.4660,=11.2593
2022-12-13,=3945.6800,=5344.3600,=48242099963526.0078,=36433627394507,=17981010142564.1953,=11.5349,=0.2296,=17.4587,=13.4685,=11.2593
2022-12-12,=3953.4400,=5354.8700,=48224866912822.7500,=36448384411015,=18013328862297.8516,=11.5308,=0.2289,=17.4587,=13.4711,=11.2593
2022-12-09,=3998.2400,=5415.5600,=48360001259993.1797,=36655474719731,=18101518996155.2617,=11.6355,=0.2444,=17.4590,=13.4711,=11.2585
2022-12-08,=3959.1800,=5362.6400,=47994307897133.3438,=36356697683688,=17921824109316.1563,=11.5475,=0.2309,=17.4590,=13.4712,=11.2585
2022-12-07,=3958.4400,=5361.6400,=48004001067020.0234,=36342856300767,=17916772728619.2891,=11.5498,=0.2314,=17.4590,=13.4715,=11.2585
2022-12-06,=3968.2000,=5374.8600,=48266658618156.2422,=36486500683069,=17965851932112.5508,=11.6130,=0.2385,=17.4590,=13.4719,=11.2585
2022-12-05,=3946.8800,=5345.9200,=48067192089024.7422,=36294669215620,=17870412418931.6094,=11.5650,=0.2325,=17.4590,=13.4721,=11.2585
2022-12-02,=3870.9500,=5243.0800,=46972601998254.6250,=35554853423298,=17526047295028.9141,=11.3016,=0.2074,=17.4962,=13.4722,=11.2580
2022-12-01,=3894.7700,=5275.3400,=47274674757263.6719,=35767220864980,=17636293855589.0781,=11.3743,=0.2137,=17.4962,=13.4729,=11.2580
2022-11-30,=3853.0400,=5218.8200,=46984000594954.1719,=35486945589743,=17448731847503.5137,=11.3044,=0.2075,=17.4962,=13.4736,=11.2580
2022-11-29,=3848.4200,=5212.5700,=46828370995268.0234,=35428326404253,=17431195791397.9746,=11.2669,=0.2031,=17.4962,=13.4743,=11.2580
2022-11-28,=3733.2400,=5056.5600,=45601006876398.4766,=34357697276342,=16906318937990.7168,=10.9716,=0.1665,=17.4962,=13.4751,=11.2580
2022-11-25,=3775.7800,=5114.0200,=46064507854330.3828,=34689752097685,=17103228429314.9199,=11.0832,=0.1801,=17.4979,=13.4753,=11.2580
2022-11-24,=3756.8100,=5088.3300,=45608913779474.9453,=34427254760208,=17015656468161.4492,=10.9735,=0.1666,=17.4979,=13.4755,=11.2585
2022-11-23,=3773.5300,=5110.9800,=45807887811418.0625,=34583930804395,=17087444262154.2363,=11.0214,=0.1727,=17.4979,=13.4759,=11.2593
2022-11-22,=3769.5700,=5105.5900,=45703068956147.5469,=34486985949617,=17073319118053.8887,=10.9962,=0.1688,=17.4979,=13.4763,=11.2605
2022-11-21,=3769.1300,=5104.9800,=45439342127208.2734,=34364001488527,=17072161662952.6230,=10.9327,=0.1613,=17.4979,=13.4765,=11.2608
2022-11-18,=3801.5700,=5148.9200,=45783554258441.5625,=34642669964429,=17218953640748.4824,=11.0156,=0.1714,=17.5142,=13.4767,=11.2608
2022-11-17,=3818.6600,=5172,=45947221222791.4531,=34722332996844,=17298622734372.5762,=11.0549,=0.1757,=17.5142,=13.4771,=11.2609
2022-11-16,=3834.3900,=5193.2900,=46128436159126.6797,=34869369455307,=17368238599428.0508,=11.0985,=0.1808,=17.5142,=13.4776,=11.2613
2022-11-15,=3865.9700,=5236.0700,=46431550267713.1406,=35099965038490,=17509576718974.5195,=11.1715,=0.1879,=17.5142,=13.4777,=11.2643
2022-11-14,=3794.0200,=5138.6100,=45749100720948.0469,=34539226419690,=17188479940384.5801,=11.0073,=0.1699,=17.5142,=13.4779,=11.2649
2022-11-11,=3788.4400,=5131.0600,=45750139571066.7969,=34492740566858,=17149950051072.2402,=11.0075,=0.1700,=17.5239,=13.4785,=11.2649
2022-11-10,=3685.6900,=4991.8900,=44650947150657.8828,=33613534621718,=16677057539715.7227,=10.7458,=0.1466,=17.5239,=13.4791,=11.2651
2022-11-09,=3714.2700,=5030.6000,=44884014649708.4297,=33797031436102,=16806408640330.1250,=10.8019,=0.1495,=17.5239,=13.4801,=11.2657
2022-11-08,=3749.3300,=5077.7100,=45247715995720.3438,=34094044749012,=16961024022797.0098,=10.8894,=0.1563,=17.5239,=13.4811,=11.2659
2022-11-07,=3775.3000,=5112.8800,=45494059407056.9063,=34306102850621,=17077813593245.5996,=10.9487,=0.1626,=17.5239,=13.4811,=11.2667
2022-11-04,=3767.1700,=5101.8800,=45398478558685.6953,=34187303013503,=17041096778411.7754,=10.9257,=0.1603,=17.5384,=13.4811,=11.2667
2022-11-03,=3647.9000,=4940.3400,=44132786908278.6953,=33179818169540,=16508807016938.4395,=10.6211,=0.1367,=17.5384,=13.4814,=11.2720
2022-11-02,=3677.8100,=4980.8500,=44458837934602.5000,=33415709868863,=16641774196005.1895,=10.6996,=0.1415,=17.5384,=13.4817,=11.2741
2022-11-01,=3634.1700,=4921.7600,=44024042168561.8438,=33040290259975,=16445525592365.9395,=10.5949,=0.1356,=17.5384,=13.4821,=11.2749
2022-10-31,=3508.7000,=4751.8300,=42754883410858.1875,=32032559110055,=15885036898603.4551,=10.2895,=0.1094,=17.5384,=13.4825,=11.2801
2022-10-28,=3541.3300,=4795.9200,=43265510318975.6875,=32429988482421,=15955958394356.1797,=10.3827,=0.1165,=17.5511,=13.4827,=11.2801
2022-10-27,=3631.1400,=4917.5600,=44153677827873.9297,=33124993522925,=16412380623748.5996,=10.6394,=0.1371,=17.5511,=13.4829,=11.2805
2022-10-26,=3656.9000,=4952.4400,=44378464132586.8672,=33360477495053,=16512656300666.5391,=10.6953,=0.1402,=17.5511,=13.4837,=11.2816
2022-10-25,=3627.4500,=4912.5600,=44168335613577.2813,=33203422855153,=16371918916297.1680,=10.6744,=0.1388,=17.5511,=13.4845,=11.2824
2022-10-24,=3633.3700,=4920.5800,=44249685905381.5938,=33265932567288,=16391956442935.4238,=10.7087,=0.1410,=17.5511,=13.4845,=11.2824
2022-10-21,=3742.8900,=5068.8900,=45396740723093.7422,=34192345724998,=16879313740752.7559,=11.0027,=0.1666,=17.5549,=13.4845,=11.2824
2022-10-20,=3754.9300,=5085.0500,=45489259834544.4141,=34273223843729,=16897347467563.4941,=11.0334,=0.1701,=17.5549,=13.4857,=11.2833
2022-10-19,=3776.5300,=5111.4600,=45654096206059.1563,=34396557497561,=16994307339792.8262,=11.0793,=0.1749,=17.5549,=13.4869,=11.2846
2022-10-18,=3838.2700,=5195.0200,=46268066191828.3203,=34933788811312,=17270139163731.6777,=11.2283,=0.1904,=17.5549,=13.4871,=11.2848
2022-10-17,=3846.4100,=5206.0400,=46393597958226.9453,=35043295901726,=17308391367248.7266,=11.2609,=0.1956,=17.5549,=13.4873,=11.2863
2022-10-14,=3842.4700,=5200.7000,=46365967829881.2734,=35030953576282,=17289212942178.0957,=11.2608,=0.1954,=17.5700,=13.4874,=11.2863
2022-10-13,=3752.6700,=5079.1700,=45584513796813.1406,=34356280269591,=16880627166160.6797,=11.0710,=0.1739,=17.5700,=13.4875,=11.2935
2022-10-12,=3784.3100,=5121.3800,=45949674256413.0234,=34659384377717,=17020145201159.6309,=11.1597,=0.1835,=17.5700,=13.4881,=11.2967
2022-10-11,=3727.6900,=5044.7600,=45383455096733.4688,=34241689983469,=16770892399720.1895,=11.0221,=0.1693,=17.5700,=13.4887,=11.2970
2022-10-10,=3720.9400,=5035.6200,=45365640114255.2969,=34215684074326,=16739194059893.7754,=11.0178,=0.1688,=17.5700,=13.4899,=11.2971
2022-09-30,=3804.8900,=5149.2300,=46091170046070.7656,=34890462664162,=17117132659739.2930,=11.1959,=0.1874,=17.5735,=13.4910,=11.2971
2022-09-29,=3827.1400,=5179.3500,=46235070433742.9297,=34983459093535,=17212147013087.4941,=11.2309,=0.1903,=17.5735,=13.4915,=11.2973
2022-09-28,=3828.7100,=5181.4700,=46285493174554.1953,=34952009676866,=17220547036892.9375,=11.2431,=0.1927,=17.5735,=13.4919,=11.2994
2022-09-27,=3892.3000,=5266.8700,=46866099878485.7422,=35396520182999,=17501665165626.4199,=11.3842,=0.2073,=17.5735,=13.4934,=11.3058
2022-09-26,=3836.6800,=5191.6100,=46280618233928.4609,=34942196075292,=17251792064000.2305,=11.2419,=0.1926,=17.5735,=13.4949,=11.3058
2022-09-23,=3856.0200,=5217.6500,=46676099132383.6719,=35174853170941,=17341277092747.2480,=11.3380,=0.2025,=17.5885,=13.4964,=11.3058
2022-09-22,=3869.3400,=5235.6800,=46636283469218.7422,=35228070389934,=17399409117750.1113,=11.3283,=0.2014,=17.5885,=13.4980,=11.3058
2022-09-21,=3903.7300,=5282.1200,=46894057536375.8281,=35455970656562,=17552894823755.3906,=11.3910,=0.2080,=17.5885,=13.4980,=11.3058
2022-09-20,=3932.8400,=5321.5000,=47135575949162.7969,=35665592411237,=17683650390368.0508,=11.4496,=0.2121,=17.5885,=13.4981,=11.3058
2022-09-19,=3928,=5314.3900,=47160966885376.3125,=35690569506850,=17666924828030.9063,=11.4558,=0.2133,=17.5885,=13.4984,=11.3058
2022-09-16,=3932.6800,=5320.1100,=47153186904852.9531,=35625223857908,=17690660546250.1992,=11.4539,=0.2129,=17.6162,=13.4987,=11.2994
2022-09-15,=4027.1200,=5447.8600,=48233313835522.7578,=36459358004956,=18117566857781.2500,=11.7163,=0.2464,=17.6162,=13.5009,=11.2994
2022-09-14,=4065.3600,=5499.3000,=48544165228293.2031,=36707212468589,=18281385543961.9336,=11.7918,=0.2585,=17.6162,=13.5030,=11.2994
2022-09-13,=4111.1100,=5561.1900,=49028218439309.0313,=37067165657316,=18485001645760.3945,=11.9094,=0.2774,=17.6162,=13.5030,=11.2994
2022-09-09,=4093.7900,=5537.7500,=48874171678506.9063,=36929846051756,=18410004400030.2148,=11.8719,=0.2718,=17.6162,=13.5031,=11.2994
2022-09-08,=4037.6800,=5461.8600,=48266814127524.9688,=36440201731821,=18154013195022.2539,=11.7244,=0.2476,=17.6279,=13.5033,=11.2973
2022-09-07,=4054.9800,=5485.0700,=48403815440551.7188,=36551597915220,=18230213029638.9961,=11.7577,=0.2521,=17.6279,=13.5035,=11.2973
2022-09-06,=4052.2800,=5481.4100,=48372725951632.0938,=36563483066259,=18218633775267.1641,=11.7501,=0.2512,=17.6279,=13.5043,=11.2973
2022-09-05,=4015.4300,=5431.3200,=48003938153536.0234,=36224885397080,=18059127039887.8008,=11.6606,=0.2390,=17.6279,=13.5051,=11.2973
2022-09-02,=4023.6100,=5442.3900,=47955608029592.5234,=36197867368946,=18091821547146.9805,=11.6488,=0.2365,=17.6279,=13.5051,=11.2973
2022-09-01,=4043.7400,=5469.6100,=48154982863535.0859,=36352826277941,=18181412534245.5586,=11.6972,=0.2441,=17.6835,=13.5051,=11.2971
2022-08-31,=4078.8400,=5517.0900,=48498142396696.2188,=36638136541633,=18340611140579.4492,=11.7806,=0.2555,=17.6835,=13.5057,=11.2971
2022-08-30,=4075.7900,=5512.9700,=48445224734823.1953,=36559746801720,=18291298424809.7383,=11.7865,=0.2563,=17.6835,=13.5062,=11.2971
2022-08-29,=4089.5200,=5531.5400,=48544402365591.4375,=36653963775608,=18348076433783.5742,=11.8000,=0.2582,=17.6835,=13.5065,=11.2971
2022-08-26,=4107.5500,=5555.9200,=48707124818772.4844,=36714036640613,=18424261788530.9063,=11.8863,=0.2725,=17.6835,=13.5069,=11.2971
2022-08-25,=4116.2400,=5565.1100,=48793137136913.8516,=36792382127906,=18455127593138.6016,=11.9417,=0.2808,=17.7002,=13.5069,=11.2970
2022-08-24,=4082.4200,=5517.4400,=48275869158741.1172,=36409388429818,=18313019199044.1914,=11.8353,=0.2646,=17.7002,=13.5070,=11.2970
2022-08-23,=4161.0800,=5623.7100,=49006373603465.0469,=36968044552467,=18661956017097.6992,=12.0521,=0.2959,=17.7002,=13.5074,=11.2970
2022-08-22,=4181.4000,=5650.1700,=49199581727632.7734,=37114240348654,=18740432790343.3242,=12.1086,=0.3047,=17.7002,=13.5079,=11.2970
2022-08-19,=4151.0700,=5609.1900,=48833961057487.1875,=36797186928749,=18598149195806.7305,=12.0349,=0.2934,=17.7002,=13.5081,=11.2970
2022-08-18,=4180.1000,=5647.8400,=49003716490307.9375,=36965151387212,=18711434147036.6641,=12.0843,=0.3008,=17.7228,=13.5082,=11.2967
2022-08-17,=4216.9600,=5697.4000,=49421006032222.5234,=37298883816438,=18868061588976.4219,=12.2028,=0.3196,=17.7228,=13.5093,=11.2967
2022-08-16,=4177.8400,=5644.5500,=49002899784045.1328,=36983041467659,=18691862268411.0313,=12.0963,=0.3021,=17.7228,=13.5104,=11.2967
2022-08-15,=4185.6800,=5655.0800,=49130911415827.6797,=37079043158972,=18724145812085.1289,=12.1286,=0.3084,=17.7228,=13.5106,=11.2967
2022-08-12,=4191.1500,=5662.2700,=49251353474002.1172,=37159641979887,=18749632820319.2813,=12.1633,=0.3127,=17.7228,=13.5108,=11.2967
2022-08-11,=4193.5400,=5664.8700,=49192084179124.2109,=37128068588760,=18759665220038.5703,=12.1780,=0.3142,=17.7593,=13.5120,=11.2935
2022-08-10,=4109.7400,=5551.6600,=48282897491481.0938,=36460827832183,=18378647510627.7617,=11.9535,=0.2834,=17.7593,=13.5132,=11.2935
2022-08-09,=4156.2900,=5614.2000,=48745522940200.1016,=36811643395383,=18581640343055.6836,=12.0715,=0.2992,=17.7593,=13.5133,=11.2935
2022-08-08,=4148.0700,=5603.1000,=48643051976666.8125,=36692735471500,=18546454398060.2344,=12.0474,=0.2954,=17.7593,=13.5133,=11.2935
2022-08-05,=4156.9100,=5614.4200,=48750466984096.0625,=36746133313233,=18587788720479.8906,=12.0740,=0.2993,=17.7593,=13.5134,=11.2935
2022-08-04,=4101.5400,=5535.1600,=48208737419245.2031,=36341793272634,=18340045504473.7461,=11.9377,=0.2811,=17.7611,=13.5136,=11.2863
2022-08-03,=4066.9800,=5488.4700,=47780712875425.1172,=36035851127171,=18183028269139.7188,=11.8317,=0.2648,=17.7611,=13.5138,=11.2863
2022-08-02,=4107.0200,=5542.1400,=48205594204316.1328,=36356098923972,=18364703772901.9141,=11.9424,=0.2812,=17.7611,=13.5141,=11.2863
2022-08-01,=4188.6800,=5652.3300,=49082285353408.4766,=37038388670337,=18728969647956.4883,=12.1596,=0.3112,=17.7611,=13.5148,=11.2863
2022-07-29,=4170.1000,=5627.2600,=48900922038073.6328,=36911348353923,=18651721698002.8750,=12.1146,=0.3042,=17.7611,=13.5154,=11.2863
2022-07-28,=4225.6700,=5700.5400,=49498132634549.8047,=37381582507837,=18898427277420.0508,=12.2568,=0.3283,=17.7663,=13.5154,=11.2848
2022-07-27,=4225.0400,=5698.4900,=49497615180520.4609,=37379341918197,=18901024212567.5703,=12.2577,=0.3283,=17.7663,=13.5155,=11.2848
2022-07-26,=4245.9800,=5726.7400,=49762857862592.0469,=37583945805730,=18992508006902.4453,=12.3191,=0.3365,=17.7663,=13.5171,=11.2848
2022-07-25,=4212.6400,=5681.2900,=49422595047782.6953,=37298838648494,=18839147929477.6953,=12.2391,=0.3240,=17.7663,=13.5188,=11.2848
2022-07-22,=4238.2300,=5715.4300,=49651805169889.7422,=37474406562661,=18948640391294.6016,=12.2958,=0.3329,=17.7663,=13.5192,=11.2848
2022-07-21,=4236.0600,=5711.8500,=49606119946556.8281,=37370262587036,=18940187836166.6250,=12.2845,=0.3310,=17.8002,=13.5196,=11.2846
2022-07-20,=4283.8000,=5772.1200,=50173880623580.9922,=37823180584164,=19151034003491.3672,=12.4251,=0.3490,=17.8002,=13.5203,=11.2846
2022-07-19,=4269.3400,=5752.5900,=49955263982836.8984,=37679596057622,=19084788176297.9883,=12.3710,=0.3433,=17.8002,=13.5210,=11.2846
2022-07-18,=4292.5900,=5783.6700,=50126111365839.8672,=37822353988061,=19186539551045.0469,=12.4133,=0.3475,=17.8002,=13.5229,=11.2846
2022-07-15,=4248.5300,=5724.2200,=49550965271326.0703,=37394886265469,=18986077118754.9766,=12.2709,=0.3297,=17.8002,=13.5249,=11.2846
2022-07-14,=4322.0700,=5809.3500,=50418366259273.7891,=38068991694425,=19325444125843.2266,=12.4857,=0.3562,=17.8205,=13.5264,=11.2833
2022-07-13,=4321.4600,=5807.5700,=50564965159011.5234,=38145660313293,=19330649767807.0273,=12.5220,=0.3611,=17.8205,=13.5280,=11.2833
2022-07-12,=4313.6200,=5796.1100,=50528631013986.9766,=38141074119024,=19305471543118.3086,=12.5130,=0.3597,=17.8205,=13.5284,=11.2833
2022-07-11,=4354.6200,=5844.1600,=51012476755487.5703,=38483533824292,=19487120362488.7891,=12.6328,=0.3712,=17.8205,=13.5289,=11.2833
2022-07-08,=4428.7800,=5940.2200,=51752481828575.5156,=39097882921901,=19811281887325.2969,=12.8161,=0.3892,=17.8205,=13.5293,=11.2833
2022-07-07,=4443.4700,=5955.8400,=51951274197921.6250,=39167062658906,=19880617437025.8047,=12.8653,=0.3950,=17.8225,=13.5298,=11.2824
2022-07-06,=4423.9700,=5927.9400,=51783646426618.3750,=39049212097205,=19802837345734.3086,=12.8238,=0.3908,=17.8225,=13.5309,=11.2824
2022-07-05,=4489.5400,=6014.5800,=52504286413545.1719,=39667555426027,=20100706223857,=13.0022,=0.4131,=17.8225,=13.5321,=11.2824
2022-07-04,=4496.0300,=6023.0800,=52559572922472.2031,=39655965833996,=20128984388805.1367,=13.0159,=0.4151,=17.8225,=13.5323,=11.2824
2022-07-01,=4466.7200,=5983.7400,=52245205428075.5781,=39446090170637,=19993221695186.4531,=12.9381,=0.4028,=17.8225,=13.5326,=11.2824
2022-06-30,=4485.0100,=6008.2500,=52442122114648.2969,=39588037424504,=20076557991311.3867,=12.9868,=0.4101,=17.8493,=13.5334,=11.2824
2022-06-29,=4421.3600,=5916.5200,=51878552045656.2813,=39087517224767,=19789621462054.0234,=12.8473,=0.3932,=17.8493,=13.5343,=11.2824
2022-06-28,=4490.5200,=6005.5500,=52512204163991.9375,=39593866365477,=20092570196979.3633,=13.0042,=0.4131,=17.8493,=13.5365,=11.2824
2022-06-27,=4444.2600,=5942.8600,=52112312891248.6563,=39216576926611,=19889620422466.0391,=12.9052,=0.3979,=17.8493,=13.5387,=11.2824
2022-06-24,=4394.7700,=5876.2600,=51609856921078.3281,=38808797088575,=19667132583068.5742,=12.7807,=0.3870,=17.8493,=13.5387,=11.2824
2022-06-23,=4343.8800,=5806.6300,=51192098679603.0781,=38436641272151,=19442282594267.6484,=12.6773,=0.3754,=17.8685,=13.5388,=11.2816
2022-06-22,=4270.6200,=5707.6500,=50402967140196.5234,=37817002871516,=19118353793992.9766,=12.4819,=0.3571,=17.8685,=13.5396,=11.2816
2022-06-21,=4325.5700,=5779.8000,=51029922838833.2969,=38285241903034,=19364279651663.8359,=12.6371,=0.3727,=17.8685,=13.5404,=11.2816
2022-06-20,=4330.4300,=5783.0900,=51002118004630.1094,=38282037046149,=19380936332741.7383,=12.6302,=0.3719,=17.8685,=13.5436,=11.2816
2022-06-17,=4309.0400,=5749.6400,=50931924918383.9375,=38199953797317,=19283468979618.7344,=12.6129,=0.3700,=17.8685,=13.5469,=11.2816
2022-06-16,=4250.0600,=5669.7700,=50388712931209.7031,=37728568414779,=19025710861059.1680,=12.4783,=0.3565,=18.0130,=13.5471,=11.2805
2022-06-15,=4278.2200,=5702.5000,=50823068011309.6797,=38057619618379,=19153081531185.2695,=12.5859,=0.3676,=18.0130,=13.5473,=11.2805
2022-06-14,=4222.3100,=5627.7900,=50273126236211.6875,=37610331118189,=18900454865011.0547,=12.4497,=0.3535,=18.0130,=13.5488,=11.2805
2022-06-13,=4189.3500,=5583.8200,=49754526378967.2734,=37202515157465,=18751463059091.6250,=12.3213,=0.3380,=18.0130,=13.5502,=11.2805
2022-06-10,=4238.9900,=5649.5100,=47668618320691.5234,=36962494719391,=18541085637272.2305,=12.5870,=0.3676,=18.0130,=13.5502,=11.2805
2022-06-09,=4175.6700,=5561.9800,=47011152183187.4688,=36458397376981,=18271784027388.3125,=12.4134,=0.3492,=18.0214,=13.5503,=11.2801
2022-06-08,=4219.8100,=5619.6800,=47361735109140.3828,=36743760629015,=18455945899549.3398,=12.5060,=0.3594,=18.0214,=13.5514,=11.2801
2022-06-07,=4179.1300,=5564.1100,=46908372332364.2422,=36370522260813,=18279752984783.7031,=12.3863,=0.3465,=18.0214,=13.5524,=11.2801
2022-06-06,=4166.0900,=5546.5100,=46778402203630.1797,=36249204582756,=18218679849811.3477,=12.3519,=0.3423,=18.0214,=13.5532,=11.2801
2022-06-02,=4089.5700,=5444.1700,=46135954056535.8984,=35716807210427,=17885759086746.0586,=12.1823,=0.3167,=18.0214,=13.5540,=11.2801
2022-06-01,=4083.1800,=5432.1000,=46094755855278.0859,=35706609806281,=17863573571083.7539,=12.1714,=0.3151,=18.0321,=13.5542,=11.2749
2022-05-31,=4091.5200,=5440.8600,=46206264826135.6875,=35795492733228,=17902149374300.9102,=12.2009,=0.3200,=18.0321,=13.5543,=11.2749
2022-05-30,=4029.0200,=5357.3200,=45618138365087.9375,=35292392028848,=17627885993377.4883,=12.0456,=0.2980,=18.0321,=13.5560,=11.2749
2022-05-27,=4001.3000,=5317.8000,=45386765568534.9766,=35091527022092,=17511487985591.9863,=11.9845,=0.2894,=18.0321,=13.5577,=11.2749
2022-05-26,=3993.0400,=5306.5900,=45266369777082.2344,=34969850250317,=17474118682719.7129,=11.9527,=0.2861,=18.0321,=13.5579,=11.2749
2022-05-25,=3983.1800,=5289.4700,=45137446335409.3672,=34868211868701,=17430990333438.8262,=11.9186,=0.2811,=18.0497,=13.5581,=11.2741
2022-05-24,=3959.1500,=5257.2100,=44818225398996.1328,=34647092716540,=17325964099137.1875,=11.8344,=0.2682,=18.0497,=13.5583,=11.2741
2022-05-23,=4053.9800,=5382.9800,=45689186187213.2891,=35333071155020,=17738991143496.8711,=12.0643,=0.2995,=18.0497,=13.5585,=11.2741
2022-05-20,=4077.6000,=5414.3400,=45893614872333.3594,=35529450051750,=17841477706286.8477,=12.1183,=0.3073,=18.0497,=13.5588,=11.2741
2022-05-19,=3999.6000,=5310.7000,=45112386529069.0078,=34890980336693,=17494738905878.1113,=11.9120,=0.2797,=18.0497,=13.5592,=11.2741
2022-05-18,=3991.9100,=5299.4800,=45068449799906.3359,=34832058013063,=17466913139853.7813,=11.9004,=0.2788,=18.0536,=13.5597,=11.2720
2022-05-17,=4005.8900,=5318.0500,=45222556771713.4688,=34929121006829,=17525761765288.2793,=11.9411,=0.2837,=18.0536,=13.5602,=11.2720
2022-05-16,=3956.5400,=5252.5300,=44775467414107.9219,=34559262168600,=17306170030788.0664,=11.8231,=0.2669,=18.0536,=13.5610,=11.2720
2022-05-13,=3988.6000,=5294.6000,=45058711739977.2734,=34808506291013,=17448094756564.8906,=11.8979,=0.2783,=18.0536,=13.5619,=11.2720
2022-05-12,=3958.7400,=5254.9600,=44668501463810.4766,=34490548342972,=17321319872721.5742,=11.8005,=0.2629,=18.0536,=13.5638,=11.2720
2022-05-11,=3976.4200,=5278.2500,=44829931795256.7422,=34634509817746,=17398282208145.9395,=11.8431,=0.2695,=18.0734,=13.5657,=11.2667
2022-05-10,=3919.8700,=5203.0500,=44357787879821.6641,=34255906438337,=17156805622342.7949,=11.7184,=0.2513,=18.0734,=13.5666,=11.2667
2022-05-09,=3877.4400,=5146.3600,=44005965109994.9766,=33993510830200,=16969930614712.7363,=11.6254,=0.2381,=18.0734,=13.5676,=11.2667
2022-05-06,=3908.8200,=5187.9000,=44276332405435.0781,=34215312381752,=17108190812380.6660,=11.6969,=0.2485,=18.0734,=13.5688,=11.2667
2022-05-05,=4010.2100,=5322.4500,=45323031795978.6172,=35058671884840,=17558529687882.4609,=11.8719,=0.2731,=18.0734,=13.5700,=11.2667
2022-04-29,=4016.2400,=5330.2100,=45356505569602.9219,=35072956749904,=17566635082468.1543,=11.8381,=0.2686,=18.1424,=13.5710,=11.2659
2022-04-28,=3921.1100,=5201.7500,=44407380944223.5156,=34360851433226,=17086940951760.5449,=11.5334,=0.2253,=18.1424,=13.5720,=11.2659
2022-04-27,=3895.5400,=5167.8300,=44063019891582.0156,=34041303952219,=16923843260961.0332,=11.4899,=0.2210,=18.1424,=13.5724,=11.2659
2022-04-26,=3784.1200,=5020.0300,=43136267468056.6016,=33248237400375,=16450959595673.8145,=11.2490,=0.1974,=18.1424,=13.5729,=11.2659
2022-04-25,=3814.9100,=5060.8600,=43443038378372.7734,=33445848306428,=16562773641221.1270,=11.3433,=0.2073,=18.1424,=13.5730,=11.2667
2022-04-22,=4013.2500,=5323.9800,=45428855727569.6797,=35039986084138,=17387707173939.9941,=11.8494,=0.2690,=18.1491,=13.5732,=11.2659
2022-04-21,=3995.8300,=5300.8700,=45133926964534.4375,=34831235361288,=17303734749770.3203,=11.7856,=0.2598,=18.1491,=13.5734,=11.2659
2022-04-20,=4070.7900,=5400.3000,=45864379549535.2266,=35421422493843,=17625728939396.8906,=11.9819,=0.2855,=18.1491,=13.5736,=11.2659
2022-04-19,=4134.9000,=5485.1300,=46505123756748.3281,=35934533140772,=17877434385908.0352,=12.1463,=0.3090,=18.1491,=13.5739,=11.2659
2022-04-18,=4166.3800,=5526.9000,=46694506195815.8125,=36106220941063,=18014904156939.4297,=12.2000,=0.3154,=18.1491,=13.5741,=11.2659
2022-04-15,=4188.7500,=5556.5100,=47047669491826.3516,=36363428871988,=18076193082956.7617,=12.2937,=0.3299,=18.1537,=13.5751,=11.2657
2022-04-14,=4191.5700,=5560.2500,=47105858228394.7656,=36414271891582,=18081071963003.6133,=12.3162,=0.3329,=18.1537,=13.5761,=11.2657
2022-04-13,=4139.7400,=5491.4900,=46586093250525.1875,=35948316734269,=17863133792826.2383,=12.1805,=0.3117,=18.1537,=13.5763,=11.2657
2022-04-12,=4179.9700,=5544.6300,=46920490640748.8594,=36204541685748,=18031746636775.0547,=12.2729,=0.3275,=18.1537,=13.5765,=11.2657
2022-04-11,=4100.0700,=5438.6400,=46144274770002.5469,=35572312952388,=17688883284471.6484,=12.0810,=0.2993,=18.1537,=13.5767,=11.2657
2022-04-08,=4230.7700,=5612.0100,=47368438205602.9375,=36568178407036,=18244511540844.8984,=12.4005,=0.3415,=18.1991,=13.5769,=11.2651
2022-04-07,=4209.1000,=5581.9600,=47077279175363.5156,=36352270058272,=18149972263268.3047,=12.3260,=0.3333,=18.1991,=13.5776,=11.2651
2022-04-06,=4263.8400,=5654.5500,=47648357906176.1797,=36739709156201,=18386459582275.6250,=12.4729,=0.3492,=18.1991,=13.5783,=11.2651
2022-04-01,=4276.1600,=5670.8700,=47666464390284.9375,=36796920276792,=18434647132104.7383,=12.4760,=0.3495,=18.1991,=13.5793,=11.2651
2022-03-31,=4222.6000,=5599.8400,=47097159297481.7500,=36305499494501,=18206345779692.3320,=12.3530,=0.3367,=18.1991,=13.5802,=11.2651
2022-03-30,=4254.1000,=5641.6100,=47309124926429.9219,=36484361541931,=18290575692233.6016,=12.4487,=0.3465,=18.2193,=13.5806,=11.2649
2022-03-29,=4134.1400,=5482.4200,=46227763541515.0078,=35578364317419,=17777371237186.8438,=12.1998,=0.3156,=18.2193,=13.5810,=11.2649
2022-03-28,=4148.4700,=5501.4100,=46298322911054.3672,=35651155444718,=17831059296775.4336,=12.2350,=0.3212,=18.2193,=13.5833,=11.2649
2022-03-25,=4174.5700,=5536.0400,=46375156939689.8203,=35759475103352,=17933966669297.6758,=12.2628,=0.3264,=18.2193,=13.5855,=11.2649
2022-03-24,=4251.3100,=5637.7900,=47063614538007.0703,=36322243770028,=18256656197393.9453,=12.4590,=0.3468,=18.2193,=13.5857,=11.2649
2022-03-23,=4276.5200,=5671.2300,=47278091618592.2031,=36518086845101,=18353201897614.5703,=12.5171,=0.3532,=18.2678,=13.5859,=11.2643
2022-03-22,=4255.3000,=5643.0800,=47105368237267.7813,=36230896277882,=18252395080208.0781,=12.4493,=0.3463,=18.2678,=13.5869,=11.2643
2022-03-21,=4258.7500,=5647.6600,=47019751945816.3203,=36174258791289,=18283694228604.0117,=12.4077,=0.3422,=18.2678,=13.5879,=11.2643
2022-03-18,=4265.9000,=5657.1500,=47129303413853.5313,=36269392409905,=18308565506741.0078,=12.4681,=0.3472,=18.2678,=13.5882,=11.2643
2022-03-17,=4237.7000,=5619.7400,=46740140000149.5391,=36010472932149,=18179087096540.7383,=12.3017,=0.3310,=18.2678,=13.5884,=11.2643
2022-03-16,=4156.0800,=5511.5100,=45996509417801.6406,=35395398795341,=17827846529490.9648,=12.1060,=0.3029,=18.2699,=13.5888,=11.2613
2022-03-15,=3983.8100,=5283.0600,=44332766614872.8672,=34074890642567,=17078026126854.4160,=11.6681,=0.2451,=18.2699,=13.5892,=11.2613
2022-03-14,=4174.7600,=5536.2800,=46404769887873.8359,=35706914400167,=17898269078513.4102,=12.2075,=0.3169,=18.2699,=13.5898,=11.2613
2022-03-11,=4306.5200,=5711.0200,=47719478850340.3203,=36744922238212,=18462935221147.9141,=12.5529,=0.3549,=18.2699,=13.5904,=11.2613
2022-03-10,=4292.8400,=5692.8700,=47547982530678.1094,=36622111697660,=18404416621514.3203,=12.5080,=0.3511,=18.2699,=13.5926,=11.2613
2022-03-09,=4226.3500,=5604.6900,=46970220144316.4531,=36133720267400,=18118916567175.9883,=12.3590,=0.3371,=18.2797,=13.5947,=11.2605
2022-03-08,=4265.3900,=5656.4700,=47433665228329.8906,=36491824221887,=18289318307905.6094,=12.4788,=0.3478,=18.2797,=13.5960,=11.2605
2022-03-07,=4352.7800,=5772.3600,=48375340410017.3203,=37210079832140,=18674652307985.4414,=12.7268,=0.3701,=18.2797,=13.5973,=11.2605
2022-03-04,=4496.4300,=5962.8600,=49748420907214.6016,=38302750700519,=19283503909390.8086,=13.0888,=0.4142,=18.2797,=13.5995,=11.2605
2022-03-03,=4551.6300,=6036.0600,=50278856067050.0469,=38734474935115,=19520955019274.9219,=13.2282,=0.4382,=18.2797,=13.6018,=11.2605
2022-03-02,=4578.6000,=6071.8300,=50420511891929.8750,=38902955601728,=19627984600498.4961,=13.2658,=0.4446,=18.3472,=13.6029,=11.2593
2022-03-01,=4619.6900,=6126.3100,=50752908327539.8516,=39176864500970,=19802844538694.4219,=13.3532,=0.4586,=18.3472,=13.6040,=11.2593
2022-02-28,=4581.6500,=6075.8700,=50345193922966.8281,=38849764717073,=19642774716084.2500,=13.2458,=0.4412,=18.3472,=13.6049,=11.2593
2022-02-25,=4573.4200,=6064.9600,=50213898245241.4297,=38755826678908,=19605823794835.8828,=13.2117,=0.4362,=18.3472,=13.6057,=11.2593
2022-02-24,=4529.3200,=6006.4700,=49895885235083.5625,=38479887102623,=19418855009495.6055,=13.1279,=0.4233,=18.3472,=13.6060,=11.2593
2022-02-23,=4623.0500,=6130.7700,=50827511212397.9453,=39191839350816,=19813802438253.5273,=13.3728,=0.4603,=18.4796,=13.6064,=11.2585
2022-02-22,=4574.1500,=6065.9300,=50471668338187.2813,=38892046613499,=19614273272158.2500,=13.2794,=0.4475,=18.4796,=13.6098,=11.2585
2022-02-21,=4634.3100,=6145.7100,=51044265515036.2969,=39345790051506,=19865140984710.3789,=13.4298,=0.4700,=18.4796,=13.6133,=11.2585
2022-02-18,=4651.2400,=6168.1500,=51205949220316.2500,=39456493014215,=19937193609062.7852,=13.4722,=0.4765,=18.4796,=13.6137,=11.2585
2022-02-17,=4629.1600,=6138.8800,=50955236473074.9766,=39264088278743,=19841737350229.2266,=13.4064,=0.4653,=18.4796,=13.6140,=11.2585
2022-02-16,=4617.9900,=6124.0600,=50888764717164.2891,=39203867920323,=19789954086936.3086,=13.3883,=0.4623,=18.4880,=13.6140,=11.2580
2022-02-15,=4600.1000,=6100.3400,=50675949370857.7813,=39058800895116,=19709948783688.6758,=13.3328,=0.4551,=18.4880,=13.6141,=11.2580
2022-02-14,=4551.6900,=6036.1400,=50324909252191.6563,=38684200252869,=19512316565149.7188,=13.2402,=0.4410,=18.4880,=13.6146,=11.2580
2022-02-11,=4601.4000,=6102.0600,=50904646662510.4844,=39086339705843,=19735039793900.9258,=13.3923,=0.4624,=18.4880,=13.6152,=11.2580
2022-02-10,=4639.8600,=6153.0700,=51121931348331.4063,=39222288508838,=19890555698846.2227,=13.4486,=0.4718,=18.4880,=13.6156,=11.2580
2022-02-09,=4652.0600,=6169.2500,=51120373279326.2188,=39244412015105,=19942287412002.5508,=13.4495,=0.4719,=18.4956,=13.6161,=11.2497
2022-02-08,=4608.7700,=6111.8400,=50725959473178.8203,=38933315040269,=19761782852753.0117,=13.3455,=0.4569,=18.4956,=13.6163,=11.2497
2022-02-07,=4634.0900,=6145.4100,=50712463467545.0234,=39004263648017,=19865059768606.3984,=13.3421,=0.4567,=18.4956,=13.6165,=11.2497
2022-01-28,=4563.7700,=6052.1600,=49789044642575.4219,=38345678292995,=19551285760604.7500,=13.1003,=0.4182,=18.4956,=13.6174,=11.2497
2022-01-27,=4619.8800,=6126.5700,=50422007274422.8281,=38812206578384,=19796526566481.0977,=13.2671,=0.4459,=18.4956,=13.6183,=11.2497
2022-01-26,=4712.3100,=6249.1500,=51297873894087.9531,=39505106140831,=20170780137473.3477,=13.4980,=0.4805,=18.6639,=13.6206,=11.2401
2022-01-25,=4678.4500,=6204.2400,=50929785062555.8281,=39233154610197,=20033920717333.2891,=13.4012,=0.4630,=18.6639,=13.6228,=11.2401
2022-01-24,=4786.7400,=6347.8500,=52059104227407.8672,=40099147006023,=20497856152882.5586,=13.6982,=0.5106,=18.6639,=13.6232,=11.2401
2022-01-21,=4779.3100,=6338,=51997621273150.8047,=40036085825441,=20460194671616.4609,=13.6819,=0.5078,=18.6639,=13.6228,=11.2401
2022-01-20,=4823.5100,=6396.6100,=52473283000283.5313,=40402140183245,=20644219065720.5469,=13.8063,=0.5253,=18.6639,=13.6206,=11.2401
2022-01-19,=4780.3800,=6339.4100,=52037427768528.0469,=40046931541417,=20453322968399.2891,=13.6919,=0.5093,=18.6829,=13.6183,=11.2380
2022-01-18,=4813.3500,=6383.1300,=52337349423907.7734,=40256739989617,=20591440678841.0781,=13.7704,=0.5195,=18.6829,=13.6174,=11.2380
2022-01-17,=4767.2800,=6322.0400,=51748722219066.0859,=39804283998339,=20399690979556.1211,=13.6165,=0.5000,=18.6829,=13.6165,=11.2380
2022-01-14,=4726.7300,=6268.2700,=51429923711322.5469,=39539442741369,=20225038367640.5156,=13.5326,=0.4881,=18.6829,=13.6172,=11.2380
2022-01-13,=4765.9200,=6320.2400,=51976179736499.2813,=39935467815019,=20393866136710.3398,=13.6763,=0.5074,=18.6829,=13.6183,=11.2380
2022-01-12,=4845.5800,=6425.8800,=52641395547227.4688,=40499888948551,=20731877618009.3555,=13.8512,=0.5296,=18.7074,=13.6172,=11.2372
2022-01-11,=4797.7700,=6362.4800,=52201804876266.3281,=40123527964463,=20528135771713.3008,=13.7350,=0.5147,=18.7074,=13.6161,=11.2372
2022-01-10,=4844.0500,=6423.8400,=52654584393774.7969,=40476853727043,=20717214415898.1992,=13.8539,=0.5308,=18.7074,=13.6156,=11.2372
2022-01-07,=4822.3700,=6395.1000,=52454938104844.2734,=40318396437666,=20625343778996.8359,=13.8011,=0.5245,=18.7074,=13.6152,=11.2372
2022-01-06,=4818.2300,=6389.6100,=52295871872502.3359,=40226715150551,=20603453720841.4414,=13.7593,=0.5183,=18.7074,=13.6146,=11.2372
2022-01-05,=4868.1200,=6455.7700,=52751565521387.5469,=40614430878026,=20815672981971.0898,=13.8812,=0.5334,=18.7531,=13.6141,=11.2359
2022-01-04,=4917.7700,=6521.6100,=53123097779059.8984,=40933055392849,=21017509052246.0859,=13.9785,=0.5431,=18.7531,=13.6140,=11.2359
2021-12-31,=4940.3700,=6551.5900,=53254166555172.3281,=41063799310065,=21122833606701.6680,=14.0131,=0.5484,=18.7531,=13.6140,=11.2359
2021-12-30,=4921.5100,=6526.5700,=53070909050897.2734,=40922002951472,=21044601438415.6797,=13.9651,=0.5417,=18.7531,=13.6137,=11.2359
2021-12-29,=4883.4800,=6476.1400,=52766914594005.4375,=40652296342966,=20874483342535.7148,=13.8847,=0.5339,=18.7531,=13.6133,=11.2359
2021-12-28,=4955.9600,=6572.2600,=53457813338365.3672,=41236215119241,=21188794821731.6289,=14.0668,=0.5569,=18.7576,=13.6098,=11.2351
2021-12-27,=4919.3200,=6523.6700,=53153333885489.2188,=40985771285353,=21030166297284.4102,=13.9853,=0.5443,=18.7576,=13.6064,=11.2351
2021-12-24,=4921.3400,=6526.3500,=53181860768305.5313,=41007041714799,=21037789297867.7461,=13.9925,=0.5446,=18.7576,=13.6060,=11.2351
2021-12-23,=4948.7400,=6562.6800,=53441536155182.9219,=41195208506955,=21153721334371.3477,=14.0613,=0.5554,=18.7576,=13.6057,=11.2351
2021-12-22,=4914.4500,=6517.2200,=53062523070931.0703,=40871854000885,=21011225468538.0391,=13.9618,=0.5417,=18.7576,=13.6049,=11.2351
2021-12-21,=4913.4900,=6515.9300,=53090706539700.6719,=40860611200395,=21008937685844.7891,=13.9677,=0.5423,=18.7604,=13.6040,=11.2345
2021-12-20,=4880.4200,=6472.0800,=52709997093279.7266,=40585441320485,=20863326581767.7852,=13.8667,=0.5334,=18.7604,=13.6029,=11.2345
2021-12-17,=4954.7600,=6570.6700,=53377976412799.1953,=41101822931474,=21181385043095.4531,=14.0459,=0.5525,=18.7604,=13.6018,=11.2345
2021-12-16,=5034.7300,=6676.7200,=54121792517695.0234,=41715776373466,=21518028752955.4102,=14.2415,=0.5827,=18.7604,=13.5995,=11.2345
2021-12-15,=5005.9000,=6638.4800,=53791634445455.3359,=41457573553808,=21392439625750.5703,=14.1550,=0.5727,=18.7604,=13.5973,=11.2345
2021-12-14,=5049.7000,=6696.5600,=54165904300871.4063,=41759785331851,=21580279373094.4258,=14.2545,=0.5847,=18.7854,=13.5960,=11.2343
2021-12-13,=5083.8000,=6741.7900,=54574126282167.4766,=42035696115202,=21729613280789.9453,=14.3616,=0.5976,=18.7854,=13.5947,=11.2343
2021-12-10,=5055.1200,=6703.7500,=49945760286024.1641,=39520964736913,=20132285160746.4922,=13.5133,=0.4878,=18.7854,=13.5926,=11.2343
2021-12-09,=5078.6900,=6735.0100,=50178166440321.0938,=39714665570751,=20221540125029.3789,=13.5761,=0.4970,=18.7854,=13.5947,=11.2343
2021-12-08,=4995.9300,=6625.2500,=49416615714326.4219,=39110375910410,=19898396522987.4336,=13.3701,=0.4639,=18.7854,=13.5960,=11.2343
2021-12-07,=4922.1000,=6527.3400,=48808667187531.7266,=38393625396308,=19607763242316.6992,=13.2056,=0.4408,=18.8206,=13.5973,=11.2324
2021-12-06,=4892.6200,=6488.2500,=48536090923454.9063,=38168273587830,=19494542204471.6172,=13.1319,=0.4293,=18.8206,=13.5995,=11.2324
2021-12-03,=4901.0200,=6499.3800,=48605609642323.0313,=38221251278532,=19531508947434.1641,=13.1507,=0.4321,=18.8206,=13.6018,=11.2324
2021-12-02,=4856.1600,=6439.9000,=48180425903577.3672,=37850055473969,=19354845036090.7188,=13.0356,=0.4122,=18.8206,=13.6029,=11.2324
2021-12-01,=4843.8500,=6423.5700,=48045436434951.2969,=37744110964000,=19298657258458.7852,=12.9991,=0.4074,=18.8206,=13.6040,=11.2324
2021-11-30,=4832.0300,=6407.8900,=47853906968120.9766,=37585702405636,=19243835883372.0391,=12.9473,=0.3986,=18.8452,=13.6049,=11.2316
2021-11-29,=4851.4200,=6433.6100,=47978995651690.5234,=37718115465145,=19317900656717.7813,=12.9811,=0.4043,=18.8452,=13.6057,=11.2316
2021-11-26,=4860.1300,=6445.1500,=48100778404433.1797,=37826030814922,=19348500004647.9609,=13.0141,=0.4094,=18.8452,=13.6060,=11.2316
2021-11-25,=4896.4400,=6493.3100,=48479166995394.2734,=38112631827148,=19491467289262.7031,=13.1165,=0.4253,=18.8452,=13.6064,=11.2316
2021-11-24,=4916.6600,=6520.1200,=48682691212422.6563,=38273572562431,=19569792570491.3164,=13.1715,=0.4343,=18.8452,=13.6098,=11.2316
2021-11-23,=4913.3500,=6515.7300,=48622616165914.3672,=38208072083216,=19560071483969.6328,=13.1553,=0.4325,=18.8723,=13.6133,=11.2304
2021-11-22,=4912.4000,=6514.4700,=48607966789384.7031,=38188086563818,=19549812808985.4336,=13.1513,=0.4316,=18.8723,=13.6137,=11.2304
2021-11-19,=4890.0600,=6484.8500,=48416170952643.8516,=38040820087439,=19462098274049.2617,=13.0994,=0.4218,=18.8723,=13.6140,=11.2304
2021-11-18,=4837.6200,=6415.2100,=47899869400339.6172,=37627006216447,=19249040945961.1211,=12.9597,=0.4006,=18.8723,=13.6140,=11.2304
2021-11-17,=4885.7500,=6478.9800,=48283709168209.9766,=37946244522959,=19439778975056.4023,=13.0636,=0.4160,=18.8723,=13.6141,=11.2304
2021-11-16,=4883.3200,=6475.4500,=48250429649409.7188,=37922426446410,=19429061981132.1094,=13.0546,=0.4149,=18.8749,=13.6146,=11.2298
2021-11-15,=4882.3800,=6474.2000,=48254482135995.5313,=37783829088843,=19432663553817.2109,=13.0557,=0.4153,=18.8749,=13.6152,=11.2298
2021-11-12,=4888.3700,=6482.1500,=48319249035609.0547,=37825678913183,=19457027986429.2109,=13.0732,=0.4166,=18.8749,=13.6156,=11.2298
2021-11-11,=4898.6500,=6495.7800,=48437076642308.8594,=37901096712179,=19499540483370.2422,=13.1051,=0.4219,=18.8749,=13.6161,=11.2298
2021-11-10,=4821.1900,=6393.0600,=47747549868558.4844,=37358024013254,=19185611967155.7344,=12.9185,=0.3962,=18.8749,=13.6172,=11.2298
2021-11-09,=4846.7400,=6426.9500,=48030237418389.3047,=37574780086010,=19285463104191.3398,=12.9950,=0.4075,=18.8916,=13.6183,=11.2294
2021-11-08,=4848.1800,=6428.6900,=48053985843033.3125,=37611161124238,=19287613367447.2148,=13.0014,=0.4083,=18.8916,=13.6206,=11.2294
2021-11-05,=4842.3500,=6420.9500,=47972168187730.2344,=37569272624194,=19263295567168.0156,=12.9793,=0.4047,=18.8916,=13.6228,=11.2294
2021-11-04,=4868.7400,=6455.9500,=48266027471685.0234,=37789348703180,=19374078378406.0117,=13.0588,=0.4152,=18.8916,=13.6232,=11.2294
2021-11-03,=4821.1100,=6392.7900,=47876643753531.9063,=37468892590211,=19195517532299.6016,=12.9534,=0.4009,=18.8916,=13.6236,=11.2294
2021-11-02,=4839.8500,=6417.6300,=48070638681107.2188,=37612923049372,=19255320779922.9961,=13.0059,=0.4085,=18.9726,=13.6251,=11.2261
2021-11-01,=4890.6900,=6485.0500,=48576138204173.2500,=38012869658721,=19454857635679.7578,=13.1427,=0.4280,=18.9726,=13.6265,=11.2261
2021-10-29,=4908.7700,=6509.0300,=48739558339111,=38194709732832,=19492534730874.0664,=13.3030,=0.4519,=18.9726,=13.6288,=11.2261
2021-10-28,=4864.1400,=6449.8500,=48426044339220.1016,=37929490190972,=19436705329131.7734,=13.0951,=0.4200,=18.9726,=13.6310,=11.2261
2021-10-27,=4898.1600,=6494.9700,=48892692081768.3828,=38274106356750,=19553065573173.9766,=13.1498,=0.4293,=18.9726,=13.6316,=11.2261
2021-10-26,=4963.1000,=6581.0700,=49459661484387.5625,=38712218274521,=19803843657263.5977,=13.2912,=0.4500,=19.0122,=13.6322,=11.2231
2021-10-25,=4979.5200,=6602.8500,=49650497607847.3359,=38838739283308,=19830035355235.8477,=13.3486,=0.4576,=19.0122,=13.6327,=11.2231
2021-10-22,=4959.7300,=6573.5400,=49407594459878.9766,=38652495490525,=19802698076101.0742,=13.3163,=0.4530,=19.0122,=13.6333,=11.2231
2021-10-21,=4928.0200,=6530.5300,=49237958013519.6172,=38506374604432,=19684124957889.3125,=13.2732,=0.4474,=19.0122,=13.6337,=11.2231
2021-10-20,=4910.1800,=6506.7800,=49017567437814.9375,=38355819372838,=19606490615189.0508,=13.2291,=0.4400,=19.0122,=13.6341,=11.2231
2021-10-19,=4922.7200,=6523.4000,=49176208122890.1563,=38470781207428,=19660656209055.8242,=13.2687,=0.4469,=19.0454,=13.6353,=11.2091
2021-10-18,=4874.7800,=6459.8600,=48765376779298.0078,=38139491328717,=19464682269840.3008,=13.1312,=0.4275,=19.0454,=13.6365,=11.2091
2021-10-15,=4932.1100,=6535.8400,=49193108164764.0781,=38532312757691,=19702253730377.2148,=13.2583,=0.4438,=19.0454,=13.6366,=11.2091
2021-10-14,=4913.6100,=6510.3400,=48996338181620.2266,=38363457672942,=19615990460117.4805,=13.2053,=0.4375,=19.0454,=13.6368,=11.2091
2021-10-13,=4940.1100,=6545.4400,=49204154644182.6719,=38552624912258,=19720274729037.2031,=13.2613,=0.4448,=19.0454,=13.6380,=11.2091
2021-10-12,=4883.8400,=6470.8800,=48861959886936.7578,=38242307078021,=19502624343321.0508,=13.1835,=0.4347,=19.1085,=13.6393,=11.2046
2021-10-11,=4936.1900,=6540.2500,=49352179694887.8281,=38601615172131,=19709779866714.9883,=13.3168,=0.4520,=19.1085,=13.6399,=11.2046
2021-10-08,=4929.9400,=6531.9700,=49234823790150.9922,=38527597984968,=19685457520050.2383,=13.2851,=0.4489,=19.1085,=13.6405,=11.2046
2021-09-30,=4866.3800,=6447.7500,=48594336464427.4688,=38029108814846,=19432199698875.0977,=13.1123,=0.4240,=19.1085,=13.6413,=11.2046
2021-09-29,=4833.9300,=6404.7500,=48353279509494.8984,=37808796849468,=19314562654343.5508,=13.0472,=0.4154,=19.1085,=13.6420,=11.2046
2021-09-28,=4883.8300,=6470.8300,=48900095338254.6406,=38253614893730,=19510476050991.2539,=13.1971,=0.4362,=19.1259,=13.6435,=11.2010
2021-09-27,=4877.3700,=6462.2700,=48707968814259.9688,=38141982206431,=19473970026854.4219,=13.1453,=0.4294,=19.1259,=13.6450,=11.2010
2021-09-24,=4849.4300,=6425.2500,=48507932682493.4766,=37862703482528,=19371012390243.4023,=13.0890,=0.4205,=19.1259,=13.6456,=11.2010
2021-09-23,=4853.2000,=6430.2400,=48647772048301.0234,=37927648025986,=19385660498180.3203,=13.1267,=0.4271,=19.1259,=13.6461,=11.2010
2021-09-22,=4821.7700,=6388.6000,=48385523089458.0859,=37735539549961,=19262025176356.3789,=13.0559,=0.4169,=19.1259,=13.6465,=11.2010
2021-09-17,=4855.9400,=6433.8400,=48606726503874.9688,=37830452153030,=19397423881548.2852,=13.1156,=0.4248,=19.1826,=13.6468,=11.1994
2021-09-16,=4807.7000,=6368.8200,=48282181872554.8828,=37553308009241,=19195122495336.9922,=13.0280,=0.4134,=19.1826,=13.6473,=11.1994
2021-09-15,=4867.3200,=6447.8000,=48837948510905.8203,=37958865807970,=19417614911283.8438,=13.1780,=0.4330,=19.1826,=13.6479,=11.1994
2021-09-14,=4917.1600,=6513.8300,=49248747138394.0703,=38287230608058,=19609683528536.8242,=13.2888,=0.4476,=19.1826,=13.6513,=11.1994
2021-09-13,=4991.6600,=6612.5200,=49984108916900.5234,=38817608654991,=19907938377315.3164,=13.4873,=0.4757,=19.1826,=13.6548,=11.1994
2021-09-10,=5013.5200,=6641.4800,=49998010535479.1563,=38866204864147,=19987975405885.8633,=13.4910,=0.4764,=19.1944,=13.6563,=11.1977
2021-09-09,=4970.0100,=6583.8400,=49699952967186.2344,=38587370734237,=19806809386500.9844,=13.4106,=0.4622,=19.1944,=13.6577,=11.1977
2021-09-08,=4972.1300,=6586.6500,=49594285613899.8203,=38500762755782,=19806906356522.2813,=13.3821,=0.4586,=19.1944,=13.6590,=11.1977
2021-09-07,=4992.8300,=6614.0700,=49695224707092.1563,=38617395138074,=19887948559946.8711,=13.4093,=0.4617,=19.1944,=13.6603,=11.1977
2021-09-06,=4933.7300,=6535.7700,=49123837330709.1094,=38154863776197,=19648356156994.7695,=13.2551,=0.4425,=19.1944,=13.6608,=11.1977
2021-09-03,=4843.0600,=6415.6700,=48338553529403.1484,=37537739098662,=19288011438031.9648,=13.0432,=0.4163,=19.2301,=13.6613,=11.1969
2021-09-02,=4869.4100,=6450.5700,=48508696639216.8906,=37677756788846,=19386473399597.9766,=13.0892,=0.4212,=19.2301,=13.6623,=11.1969
2021-09-01,=4869.4600,=6450.6400,=48461403844967.4531,=37608103720780,=19391592373990.8906,=13.0764,=0.4188,=19.2301,=13.6633,=11.1969
2021-08-31,=4805.6100,=6366.0600,=47795817236438.5078,=37090404442920,=19136029435347.6289,=12.8968,=0.3983,=19.2301,=13.6637,=11.1969
2021-08-30,=4813.2700,=6376.2000,=47669808821596.2188,=37050073270753,=19113832828725.7617,=13.0708,=0.4183,=19.2301,=13.6641,=11.1969
2021-08-27,=4827.0400,=6394.4500,=47805260132162.7813,=37120315713001,=19108628204626.6758,=13.4215,=0.4635,=19.2417,=13.6646,=11.1964
2021-08-26,=4801.6100,=6360.3900,=47562781571250.9063,=36912553575693,=18831536377314.8867,=13.4500,=0.4669,=19.2417,=13.6651,=11.1964
2021-08-25,=4898.1600,=6488.2800,=48393613484608.4844,=37583313061677,=19212103940844.0039,=13.6848,=0.5026,=19.2417,=13.6663,=11.1964
2021-08-24,=4888.3900,=6472.2700,=48268320650853.6484,=37434915124060,=19178514581015.9688,=13.6651,=0.5000,=19.2417,=13.6651,=11.1964
2021-08-23,=4835.8800,=6402.7500,=47812932985261,=37038394132885,=18955220965536.5430,=13.5602,=0.4863,=19.2417,=13.6658,=11.1964
2021-08-20,=4769.2700,=6309.7800,=47245529079226.0156,=36590114725379,=18684253411431.3164,=13.4162,=0.4628,=19.2467,=13.6675,=11.1959
2021-08-19,=4862.1400,=6430.0500,=47974061027957.1172,=37237390363444,=19038285533987.5195,=13.6468,=0.4979,=19.2467,=13.6677,=11.1959
2021-08-18,=4894.2400,=6472.3600,=48347084396331.9688,=37505993060024,=19171508715293.1680,=13.7391,=0.5090,=19.2467,=13.6678,=11.1959
2021-08-17,=4837.4000,=6396.8600,=47737926297860.4219,=37023199790733,=18891347247009.8086,=13.5802,=0.4896,=19.2467,=13.6677,=11.1959
2021-08-16,=4941.0700,=6533.7200,=48629300074954.1406,=37756173178720,=19294137618363.3672,=13.8407,=0.5214,=19.2467,=13.6678,=11.1959
2021-08-13,=4945.9800,=6538.5200,=48622542099273.5547,=37749375192536,=19307898501591.1406,=13.8761,=0.5260,=19.2532,=13.6677,=11.1957
2021-08-12,=4973.3500,=6573.9900,=48863380142208.2578,=37885376912559,=19311084270118.1484,=13.9498,=0.5322,=19.2532,=13.6675,=11.1957
2021-08-11,=5015.3400,=6629.4400,=49174214672010.2188,=38175305698019,=19474697707212.2852,=14.0388,=0.5431,=19.2532,=13.6658,=11.1957
2021-08-10,=5043.1500,=6666.1800,=49287360912740.8281,=38328559049920,=19573172937651.6172,=14.0726,=0.5483,=19.2532,=13.6641,=11.1957
2021-08-09,=4985.5600,=6589.9700,=48758835633690.7188,=37860584708143,=19343467661366.1094,=13.9401,=0.5316,=19.2532,=13.6637,=11.1957
2021-08-06,=4921.5600,=6505.2700,=48165629031890.7813,=37368333748132,=19088412935503.3672,=13.7731,=0.5133,=19.2621,=13.6633,=11.1932
2021-08-05,=4948.6700,=6539.8800,=48379593996367.2969,=37540634089756,=19171723187659.0742,=13.8372,=0.5215,=19.2621,=13.6623,=11.1932
2021-08-04,=4978.8500,=6579.5700,=48664593974146.6875,=37762713556584,=19289860124499.2422,=13.9189,=0.5295,=19.2621,=13.6613,=11.1932
2021-08-03,=4934.4600,=6520.5700,=48346707085574.6172,=37506270211784,=19123528669950.1016,=13.8282,=0.5208,=19.2621,=13.6608,=11.1932
2021-08-02,=4933.7400,=6519.6100,=48435176042973.2344,=37537966390715,=19127541734747.9492,=13.8538,=0.5239,=19.2621,=13.6603,=11.1932
2021-07-30,=4811.1700,=6357.6500,=47320053431652.6094,=36643845601479,=18646510942694.8086,=13.5503,=0.4860,=19.2696,=13.6590,=11.1908
2021-07-29,=4850.2700,=6407.1000,=47653993384180.5625,=36955752333798,=18797195998781.0703,=13.6675,=0.5010,=19.2696,=13.6603,=11.1908
2021-07-28,=4760.4800,=6286.7800,=47008922324669.3828,=36440749139253,=18453483746875.4844,=13.4825,=0.4754,=19.2696,=13.6590,=11.1908
2021-07-27,=4751.3100,=6273.9100,=46973937066366.8828,=36391822469862,=18417885747119.5430,=13.4628,=0.4707,=19.2696,=13.6603,=11.1908
2021-07-26,=4925.3000,=6503.3500,=48447385173478.1484,=37568402375355,=19086651455449.1172,=13.8852,=0.5259,=19.2696,=13.6608,=11.1908
2021-07-23,=5089.2300,=6719.8100,=49922314625900.5625,=38760305984748,=19721521530493.7344,=14.3164,=0.5818,=19.2772,=13.6603,=11.1894
2021-07-22,=5151.7500,=6801.8900,=50374706498916.1016,=39153778741614,=19957121992324.9727,=14.4461,=0.5966,=19.2772,=13.6590,=11.1894
2021-07-21,=5144.0400,=6790.9800,=50224206250632.2734,=39073558321643,=19918739940112.5234,=14.4029,=0.5924,=19.2772,=13.6577,=11.1894
2021-07-20,=5108.9900,=6741.7400,=49937758661199.6875,=38873778219412,=19786802198628.8008,=14.3199,=0.5822,=19.2772,=13.6563,=11.1894
2021-07-19,=5113.4900,=6747.1600,=50028189533991.1563,=38924215368361,=19809127953903.5586,=14.3459,=0.5856,=19.2772,=13.6548,=11.1894
2021-07-16,=5094.7700,=6722.1100,=49924445861995.1563,=38803499048602,=19742677092073.0703,=14.3161,=0.5823,=19.2942,=13.6513,=11.1891
2021-07-15,=5151.4600,=6792.0900,=50393245367483.8594,=39193561875856,=19960835800797.4492,=14.4505,=0.5976,=19.2942,=13.6479,=11.1891
2021-07-14,=5083.0800,=6700.3400,=49905899097528.2109,=38728816267093,=19688158084566.6719,=14.3108,=0.5820,=19.2942,=13.6470,=11.1891
2021-07-13,=5142.1000,=6777.8700,=50513077992439.1250,=39159608425914,=19923214122659.8672,=14.4849,=0.6019,=19.2942,=13.6461,=11.1891
2021-07-12,=5132.7100,=6757.0300,=50409166965066.2188,=39059747658319,=19890800452879.5586,=14.4551,=0.5985,=19.2942,=13.6456,=11.1891
2021-07-09,=5069.4400,=6671.8100,=50017031328414.8438,=38721636202237,=19646761441877.6133,=14.3427,=0.5853,=19.3082,=13.6450,=11.1850
2021-07-08,=5088.2600,=6690.4900,=50217535138557.2578,=38881349978031,=19719927951942.7813,=14.4002,=0.5923,=19.3082,=13.6435,=11.1850
2021-07-07,=5140.4900,=6757.1600,=50767918248092.1172,=39295910776246,=19930401058406.3008,=14.5580,=0.6089,=19.3082,=13.6420,=11.1850
2021-07-06,=5083.1000,=6679.8300,=50387674817500.8203,=38975252424953,=19712000448438.9727,=14.4489,=0.5976,=19.3082,=13.6413,=11.1850
2021-07-05,=5085.7900,=6678.4000,=50399948296832.9141,=38992464411629,=19715597155387.0547,=14.4525,=0.5980,=19.3082,=13.6405,=11.1850
2021-07-02,=5081.1200,=6672.1100,=50310212884234.9688,=38957950218929,=19701334475268.5391,=14.4267,=0.5956,=19.3385,=13.6399,=11.1835
2021-07-01,=5229.6600,=6867,=51581900783774.2656,=40010068601116,=20279182028652.8398,=14.7914,=0.6300,=19.3385,=13.6393,=11.1835
2021-06-30,=5224.0400,=6859.0600,=51530205475839.7891,=39913274180687,=20250397477822.0313,=14.7740,=0.6281,=19.3385,=13.6380,=11.1835
2021-06-29,=5190.5400,=6811.7500,=51229072147896.3828,=39690838171457,=20112613200248.6484,=14.6877,=0.6225,=19.3385,=13.6368,=11.1835
2021-06-28,=5251.7600,=6887.6300,=51814288426427.0156,=40132158195271,=20351209357839.5352,=14.8555,=0.6348,=19.3385,=13.6366,=11.1835
2021-06-25,=5239.9700,=6871.8500,=51802284123534.6719,=40080677332726,=20319327623631.2734,=14.8520,=0.6339,=19.3602,=13.6365,=11.1814
2021-06-24,=5155.9700,=6756.9200,=51030195664799.9609,=39488609042294,=19993733124994.3711,=14.6307,=0.6156,=19.3602,=13.6353,=11.1814
2021-06-23,=5147.3900,=6743.9200,=50918570019466.4609,=39384421936906,=19962276472860.9648,=14.5987,=0.6140,=19.3602,=13.6341,=11.1814
2021-06-22,=5122.1600,=6710.1500,=50760562301267.9219,=39271142743350,=19862463168665.1523,=14.5534,=0.6093,=19.3602,=13.6337,=11.1814
2021-06-21,=5090.3900,=6668.1000,=50432341116626.5391,=38986217210126,=19736540868405.1250,=14.4593,=0.6003,=19.3602,=13.6333,=11.1814
2021-06-18,=5102.4700,=6683.8000,=50551818713576.6484,=38997932021522,=19785648352598.2969,=14.4935,=0.6035,=19.3656,=13.6327,=11.1805
2021-06-17,=5101.8900,=6680.6100,=50573062807567.6094,=39045014125604,=19786787929342.6992,=14.4996,=0.6044,=19.3656,=13.6322,=11.1805
2021-06-16,=5080.4900,=6648.2200,=50506624878198.2422,=39009013963943,=19709064913380.3398,=14.4806,=0.6025,=19.3656,=13.6316,=11.1805
2021-06-15,=5166.5600,=6759.6500,=51174050628703.0391,=39531909625852,=20031920296800.8828,=14.6719,=0.6213,=19.3656,=13.6310,=11.1805
2021-06-11,=5224.7000,=6835.5900,=50335665420236.2969,=39245523402721,=19807995063681.2578,=14.3474,=0.5889,=19.3656,=13.6288,=11.1805
2021-06-10,=5271.4700,=6894.2700,=50690804559339.8672,=39555584565436,=19978656807049.3555,=14.4486,=0.5994,=19.3682,=13.6265,=11.1770
2021-06-09,=5236.4500,=6848.0200,=50433265608652.2188,=39335349486499,=19846350361287.5469,=14.3752,=0.5925,=19.3682,=13.6251,=11.1770
2021-06-08,=5232.1200,=6841.1400,=50363943322068.9688,=39258340917323,=19827602760176.6406,=14.3554,=0.5903,=19.3682,=13.6236,=11.1770
2021-06-07,=5277.6300,=6900.2400,=50688053071301.0234,=39574269894209,=19994530768349.7539,=14.4478,=0.5989,=19.3682,=13.6232,=11.1770
2021-06-04,=5282.2800,=6905.4100,=50704901217743.7734,=39595514643492,=20014174840471.0117,=14.4526,=0.5995,=19.3682,=13.6228,=11.1770
2021-06-03,=5255.2900,=6866.6600,=50490082999174.5781,=39405383438794,=19911183803285.6914,=14.3914,=0.5941,=19.4069,=13.6206,=11.1763
2021-06-02,=5289.9700,=6910.7500,=50770156416894.6250,=39588060111689,=20040651802857.7813,=14.4712,=0.6014,=19.4069,=13.6183,=11.1763
2021-06-01,=5341.6800,=6975.5000,=51158342338068.3984,=39887661704598,=20235281818301.7148,=14.5818,=0.6112,=19.4069,=13.6172,=11.1763
2021-05-31,=5331.5700,=6961.7700,=51071820231337.9297,=39825301585284,=20205007431560.0781,=14.5572,=0.6086,=19.4069,=13.6161,=11.1763
2021-05-28,=5321.0900,=6947.2600,=51093675986654.3750,=39816834847935,=20168132366568.6133,=14.5634,=0.6092,=19.4069,=13.6156,=11.1763
2021-05-27,=5338.2300,=6968.4000,=51197507145060.4609,=39923980459754,=20232380065568.2773,=14.5930,=0.6119,=19.4685,=13.6152,=11.1761
2021-05-26,=5320.5900,=6945.1900,=51077580311847.4531,=39815172129262,=20161555634682.3594,=14.5588,=0.6090,=19.4685,=13.6146,=11.1761
2021-05-25,=5318.4800,=6942.3200,=51012819587109.2734,=39784996082929,=20149781361748.8828,=14.5404,=0.6082,=19.4685,=13.6141,=11.1761
2021-05-24,=5155.5900,=6729.6200,=49589338787445.6484,=38631714581137,=19524825054876.3516,=14.1346,=0.5672,=19.4685,=13.6140,=11.1761
2021-05-21,=5134.1500,=6701.6100,=49423551013172.9531,=38467963500666,=19446890373788.1719,=14.0874,=0.5572,=19.4685,=13.6140,=11.1761
2021-05-20,=5186.4100,=6768.4200,=49869589527655.2969,=38815402588683,=19644429474286.4492,=14.2145,=0.5762,=19.5119,=13.6137,=11.1751
2021-05-19,=5172.2700,=6749.6700,=49778876695547.2500,=38742095048173,=19585787593902.1914,=14.1887,=0.5735,=19.5119,=13.6133,=11.1751
2021-05-18,=5187.6000,=6768.6800,=49974218811616.3281,=38897585569163,=19651663534488.1367,=14.2443,=0.5793,=19.5119,=13.6098,=11.1751
2021-05-17,=5184.9900,=6765.2600,=49898095702608.0703,=38828042683142,=19639503733011.8008,=14.2226,=0.5772,=19.5119,=13.6064,=11.1751
2021-05-14,=5110.5900,=6667.3100,=49318982339609.3984,=38308613340762,=19360838058946.1016,=14.0576,=0.5512,=19.5119,=13.6060,=11.1751
2021-05-13,=4992.9700,=6513.2600,=48301165595163.6172,=37518078519984,=18921322165126.0195,=13.7675,=0.5194,=19.5287,=13.6057,=11.1737
2021-05-12,=5044.5500,=6580.4800,=48751692476974.1875,=37843935055497,=19116243337930.9219,=13.8959,=0.5339,=19.5287,=13.6049,=11.1737
2021-05-11,=5023.0600,=6552.0300,=48501190587453.6250,=37646012129020,=19033272653105.7109,=13.8245,=0.5269,=19.5287,=13.6040,=11.1737
2021-05-10,=4992.4200,=6512.0300,=48253278529945.0938,=37397963734181,=18915000518110.8945,=13.7538,=0.5188,=19.5287,=13.6029,=11.1737
2021-05-07,=4996.0500,=6516.5900,=48187847955661.9766,=37301141711580,=18927483313294.2813,=13.7352,=0.5164,=19.5287,=13.6018,=11.1737
2021-05-06,=5061.1200,=6601.4100,=48596819376045.4688,=37668213446358,=19176239728246.5391,=13.8517,=0.5293,=19.5785,=13.5995,=11.1721
2021-04-30,=5123.4900,=6682.7500,=49023500623622.6016,=37997377771307,=19403656373508.0391,=13.9733,=0.5394,=19.5785,=13.5973,=11.1721
2021-04-29,=5164.1700,=6735.6500,=49546784947681.3438,=38326259412656,=19386059639152.9805,=14.4135,=0.5954,=19.5785,=13.5960,=11.1721
2021-04-28,=5119.2400,=6677.0500,=49148889942532.6172,=38014816218219,=19153101653273.3516,=14.6339,=0.6127,=19.5785,=13.5947,=11.1721
2021-04-27,=5090.5200,=6639.5900,=48928988507206.0313,=37808052791001,=19015856373872.5469,=14.6330,=0.6126,=19.5785,=13.5926,=11.1721
2021-04-26,=5077.2400,=6622.2700,=48841743885732.2422,=37708590654193,=18891572898592.9609,=14.6916,=0.6192,=19.5868,=13.5904,=11.1676
2021-04-23,=5135.4500,=6697.4900,=49380250542524.1406,=38121506018483,=19096529785287.8125,=14.8851,=0.6337,=19.5868,=13.5898,=11.1676
2021-04-22,=5089.2400,=6637.2300,=49079479777202.3828,=37832597690995,=18902380621122.4258,=14.8129,=0.6282,=19.5868,=13.5892,=11.1676
2021-04-21,=5098.7400,=6644.4100,=49202225898004.7266,=37918851347314,=18933836468959.7070,=14.8566,=0.6312,=19.5868,=13.5888,=11.1676
2021-04-20,=5083.3700,=6624.3700,=49140463120807.7266,=37855563526601,=18852517774419.6484,=14.8527,=0.6306,=19.5868,=13.5884,=11.1676
2021-04-19,=5087.0200,=6628.9200,=49234096694385.5234,=37898871800028,=18865594039289.5391,=14.9012,=0.6351,=19.5927,=13.5882,=11.1606
2021-04-16,=4966.1800,=6471.4600,=48277036363297.4297,=37116921077297,=18400646727024.6016,=14.6376,=0.6150,=19.5927,=13.5879,=11.1606
2021-04-15,=4948.9700,=6449.0300,=48048761656389.4688,=36919367766134,=18315352332025.9609,=14.7801,=0.6262,=19.5927,=13.5869,=11.1606
2021-04-14,=4980.6300,=6490.2800,=48344722553470.4063,=37150760500543,=18430319969487.2930,=14.8848,=0.6333,=19.5927,=13.5859,=11.1606
2021-04-13,=4939.6400,=6436.8700,=48068900881281.7344,=36908711769369,=18279657049324.4492,=14.7994,=0.6273,=19.5927,=13.5857,=11.1606
2021-04-12,=4947.7500,=6447.4300,=48157121821689.6328,=37015033646093,=18303510161841.7188,=14.8531,=0.6308,=19.5981,=13.5855,=11.1588
2021-04-09,=5035.3400,=6561.5700,=48776079980098.8828,=37509491319210,=18601479563430.2813,=15.0737,=0.6476,=19.5981,=13.5833,=11.1588
2021-04-08,=5112.2100,=6661.7400,=49424049613677.0234,=38029272263085,=18881111748576.4414,=15.2740,=0.6632,=19.5981,=13.5810,=11.1588
2021-04-07,=5103.7400,=6650.7100,=49342065561493.0078,=37964751514538,=18852585077072.2266,=15.2486,=0.6616,=19.5981,=13.5797,=11.1588
2021-04-06,=5140.3400,=6698.4000,=49592254398324.6719,=38203632582348,=18987414219807.8359,=15.3259,=0.6690,=19.5981,=13.5783,=11.1588
2021-04-02,=5161.5600,=6726.0500,=49730829395912.8594,=38368284633100,=19062968800357.3398,=15.3733,=0.6735,=19.6034,=13.5776,=11.1579
2021-04-01,=5110.7800,=6659.8800,=49381196393588.4063,=38016530587022,=18875658967504.7305,=15.2692,=0.6631,=19.6034,=13.5769,=11.1579
2021-03-31,=5048.3600,=6578.3000,=48935215522491.2188,=37619131999880,=18638102133749.9688,=15.1337,=0.6543,=19.6034,=13.5767,=11.1579
2021-03-30,=5094.7300,=6638.6300,=49222845617457.6094,=37886018655381,=18650866668245.3281,=15.4000,=0.6761,=19.6034,=13.5765,=11.1579
2021-03-29,=5046.8800,=6576.2800,=48811752555471.5625,=37533000844051,=18399409139996.5391,=15.3184,=0.6680,=19.6034,=13.5753,=11.1579
2021-03-26,=5037.9900,=6564.7000,=48622011447773.4297,=37382497788897,=18356609153984.1133,=15.5410,=0.6919,=19.6068,=13.5741,=11.1568
2021-03-25,=4926.3500,=6419.2200,=47726792420770.0469,=36665365449281,=17945441355255.9180,=15.2937,=0.6658,=19.6068,=13.5739,=11.1568
2021-03-24,=4928.6900,=6422.2700,=47768773389873.7109,=36704270382102,=17961667901300.7734,=15.3201,=0.6686,=19.6068,=13.5736,=11.1568
2021-03-23,=5009.2500,=6527.2400,=48467549351931,=37235339869005,=18255360477808.8438,=15.5388,=0.6904,=19.6068,=13.5734,=11.1568
2021-03-22,=5057.1500,=6589.6700,=48880751929269.6875,=37561043816098,=18428009613947.0898,=15.6674,=0.7050,=19.6068,=13.5732,=11.1568
2021-03-19,=5007.0900,=6524.4300,=48410333157151.1484,=37209032110414,=18238876504475.4570,=15.5478,=0.6931,=19.6248,=13.5730,=11.1561
2021-03-18,=5141.7700,=6699.9200,=49642243200492.5781,=38173669360313,=18724579905469.9180,=15.9484,=0.7288,=19.6248,=13.5729,=11.1561
2021-03-17,=5100.8600,=6646.6200,=49345664176592.1328,=37895194192828,=18568330536812.8359,=15.8574,=0.7223,=19.6248,=13.5724,=11.1561
2021-03-16,=5079.3600,=6618.6100,=49313029684497.0234,=37811522189920,=18497691405782.0820,=15.8496,=0.7220,=19.6248,=13.5720,=11.1561
2021-03-15,=5035.5400,=6561.5100,=48880962650942.1641,=37495583204958,=18337891166860.9883,=15.7232,=0.7119,=19.6248,=13.5710,=11.1561
2021-03-12,=5146.3800,=6705.9300,=49633432051566.5000,=38145388780977,=18733821342819.2891,=15.9806,=0.7317,=19.6268,=13.5700,=11.1529
2021-03-11,=5128.2200,=6682.2700,=49493700274784.8438,=38004567864178,=18640527515763.7188,=15.9355,=0.7282,=19.6268,=13.5688,=11.1529
2021-03-10,=5003.6100,=6519.9000,=48356124843758.5938,=37127078616768,=18177791200337.3008,=15.5836,=0.6977,=19.6268,=13.5676,=11.1529
2021-03-09,=4971,=6477.4100,=48207770660367.3203,=36970539443348,=18059840888398.0508,=15.5358,=0.6914,=19.6268,=13.5666,=11.1529
2021-03-08,=5080.0200,=6619.3500,=49127442246412.4609,=37674901995734,=18455374114428.4688,=15.8322,=0.7198,=19.6268,=13.5657,=11.1529
2021-03-05,=5262.8000,=6857.5100,=50610907764344.4219,=38891522067758,=19111113889790.1016,=16.3102,=0.7461,=19.6449,=13.5638,=11.1524
2021-03-04,=5280.7100,=6880.8400,=50660934814727.4297,=38938104003913,=19175867024600.1133,=16.3271,=0.7465,=19.6449,=13.5619,=11.1524
2021-03-03,=5452.2100,=7104.3200,=51998092128970.7656,=40032109909639,=19793617994120.2969,=16.7581,=0.7614,=19.6449,=13.5605,=11.1524
2021-03-02,=5349.6300,=6970.6500,=50920833429803.3828,=39268266354799,=19406916603680.9219,=16.4109,=0.7487,=19.6449,=13.5592,=11.1524
2021-03-01,=5418.7800,=7060.7600,=51613538633515.9219,=39786569929004,=19663895338248.5625,=16.6367,=0.7577,=19.6449,=13.5588,=11.1524
2021-02-26,=5336.7600,=6953.8800,=51000125677736.6563,=39224823533709,=19369500768547.5078,=16.4389,=0.7496,=19.6656,=13.5585,=11.1495
2021-02-25,=5469.5600,=7126.9200,=52227697905371.6563,=40134238893765,=19859105222226.0820,=16.8346,=0.7646,=19.6656,=13.5583,=11.1495
2021-02-24,=5437.5700,=7085.2400,=51806339114938.7031,=39859511408272,=19739334674122.8438,=16.6988,=0.7593,=19.6656,=13.5581,=11.1495
2021-02-23,=5579.6700,=7270.4000,=53125110075788.5625,=40911249442296,=20259640902582.9766,=17.1239,=0.7712,=19.6656,=13.5579,=11.1495
2021-02-22,=5597.3300,=7293.4100,=53285800939897.4688,=41009769460841,=20311123157158.7695,=17.1757,=0.7719,=19.6656,=13.5577,=11.1495
2021-02-19,=5778.8400,=7529.9200,=54566403175501.7891,=42142189345219,=20965939052814.1602,=17.5885,=0.7799,=19.6674,=13.5560,=11.1474
2021-02-18,=5768.3800,=7516.2900,=54462112912557.5938,=42056493673332,=20941347948361.0859,=17.5549,=0.7793,=19.6674,=13.5543,=11.1474
2021-02-10,=5807.7200,=7567.5500,=54688692276133.7031,=42250044700214,=21084958355707.4688,=17.6279,=0.7803,=19.6674,=13.5542,=11.1474
2021-02-09,=5686.2500,=7409.2700,=53575977912398.6875,=41359042646139,=20649084724027.8516,=17.2692,=0.7756,=19.6674,=13.5540,=11.1474
2021-02-08,=5564.5600,=7250.7100,=52576094436010.6563,=40535919510761,=20212056286296.3906,=16.9469,=0.7688,=19.6674,=13.5532,=11.1474
2021-02-05,=5483.4100,=7144.9800,=51972043005685.3594,=39935154562831,=19920063460532.4258,=16.7522,=0.7625,=19.6895,=13.5524,=11.1470
2021-02-04,=5473.9500,=7132.6400,=51788660286593.7344,=39811893148619,=19873393241564.7188,=16.6931,=0.7608,=19.6895,=13.5513,=11.1470
2021-02-03,=5485.2000,=7147.3000,=51887244390930.2891,=39865368622035,=19906457750105.0703,=16.8346,=0.7657,=19.6895,=13.5502,=11.1470
2021-02-02,=5501.0900,=7168.0100,=52086523404868.9141,=39975205231128,=19958876041935.6133,=16.8993,=0.7675,=19.6895,=13.5488,=11.1470
2021-02-01,=5417.6500,=7059.2800,=51455168876073.2344,=39424547145847,=19668187702804.1289,=16.7050,=0.7614,=19.6895,=13.5473,=11.1470
2021-01-29,=5351.9600,=6973.6900,=50957652206932.7813,=38990333019800,=19427372899462.0391,=16.5435,=0.7570,=19.6952,=13.5471,=11.1460
2021-01-28,=5377.1400,=7006.5000,=51093304157768.5234,=39116224705109,=19517442243730.1406,=16.5875,=0.7579,=19.6952,=13.5469,=11.1460
2021-01-27,=5528,=7203.0800,=52266332000457.7500,=40048190536383,=20057658910589.4805,=16.9684,=0.7688,=19.6952,=13.5436,=11.1460
2021-01-26,=5512.9700,=7183.4800,=52126759837949.0391,=39989264123460,=19994105700495.4063,=16.9231,=0.7682,=19.6952,=13.5404,=11.1460
2021-01-25,=5625.9200,=7330.6700,=52994120474807.1016,=40694416535873,=20398069274873.8281,=17.2046,=0.7728,=19.6952,=13.5396,=11.1460
2021-01-22,=5569.7800,=7257.5100,=52470831097316.5234,=40263716246180,=20194441827588.0117,=17.0492,=0.7702,=19.7037,=13.5388,=11.1423
2021-01-21,=5564.9700,=7251.2400,=52618572776518.6875,=40346666246263,=20180280154406.6211,=17.0972,=0.7712,=19.7037,=13.5387,=11.1423
2021-01-20,=5476.4300,=7135.8800,=51946441176004.7188,=39665030971342,=19860579040518.0781,=16.8788,=0.7677,=19.7037,=13.5387,=11.1423
2021-01-19,=5437.5200,=7085.1800,=51728373136070.2109,=39449048065337,=19721169154761.6328,=16.8080,=0.7661,=19.7037,=13.5365,=11.1423
2021-01-18,=5518.5200,=7190.7200,=52270965716692.7734,=39936895778449,=20005179226893.3242,=16.9843,=0.7697,=19.7037,=13.5343,=11.1423
2021-01-15,=5458.0800,=7111.9700,=51895417385174.0859,=39623871560771,=19785645672273.0430,=16.7319,=0.7634,=19.7108,=13.5332,=11.1409
2021-01-14,=5470.4600,=7128.0900,=51936109952168.1875,=39718396288445,=19817728158146.1367,=16.7450,=0.7638,=19.7108,=13.5321,=11.1409
2021-01-13,=5577.9700,=7268.1800,=52721533408914.5078,=40345549677373,=20193387436577.8516,=16.9982,=0.7698,=19.7108,=13.5309,=11.1409
2021-01-12,=5596.3500,=7292.1400,=52782717281151.7031,=40447495790764,=20264082108923.9180,=17.0179,=0.7700,=19.7108,=13.5298,=11.1409
2021-01-11,=5441.1600,=7089.9200,=51477275710732.6406,=39423792626663,=19703433827321.2070,=16.5970,=0.7605,=19.7108,=13.5293,=11.1409
2021-01-08,=5495.4300,=7160.6300,=51938926538391.3359,=39811957443857,=19885472867589.6836,=16.8601,=0.7680,=19.7111,=13.5289,=11.1383
2021-01-07,=5513.6600,=7184.3800,=52019372324550.3828,=39944258379373,=19943707329854.8477,=16.8862,=0.7682,=19.7111,=13.5284,=11.1383
2021-01-06,=5417.6700,=7059.3100,=51239933682632.6875,=39287399917338,=19592399983028.6719,=16.6332,=0.7629,=19.7111,=13.5280,=11.1383
2021-01-05,=5368.5000,=6995.2500,=50726601504502.2422,=38885519768173,=19407573785244.1563,=16.4665,=0.7569,=19.7111,=13.5264,=11.1383
2021-01-04,=5267.7200,=6863.9200,=50002293603174.7109,=38272007058811,=19056520679369.0430,=16.2314,=0.7497,=19.7111,=13.5249,=11.1383
2020-12-31,=5211.2900,=6790.3900,=49599051173675.6328,=37949781201987,=18862587374166.7070,=16.1005,=0.7444,=19.7117,=13.5229,=11.1358
2020-12-30,=5113.7100,=6663.2500,=48733379632483,=37303922481145,=18492515463696.1055,=15.8195,=0.7274,=19.7117,=13.5210,=11.1358
2020-12-29,=5042.9400,=6571.0300,=48205617825849.9922,=36855300869620,=18236071129553.2344,=15.6482,=0.7119,=19.7117,=13.5203,=11.1358
2020-12-28,=5064.4100,=6599.0100,=48409347705752.9141,=37014928021852,=18311374747284.6484,=15.7143,=0.7189,=19.7117,=13.5196,=11.1358
2020-12-25,=5042.0100,=6569.8200,=48244232504103.6094,=36785678955383,=18233124628288.2148,=15.6607,=0.7133,=19.7117,=13.5192,=11.1358
2020-12-24,=5000.0200,=6515.1000,=47871175575733.5234,=36477305700135,=18084074911046.7305,=15.5396,=0.7007,=19.7229,=13.5188,=11.1342
2020-12-23,=5007.1200,=6524.3600,=47942669228318.4609,=36522389779493,=18106976627697.6992,=15.5628,=0.7035,=19.7229,=13.5171,=11.1342
2020-12-22,=4964.7700,=6469.1800,=47538835002205.4531,=36263694379761,=17954838588917.4570,=15.4317,=0.6898,=19.7229,=13.5155,=11.1342
2020-12-21,=5046.8400,=6576.1100,=48375032690764.0781,=36831108260710,=18250450818443.3945,=15.7032,=0.7177,=19.7229,=13.5154,=11.1342
2020-12-18,=4999.9700,=6515.0400,=48020345858236.9922,=36521125754983,=18087274717105.1016,=15.5880,=0.7072,=19.7229,=13.5154,=11.1342
2020-12-17,=5017.4800,=6537.8500,=48184744897192.9609,=36647205730598,=18154322857138.3281,=15.6414,=0.7118,=19.7503,=13.5148,=11.1325
2020-12-16,=4953.8700,=6454.9200,=47636901148120.1328,=36213860145929,=17918735510011.5664,=15.4636,=0.6947,=19.7503,=13.5141,=11.1325
2020-12-15,=4945.1000,=6443.5000,=47563164231790.6406,=36126767598258,=17888392152620.7266,=15.4396,=0.6912,=19.7503,=13.5138,=11.1325
2020-12-14,=4934.8400,=6430.1200,=47582488888923.8672,=36076681701382,=17856397259404.4141,=15.4459,=0.6919,=19.7503,=13.5136,=11.1325
2020-12-11,=4889.6300,=6371.2200,=46134227278898.0859,=35435471227011,=17339339533630.4805,=15.0114,=0.6551,=19.7503,=13.5134,=11.1325
2020-12-10,=4940.5200,=6437.0900,=46508076355235.3984,=35730200350615,=17524321450672.9180,=15.1331,=0.6663,=19.7661,=13.5132,=11.1310
2020-12-09,=4942.7000,=6439.9200,=46581838256777.3516,=35715937111624,=17527469834944.4199,=15.1571,=0.6675,=19.7661,=13.5120,=11.1310
2020-12-08,=5009.8800,=6527.4500,=47112623783133.2031,=36125002707898,=17756960488265.2578,=15.3298,=0.6814,=19.7661,=13.5108,=11.1310
2020-12-07,=5022.2400,=6543.5200,=47272162662775.5156,=36179695208051,=17801050877891.3008,=15.3817,=0.6855,=19.7661,=13.5106,=11.1310
2020-12-04,=5065.9200,=6600.4300,=47750367119818.3516,=36498525132827,=17961616467184.1133,=15.5373,=0.7004,=19.7661,=13.5104,=11.1310
2020-12-03,=5057.0600,=6588.8900,=47763300173726.1328,=36447847951515,=17934678089663.1719,=15.5415,=0.7019,=19.7671,=13.5093,=11.1305
2020-12-02,=5067.1400,=6602.0300,=47874791644531.9531,=36541463280047,=17969913679876.4727,=15.5778,=0.7044,=19.7671,=13.5082,=11.1305
2020-12-01,=5067.1000,=6601.9700,=47960627849665.6797,=36577184722242,=17968040983587.5430,=15.6057,=0.7075,=19.7671,=13.5081,=11.1305
2020-11-30,=4960.2500,=6462.7600,=47026009141475.2969,=35873118780983,=17584272928360.4023,=15.3016,=0.6790,=19.7671,=13.5079,=11.1305
2020-11-27,=4980.7700,=6489.4900,=47206416897756.8828,=36071594746012,=17657079967995.4336,=15.3603,=0.6850,=19.7671,=13.5074,=11.1305
2020-11-26,=4919.5900,=6408.7900,=46482716588119.8672,=35551836923141,=17436719211679.9785,=15.1248,=0.6673,=19.7837,=13.5070,=11.1251
2020-11-25,=4910.7000,=6397.2100,=46362040395352.4844,=35459533149756,=17400109587478.2656,=15.0856,=0.6635,=19.7837,=13.5069,=11.1251
2020-11-24,=4974.2900,=6479.8100,=46845445061858.0938,=35882466326763,=17621642925611.0938,=15.2428,=0.6750,=19.7837,=13.5069,=11.1251
2020-11-23,=5005.0300,=6519.8600,=47101815765166.4844,=36078775474571,=17732130365701.6992,=15.3263,=0.6815,=19.7837,=13.5065,=11.1251
2020-11-20,=4943.2900,=6439.4300,=46520262727103.9688,=35625914828237,=17513818521243.5898,=15.1370,=0.6685,=19.7837,=13.5062,=11.1251
2020-11-19,=4927.9900,=6419.5000,=46407015522512.0313,=35519441084319,=17462943775828.3867,=15.1002,=0.6661,=19.7855,=13.5057,=11.1188
2020-11-18,=4891.6700,=6372.1900,=46120860633795.1797,=35268250880782,=17328948375892.1992,=15.0071,=0.6575,=19.7855,=13.5051,=11.1188
2020-11-17,=4894.7900,=6376.2500,=46053498985454.8281,=35258067454423,=17338131939970.7168,=14.9852,=0.6553,=19.7855,=13.5051,=11.1188
2020-11-16,=4904.1700,=6388.4800,=46094687216562.3359,=35305825977429,=17366758970281.7109,=14.9986,=0.6568,=19.7855,=13.5051,=11.1188
2020-11-13,=4856.8500,=6326.8300,=45654554440212.4063,=34949682016055,=17203199749189.9102,=14.8553,=0.6472,=19.7855,=13.5043,=11.1188
2020-11-12,=4908.4600,=6394.0700,=46158796457723.1406,=35336557879211,=17388780878070.8203,=15.0194,=0.6582,=19.7960,=13.5035,=11.1172
2020-11-11,=4904.9000,=6387.7000,=46216652232801.6172,=35373788205751,=17379270728040.9668,=15.0382,=0.6600,=19.7960,=13.5033,=11.1172
2020-11-10,=4953.8800,=6451.4800,=46524958275430.9063,=35615127374227,=17551898979625.4375,=15.1386,=0.6681,=19.7960,=13.5031,=11.1172
2020-11-09,=4981.3500,=6487.2600,=46699252178950.9063,=35771750941406,=17640020254454.0664,=15.1953,=0.6704,=19.7960,=13.5030,=11.1172
2020-11-06,=4885.7200,=6362.7200,=45876415972132.3125,=35131456186283,=17300206780534.8535,=14.9275,=0.6526,=19.7960,=13.5030,=11.1172
2020-11-05,=4885.1100,=6361.9300,=45895284626612.3828,=35151886959602,=17299288964962.6504,=14.9337,=0.6530,=19.8028,=13.5009,=11.1163
2020-11-04,=4813.6600,=6268.3800,=45333238884294.0391,=34708586905540,=17052613102695.9688,=14.7508,=0.6416,=19.8028,=13.4987,=11.1163
2020-11-03,=4777.5600,=6221.3800,=45084364549193.5938,=34516488247143,=16921905229651.9492,=14.6698,=0.6367,=19.8028,=13.4984,=11.1163
2020-11-02,=4720.8300,=6147.5000,=44552632802029.2422,=34106077418006,=16720046898330.2461,=14.4968,=0.6218,=19.8028,=13.4981,=11.1163
2020-10-30,=4695.3300,=6114.3000,=44394837487159.4375,=33888552221217,=16566812313061.8809,=14.3535,=0.6093,=19.8028,=13.4965,=11.1163
2020-10-29,=4772.9200,=6215.3300,=45026504032617.3984,=34358356878591,=16792352600150.7500,=14.7751,=0.6433,=19.8140,=13.4949,=11.1128
2020-10-28,=4737.2700,=6168.9100,=44845952328931.1953,=34186247380593,=16604881218994.8496,=14.9266,=0.6522,=19.8140,=13.4934,=11.1128
2020-10-27,=4699.2800,=6119.4400,=44611503360311.1250,=33949686570003,=16477095883728.9902,=14.8971,=0.6511,=19.8140,=13.4919,=11.1128
2020-10-26,=4691.2400,=6108.5700,=44542071307065.4453,=33882664400565,=16476549928963.2539,=14.8980,=0.6512,=19.8140,=13.4903,=11.1128
2020-10-23,=4718.4900,=6143.8800,=44837857243876.4766,=34095358851073,=16532327495335.9551,=14.9985,=0.6564,=19.8140,=13.4887,=11.1128
2020-10-22,=4777.9800,=6220.8100,=45298046118357.5078,=34480124850911,=16736087767925.1465,=15.1708,=0.6683,=19.8202,=13.4881,=11.1112
2020-10-21,=4792.8300,=6240.1300,=45432357008273.3906,=34585765881415,=16767912631655.9609,=15.2256,=0.6719,=19.8202,=13.4875,=11.1112
2020-10-20,=4793.4700,=6240.9700,=45321609243139.7031,=34512059105393,=16763875622930.0488,=15.1906,=0.6694,=19.8202,=13.4872,=11.1112
2020-10-19,=4755.4900,=6191.5200,=45118878439812.9063,=34283236111810,=16618562607540.4023,=15.1769,=0.6688,=19.8202,=13.4869,=11.1112
2020-10-16,=4791.6800,=6238.6300,=45310251334536.3672,=34455350277563,=16729555029379.4043,=15.2335,=0.6724,=19.8202,=13.4857,=11.1112
2020-10-15,=4798.7400,=6247.5600,=45234372858758.5156,=34445505100212,=16745964476085.6641,=15.2215,=0.6713,=19.8475,=13.4845,=11.1081
2020-10-14,=4807.1000,=6258.4600,=45241214330229.0234,=34465168716369,=16766894852622.8965,=15.2238,=0.6714,=19.8475,=13.4845,=11.1081
2020-10-13,=4839.2000,=6300.2500,=45504128131872.9063,=34674309240774,=16876579973166.2813,=15.3123,=0.6777,=19.8475,=13.4845,=11.1081
2020-10-12,=4823.1600,=6279.3600,=45413556876402.5547,=34583448603048,=16819676493971.4727,=15.2860,=0.6755,=19.8475,=13.4837,=11.1081
2020-10-09,=4681.1400,=6094.4600,=44181748805328.5469,=33616569756307,=16327850221005.4844,=14.8714,=0.6507,=19.8475,=13.4829,=11.1081
2020-09-30,=4587.4000,=5972.4200,=43486045760251.1094,=33054375139503,=16005060515963.7207,=14.6372,=0.6350,=19.8481,=13.4823,=11.1051
2020-09-29,=4591.8000,=5978.1400,=43507265886583.8672,=33059442631385,=16020797316106.0039,=14.6443,=0.6360,=19.8481,=13.4817,=11.1051
2020-09-28,=4581.9100,=5965.2600,=43478848479252.0625,=33037318985589,=15992236559463.7051,=14.6348,=0.6345,=19.8481,=13.4814,=11.1051
2020-09-25,=4570.0200,=5949.7200,=43304018277472.8125,=32896286741299,=15951355958225.3828,=14.5759,=0.6307,=19.8481,=13.4811,=11.1051
2020-09-24,=4563.0700,=5940.5200,=43276267287997.5234,=32873001415368,=15926105146046.4824,=14.5666,=0.6303,=19.8481,=13.4811,=11.1051
2020-09-23,=4652.3300,=6056.7300,=43975532169748.1875,=33425049396888,=16234673575235.0527,=14.8020,=0.6467,=19.8542,=13.4811,=11.1018
2020-09-22,=4635.7600,=6035.1600,=43894695072938.0859,=33365801755587,=16176795584024.1309,=14.7748,=0.6453,=19.8542,=13.4801,=11.1018
2020-09-21,=4691.4300,=6107.3200,=44401014363645.1875,=33746345161485,=16371237515311.7930,=14.9452,=0.6540,=19.8542,=13.4791,=11.1018
2020-09-18,=4737.0900,=6166.7500,=44833423011990.2969,=34040503127827,=16528783517401.5742,=15.0907,=0.6645,=19.8542,=13.4785,=11.1018
2020-09-17,=4632.7100,=6030.8700,=43856010916547.4219,=33301186663546,=16170193774391.3594,=14.7617,=0.6445,=19.8542,=13.4779,=11.1018
2020-09-16,=4657.3600,=6062.9500,=44073864596547.5078,=33506492855763,=16255518360182.2559,=14.8351,=0.6489,=19.8626,=13.4777,=11.0868
2020-09-15,=4688.4800,=6100.2400,=44262668274075.7188,=33676149392915,=16361241892463.3203,=14.8986,=0.6526,=19.8626,=13.4776,=11.0868
2020-09-14,=4651.0500,=6051.5400,=43995705284205,=33472186278959,=16232751912453.6797,=14.8088,=0.6477,=19.8626,=13.4771,=11.0868
2020-09-11,=4627.2800,=6020.6100,=43823126599549.8906,=33325573502023,=16147202837559.6406,=14.7507,=0.6446,=19.8626,=13.4767,=11.0868
2020-09-10,=4581.9800,=5961.6600,=43493267866666.3125,=33037788592052,=15993583559939.7207,=14.6396,=0.6368,=19.8626,=13.4765,=11.0868
2020-09-09,=4584.5900,=5965.0600,=43509563101994.3125,=33020931569846,=16003012883064.5469,=14.6451,=0.6373,=19.8661,=13.4763,=11.0867
2020-09-08,=4694.3900,=6107.9200,=44357289642032.9219,=33696076074519,=16375449440510.3555,=14.9305,=0.6529,=19.8661,=13.4759,=11.0867
2020-09-07,=4669.3700,=6075.3700,=44021006487298.6328,=33476096083097,=16286728673888.8828,=14.8173,=0.6480,=19.8661,=13.4755,=11.0867
2020-09-04,=4770.2200,=6206.5900,=44834707103116.0938,=34128909266298,=16634019235705.0332,=15.0912,=0.6639,=19.8661,=13.4753,=11.0867
2020-09-03,=4817.1000,=6267.5800,=45246617465941.8203,=34455272593500,=16796623435546.3594,=15.2298,=0.6705,=19.8661,=13.4751,=11.0867
2020-09-02,=4843.8900,=6302.4400,=45485117748656.6172,=34626456634738,=16892109389916.1543,=15.3101,=0.6757,=19.8706,=13.4743,=11.0860
2020-09-01,=4842.1200,=6300.1400,=45520111097912.3984,=34631263700759,=16882544081698.4824,=15.3219,=0.6770,=19.8706,=13.4736,=11.0860
2020-08-31,=4816.2200,=6266.4300,=45318279216509.3750,=34449542641492,=16794397530828.1191,=15.2539,=0.6721,=19.8706,=13.4727,=11.0860
2020-08-28,=4844.2700,=6302.9300,=45604963095382.4063,=34541734894804,=16821975142698.9668,=14.6525,=0.6392,=19.8706,=13.4719,=11.0860
2020-08-27,=4731.3500,=6156.0100,=44693423816856.4766,=33831083776453,=16389245840379.2891,=14.1681,=0.5952,=19.8706,=13.4715,=11.0860
2020-08-26,=4706.1300,=6123.2000,=44493478069853.2813,=33648852967578,=16303889380895.6055,=14.1293,=0.5903,=19.8890,=13.4712,=11.0857
2020-08-25,=4761.9500,=6195.8300,=44962351362130.3125,=33973250698746,=16462386516304.2305,=14.2745,=0.6063,=19.8890,=13.4711,=11.0857
2020-08-24,=4755.8500,=6187.8300,=44947710835993.0234,=33924636392467,=16389947894258.0547,=14.2861,=0.6075,=19.8890,=13.4711,=11.0857
2020-08-21,=4718.8400,=6139.2600,=44749896034393.7031,=33726758767311,=16251334653212.1914,=14.2101,=0.6004,=19.8890,=13.4685,=11.0857
2020-08-20,=4679.1500,=6085.9700,=44435177429885.3203,=33475963866590,=16114871401675.7285,=14.1209,=0.5894,=19.8890,=13.4660,=11.0857
2020-08-19,=4740.6800,=6165.3100,=44993070623171.8906,=33897896839971,=16329236369971.9570,=14.2975,=0.6090,=19.9105,=13.4652,=11.0854
2020-08-18,=4812.7600,=6258.9500,=45631176117141.8906,=34384418297320,=16576958285444.6094,=14.5112,=0.6287,=19.9105,=13.4645,=11.0854
2020-08-17,=4815.2300,=6261.9000,=45641827132744.3203,=34364295586732,=16584501367691.0176,=14.5285,=0.6305,=19.9105,=13.4641,=11.0854
2020-08-14,=4704.6300,=6118.0300,=44545398813373,=33552961185574,=16182322809026.9395,=14.1801,=0.5972,=19.9105,=13.4638,=11.0854
2020-08-13,=4635.7100,=6024.9300,=43881410660208,=33040334004327,=15929785354812.9121,=13.9716,=0.5642,=19.9105,=13.4637,=11.0854
2020-08-12,=4647.6400,=6040.4300,=43978912734578.8203,=33105681076600,=15965661084376.8809,=14.0119,=0.5694,=19.9246,=13.4637,=11.0842
2020-08-11,=4681.7800,=6083.3800,=44205443383600.6094,=33296540980073,=16077756132729.8535,=14.0978,=0.5843,=19.9246,=13.4626,=11.0842
2020-08-10,=4724.8700,=6139.3600,=44564645851075.5234,=33550636229736,=16216979569668.5723,=14.2148,=0.6005,=19.9246,=13.4615,=11.0842
2020-08-07,=4707.9300,=6117.3400,=44276269378163.7969,=33377840224355,=16153945691284.1387,=14.1196,=0.5889,=19.9246,=13.4601,=11.0842
2020-08-06,=4762.7600,=6187.3000,=44741783646194.4063,=33738902522216,=16342068778644.4355,=14.2681,=0.6057,=19.9246,=13.4588,=11.0842
2020-08-05,=4777.1100,=6205.8500,=44767814925259.7891,=33794115696985,=16384219494802.4570,=14.2764,=0.6061,=19.9258,=13.4582,=11.0840
2020-08-04,=4775.8000,=6203.6900,=44822526305069.4766,=33836612340187,=16384991272044.4063,=14.2939,=0.6079,=19.9258,=13.4576,=11.0840
2020-08-03,=4771.3100,=6197.8000,=44638258250900.6094,=33724859288921,=16329762576420.6797,=14.2322,=0.6030,=19.9258,=13.4561,=11.0840
2020-07-31,=4695.0500,=6098.7300,=44007475400790.2969,=33241836545386,=16071262765579.1172,=14.0305,=0.5736,=19.9258,=13.4545,=11.0840
2020-07-30,=4656.1500,=6048.0300,=43732476091637.6250,=33011177482345,=15943472369625.6348,=13.9437,=0.5633,=19.9258,=13.4541,=11.0840
2020-07-29,=4679.0100,=6077.4900,=43987048805194.7031,=33181334349290,=16026133112689.5332,=14.0248,=0.5720,=19.9363,=13.4538,=11.0835
2020-07-28,=4568.2600,=5933.4600,=43062057106898.7969,=32484840662140,=15653937101718.4570,=13.7333,=0.5418,=19.9363,=13.4536,=11.0835
2020-07-27,=4528.4500,=5881.7500,=42741517042659.6094,=32213786248902,=15515704762620.8594,=13.6322,=0.5290,=19.9363,=13.4535,=11.0835
2020-07-24,=4505.5900,=5851.7100,=42553242172778.4063,=32054667556749,=15439607999324.7949,=13.5741,=0.5219,=19.9363,=13.4486,=11.0835
2020-07-23,=4712.4400,=6120.3200,=44260188662105.4063,=33372765691401,=16139669538509.4180,=14.1186,=0.5888,=19.9363,=13.4436,=11.0835
2020-07-22,=4714.4500,=6118.9400,=44415277936290,=33446728358570,=16155172212896.5098,=14.1680,=0.5956,=19.9390,=13.4431,=11.0818
2020-07-21,=4691.0400,=6087.5800,=44256762142549.9063,=33300168365010,=16078419809021.8203,=14.1175,=0.5883,=19.9390,=13.4426,=11.0818
2020-07-20,=4680.3000,=6073.5400,=44198226909462.9219,=33219379376759,=16047526113060.2539,=14.0992,=0.5857,=19.9390,=13.4414,=11.0818
2020-07-17,=4544.7000,=5897.2300,=42920595966657.5078,=32255550094394,=15567117743625.9785,=13.7191,=0.5412,=19.9390,=13.4403,=11.0818
2020-07-16,=4516.2500,=5856.2400,=42760187120382.3125,=32108192874546,=15472641191841.8691,=13.6678,=0.5341,=19.9390,=13.4387,=11.0818
2020-07-15,=4744.4700,=6149.7300,=44685004411872,=33627218977881,=16238924101122.3594,=14.2831,=0.6053,=19.9402,=13.4372,=11.0803
2020-07-14,=4806.6900,=6223.0900,=45353134618844.8984,=34093528377108,=16456211306460.5898,=14.4966,=0.6254,=19.9402,=13.4370,=11.0803
2020-07-13,=4852.9600,=6279.9000,=45791579199638.0078,=34442655400321,=16621837351554.7832,=14.6368,=0.6345,=19.9402,=13.4367,=11.0803
2020-07-10,=4753.1300,=6146.6900,=45045181530809.1953,=33839050218247,=16292735253358.2422,=14.3982,=0.6174,=19.9402,=13.4365,=11.0803
2020-07-09,=4840.7700,=6249.9400,=46183383484467.2969,=34543097677633,=16609699198049.4395,=14.7620,=0.6427,=19.9402,=13.4363,=11.0803
2020-07-08,=4774,=6162.3900,=45664524647495.3828,=34127725542395,=16389730419565.9043,=14.5962,=0.6326,=19.9434,=13.4360,=11.0735
2020-07-07,=4698.1300,=6062.7000,=45018939643616.3828,=33664362992386,=16139616896656.5918,=14.3898,=0.6171,=19.9434,=13.4356,=11.0735
2020-07-06,=4670.0900,=6025.8800,=44848268993590.0938,=33456827665380,=16041141246565.4492,=14.3353,=0.6111,=19.9434,=13.4354,=11.0735
2020-07-03,=4419.6000,=5701.9200,=42256608985026.8750,=31561892633444,=15166645588127.3477,=13.5069,=0.5130,=19.9434,=13.4352,=11.0735
2020-07-02,=4335.8400,=5593.2000,=41328067891869.2969,=30908635158241,=14876677650597.3945,=13.2101,=0.4699,=19.9434,=13.4333,=11.0735
2020-07-01,=4247.7800,=5478.5600,=40418929993261.6875,=30255574240048,=14575215542641.6406,=12.9195,=0.4319,=19.9652,=13.4352,=11.0723
2020-06-30,=4163.9600,=5370.2700,=39695433639084.0234,=29664980960705,=14282426998554.9473,=12.6882,=0.4066,=19.9652,=13.4354,=11.0723
2020-06-29,=4109.7200,=5295.2000,=39386671719751.6875,=29417623561072,=14102215683134.0098,=12.5895,=0.3981,=19.9652,=13.4356,=11.0723
2020-06-24,=4138.9900,=5332.6800,=39648163018361.2188,=29559564374462,=14201678996515.9668,=12.6735,=0.4044,=19.9652,=13.4360,=11.0723
2020-06-23,=4121.7900,=5302.5400,=39446107215762.4063,=29426653335863,=14136485233207.8652,=12.6090,=0.3994,=19.9652,=13.4363,=11.0723
2020-06-22,=4102.0500,=5276.7500,=39330697930702.9063,=29304798701476,=14068283736915.1250,=12.5721,=0.3957,=19.9667,=13.4365,=11.0718
2020-06-19,=4098.7100,=5270.5300,=39343750278144.4922,=29325745671790,=14058850770325.5195,=12.5762,=0.3964,=19.9667,=13.4367,=11.0718
2020-06-18,=4044.3800,=5198.3000,=38901065161965.5078,=28988906531767,=13879040986292.8184,=12.4347,=0.3821,=19.9667,=13.4370,=11.0718
2020-06-17,=4017.5900,=5161.5900,=38730574025909.7031,=28840217424040,=13792114226226.1621,=12.3802,=0.3782,=19.9667,=13.4372,=11.0718
2020-06-16,=4014.5700,=5156.9700,=38705027474224.3906,=28793132000837,=13780768547451.1992,=12.3721,=0.3772,=19.9667,=13.4387,=11.0718
2020-06-15,=3954.9900,=5080.1900,=38193866661970.3125,=28396521365034,=13576667470725.9102,=12.2087,=0.3535,=19.9751,=13.4403,=11.0712
2020-06-12,=4003.0800,=5140.3000,=37118222389396.1094,=28331040322078,=13496949913133.1797,=12.2864,=0.3658,=19.9751,=13.4414,=11.0712
2020-06-11,=3995.8800,=5130.5400,=37098983289597.3750,=28304116549861,=13473767850205.4629,=12.2800,=0.3650,=19.9751,=13.4426,=11.0712
2020-06-10,=4039.7100,=5181.6100,=37470231758487.0078,=28599385289608,=13616828867753.6133,=12.4029,=0.3787,=19.9751,=13.4431,=11.0712
2020-06-09,=4047.0300,=5187.2800,=37587693885286.9063,=28674525076843,=13638687084328.0332,=12.4418,=0.3820,=19.9751,=13.4436,=11.0712
2020-06-08,=4021.9500,=5155.0900,=37357968604483.1016,=28503698872948,=13554288567949.1953,=12.3658,=0.3756,=19.9815,=13.4486,=11.0698
2020-06-05,=4001.2500,=5128.4500,=37194357336560.5938,=28360085172413,=13487554501532.7207,=12.3116,=0.3692,=19.9815,=13.4535,=11.0698
2020-06-04,=3982.1900,=5103.1000,=37005429369077.5781,=28216309380226,=13420885960486.9707,=12.2491,=0.3623,=19.9815,=13.4536,=11.0698
2020-06-03,=3983.6500,=5104.3900,=37076486829852.2031,=28258667624496,=13426141506172.5137,=12.2726,=0.3648,=19.9815,=13.4538,=11.0698
2020-06-02,=3983.5700,=5103.2200,=37039954537196.3125,=28238707955123,=13426586962430.0156,=12.2605,=0.3638,=19.9815,=13.4541,=11.0698
2020-06-01,=3971.3400,=5084.2700,=36913208602375.1016,=28143718906160,=13384995132858.1172,=12.2185,=0.3563,=19.9897,=13.4545,=11.0666
2020-05-29,=3867.0200,=4950.6100,=36082236645045.9063,=27489072392593,=13033178636430.6855,=11.9325,=0.3146,=19.9897,=13.4561,=11.0666
2020-05-28,=3856.6300,=4933.7600,=36062955603125.3906,=27461301090819,=13000016372670.8379,=11.9262,=0.3136,=19.9897,=13.4576,=11.0666
2020-05-27,=3845.6100,=4918.3900,=35917627931118.3047,=27366171646499,=12956087523513.2051,=11.8781,=0.3077,=19.9897,=13.4582,=11.0666
2020-05-26,=3872.7700,=4952.8800,=36083145891463.9141,=27500014911814,=13047377931974.8594,=11.9328,=0.3143,=19.9897,=13.4588,=11.0666
2020-05-25,=3829.3200,=4896.6900,=35765121887483.6172,=27266933993147,=12901274499310.3789,=11.8277,=0.2997,=20.0247,=13.4601,=11.0660
2020-05-22,=3824.0600,=4889.5900,=35736376839068.0234,=27224230073452,=12888460355671.7051,=11.8182,=0.2979,=20.0247,=13.4615,=11.0660
2020-05-21,=3913.7900,=5003.6500,=36497349417881.4922,=27812876396415,=13189591161005.1055,=12.0698,=0.3325,=20.0247,=13.4626,=11.0660
2020-05-20,=3935.2200,=5030.9700,=36671489129121.3984,=27930480001820,=13259361065167.4609,=12.1274,=0.3419,=20.0247,=13.4637,=11.0660
2020-05-19,=3956.2500,=5056.8800,=36836494606363.5078,=28055421818916,=13327578598724.2461,=12.1820,=0.3482,=20.0247,=13.4637,=11.0660
2020-05-18,=3922.9100,=5014.0500,=36547287529458.8125,=27846739594714,=13215964295239.8145,=12.0863,=0.3352,=20.0284,=13.4638,=11.0613
2020-05-15,=3912.8200,=5001.1500,=36463291147384.5234,=27748383010385,=13181363270899.0723,=12.0624,=0.3321,=20.0284,=13.4641,=11.0613
2020-05-14,=3925.2200,=5016.2300,=36548974731396.4063,=27829716572508,=13220952231938.2266,=12.0908,=0.3354,=20.0284,=13.4645,=11.0613
2020-05-13,=3968.2500,=5071.2300,=36940188986158.5859,=28122095115494,=13366324261511.3945,=12.2202,=0.3543,=20.0284,=13.4652,=11.0613
2020-05-12,=3960.2400,=5060.9400,=36868029810198.6953,=28071622273174,=13340207583462.7148,=12.1963,=0.3503,=20.0284,=13.4660,=11.0613
2020-05-11,=3960.1800,=5060.7500,=36923076992761.7031,=28099962998148,=13342158177818.8574,=12.2145,=0.3529,=20.0295,=13.4685,=11.0602
2020-05-08,=3963.6200,=5065.0300,=36905510525965.2266,=28086536420583,=13352820713292.5625,=12.2087,=0.3524,=20.0295,=13.4711,=11.0602
2020-05-07,=3924.8900,=5010.1500,=36592624455400.7266,=27840264754274,=13219888036426.9648,=12.1052,=0.3364,=20.0295,=13.4711,=11.0602
2020-05-06,=3936.2500,=5024.2900,=36715930822464.1172,=27922977912684,=13257856320585.4453,=12.1460,=0.3444,=20.0295,=13.4712,=11.0602
2020-04-30,=3912.5800,=4994.0700,=36613021655973.8203,=27821809315459,=13184566041255.9063,=12.1120,=0.3382,=20.0295,=13.4715,=11.0602
2020-04-29,=3867.0300,=4935.4300,=36219471326375.1797,=27546719214747,=13001479977548.3301,=11.5315,=0.2540,=20.0360,=13.4719,=11.0561
2020-04-28,=3849.1500,=4912.4100,=35996038286108,=27408210155571,=12908275165366.3945,=11.4052,=0.2412,=20.0360,=13.4727,=11.0561
2020-04-27,=3822.7700,=4878.7500,=35830587090588.1875,=27274449807510,=12768587763236.3691,=11.3757,=0.2385,=20.0360,=13.4736,=11.0561
2020-04-24,=3796.9700,=4845.7000,=35623628605490.7031,=27106821441776,=12623174851298.0176,=11.3058,=0.2318,=20.0360,=13.4743,=11.0561
2020-04-23,=3829.7500,=4887.2900,=35923028607159.7969,=27296306954896,=12699741498272.6191,=11.4118,=0.2408,=20.0360,=13.4751,=11.0561
2020-04-22,=3839.3800,=4899.5800,=35996363953753.9844,=27341992960334,=12730256200805.5137,=11.4333,=0.2431,=20.0407,=13.4753,=11.0518
2020-04-21,=3808.0500,=4859.5900,=35777222754666.8828,=27149961010694,=12561069884230.7305,=11.3409,=0.2344,=20.0407,=13.4755,=11.0518
2020-04-20,=3853.4600,=4917.5400,=36170219328366.3906,=27451781739976,=12694263306944.6367,=11.4189,=0.2416,=20.0407,=13.4759,=11.0518
2020-04-17,=3839.4900,=4899.7100,=36084903771946.7031,=27399222274479,=12638876263918.9668,=11.3645,=0.2370,=20.0407,=13.4763,=11.0518
2020-04-16,=3802.3800,=4852.3600,=35748222382408.4063,=27112451422693,=12504568479060.8359,=11.2741,=0.2275,=20.0407,=13.4765,=11.0518
2020-04-15,=3797.3600,=4845.9600,=35694717274979.6875,=27090129925280,=12489343303330.7070,=11.2801,=0.2278,=20.0617,=13.4767,=11.0511
2020-04-14,=3825.7000,=4882.1200,=35904600412404.9141,=27270373143445,=12582197953858.7305,=11.3479,=0.2345,=20.0617,=13.4771,=11.0511
2020-04-13,=3753.2600,=4789.6700,=35321140068504.2031,=26832573893552,=12341439967710.8789,=11.1529,=0.2121,=20.0617,=13.4776,=11.0511
2020-04-10,=3769.1800,=4809.9900,=35462747125159.2031,=26924452342122,=12391758873435.8496,=11.1964,=0.2181,=20.0617,=13.4777,=11.0511
2020-04-09,=3792.8100,=4840.1500,=35686268441275.6875,=27082913757364,=12470990823784.7559,=11.2593,=0.2245,=20.0617,=13.4779,=11.0511
2020-04-08,=3780.3400,=4824.2400,=35591356697086.2188,=27026092341813,=12431504141482.5547,=11.2294,=0.2205,=20.0682,=13.4785,=11.0503
2020-04-07,=3798.0200,=4846.8000,=35771822455626.2031,=27160768657417,=12490507000723.5332,=11.2863,=0.2290,=20.0682,=13.4791,=11.0503
2020-04-03,=3713.2200,=4738.5800,=35093498139433.7188,=26619590513636,=12208516759424.1973,=11.0723,=0.2030,=20.0682,=13.4801,=11.0503
2020-04-02,=3734.5300,=4765.7800,=35300611912149,=26772850759825,=12279261765906.3379,=11.1383,=0.2099,=20.0682,=13.4811,=11.0503
2020-04-01,=3675.0800,=4689.8300,=34764998472690.7891,=26349833830001,=12084771674987.3066,=10.9746,=0.1919,=20.0682,=13.4811,=11.0503
2020-03-31,=3686.1600,=4703.9700,=34896807896701.3984,=26455904221957,=12111561387097.5078,=11.0085,=0.1952,=20.0750,=13.4811,=11.0503
2020-03-30,=3674.1100,=4688.6000,=34865383060168.3086,=26412243131917,=12091783532885.8145,=11.0372,=0.1983,=20.0750,=13.4814,=11.0511
2020-03-27,=3710.0600,=4734.4800,=35130620224195.1172,=26586531895195,=12135503335765.9180,=11.1891,=0.2157,=20.0750,=13.4817,=11.0518
2020-03-26,=3698.0500,=4719.1500,=34997701176313.5898,=26480838218389,=12092453436297.4492,=11.1606,=0.2124,=20.0750,=13.4823,=11.0518
2020-03-25,=3722.5200,=4750.3800,=35199115795045.5938,=26625527944587,=12165121319159.6367,=11.2657,=0.2243,=20.0750,=13.4829,=11.0518
2020-03-24,=3625.1100,=4626.0800,=34382575007798.2891,=25982768318743,=11836984263006.4531,=11.0090,=0.1955,=20.0768,=13.4837,=11.0511
2020-03-23,=3530.3100,=4505.0900,=33501550913002.1094,=25323972952012,=11516659118825.1055,=10.7279,=0.1672,=20.0768,=13.4845,=11.0518
2020-03-20,=3653.2200,=4661.9500,=34576202801656.1133,=26118015113350,=11896448034850.5859,=11.0840,=0.2033,=20.0768,=13.4845,=11.0561
2020-03-19,=3589.0900,=4580.1100,=33986722760877.9844,=25647212682199,=11680367069188.8672,=10.8925,=0.1811,=20.0768,=13.4845,=11.0561
2020-03-18,=3636.2600,=4640.3000,=34496260705160.9883,=26035876236024,=11839626106188.2656,=11.0561,=0.1998,=20.0768,=13.4857,=11.0602
2020-03-17,=3709.6800,=4734,=35141450392084.2930,=26536749253908,=12058909764612.2656,=11.2659,=0.2233,=20.0903,=13.4869,=11.0602
2020-03-16,=3727.8400,=4757.1700,=35317780875890.5156,=26698221049208,=12114203114253.1035,=11.3225,=0.2286,=20.0903,=13.4872,=11.0602
2020-03-13,=3895.3100,=4970.8800,=36607076850926.2031,=27685113438083,=12657865714283.9961,=11.7345,=0.2782,=20.0903,=13.4875,=11.0602
2020-03-12,=3950.9100,=5041.8300,=37102266273801.3125,=28070754569465,=12838241505678.2266,=11.8930,=0.3037,=20.0903,=13.4881,=11.0602
2020-03-11,=4028.4300,=5140.7500,=37709043266243.8984,=28557395699473,=13085888377136.1621,=12.0875,=0.3297,=20.0903,=13.4887,=11.0602
2020-03-10,=4082.7300,=5210.0500,=38113278735567.2969,=28877729361078,=13261444693979.6641,=12.2171,=0.3466,=20.0980,=13.4903,=11.0518
2020-03-09,=3997.1300,=5100.8200,=37418170814113.9766,=28331189212447,=12982330239970.8418,=11.9933,=0.3169,=20.0980,=13.4919,=11.0518
2020-03-06,=4138.5100,=5281.2300,=38592896044705.0078,=29229786955208,=13439241353336.6719,=12.3698,=0.3661,=20.0980,=13.4934,=11.0518
2020-03-05,=4206.7300,=5368.2800,=39183824824523,=29671737798546,=13664173861789.4160,=12.5592,=0.3830,=20.0980,=13.4949,=11.0518
2020-03-04,=4115.0500,=5251.3000,=38391670313702.6016,=29081724269733,=13365156726208.3496,=12.3053,=0.3585,=20.0980,=13.4965,=11.0518
2020-03-03,=4091.3600,=5221.0600,=38191001089192.0859,=28931098876076,=13289239889712.5957,=12.2410,=0.3501,=20.1007,=13.4981,=11.0511
2020-03-02,=4069.6700,=5193.3800,=38005115674331.9219,=28775017699332,=13218462732860.1680,=12.1814,=0.3413,=20.1007,=13.4984,=11.0511
2020-02-28,=3940.0500,=5027.9700,=36910298021625.0234,=27914559339631,=12800891544147.1406,=11.8305,=0.2950,=20.1007,=13.4987,=11.0511
2020-02-27,=4084.8800,=5212.7900,=38190769358465.4063,=28844151232339,=13271124171553.8789,=12.2409,=0.3495,=20.1007,=13.5009,=11.0511
2020-02-26,=4073.0200,=5197.6500,=38140456205199.0156,=28768802564110,=13225922460589.5859,=12.2426,=0.3502,=20.1007,=13.5030,=11.0511
2020-02-25,=4123.8500,=5262.5300,=38478547369384.9063,=28983994568016,=13386599913392.5137,=12.3512,=0.3625,=20.1069,=13.5030,=11.0503
2020-02-24,=4132.8400,=5273.9900,=38653172066982.3984,=29107703144063,=13416559735027.0059,=12.4077,=0.3675,=20.1069,=13.5031,=11.0503
2020-02-21,=4149.4900,=5295.2400,=38848633649281.9922,=29291157078254,=13471582596150.8125,=12.4705,=0.3729,=20.1069,=13.5033,=11.0503
2020-02-20,=4144.6600,=5289.0700,=38794517022180.6328,=29275792714246,=13457018893313.1074,=12.4205,=0.3686,=20.1069,=13.5035,=11.0503
2020-02-19,=4051.3100,=5169.9500,=38038881307706.2031,=28705813989250,=13157430147132.4863,=12.1786,=0.3415,=20.1069,=13.5043,=11.0503
2020-02-18,=4057.5100,=5177.8700,=38073194380100.9141,=28722564939166,=13179132179210.5313,=12.1896,=0.3427,=20.1248,=13.5051,=11.0448
2020-02-17,=4077.4200,=5203.2800,=38269647512628.7891,=28873856615037,=13245432398734.6270,=12.2525,=0.3525,=20.1248,=13.5051,=11.0448
2020-02-14,=3987.7300,=5088.8200,=37456372251551.0156,=28254138798505,=12953325214617.6699,=11.9921,=0.3175,=20.1248,=13.5051,=11.0448
2020-02-13,=3959.9200,=5053.3300,=37235907712835.1797,=28078333387374,=12862953647727.7363,=11.9223,=0.3087,=20.1248,=13.5057,=11.0448
2020-02-12,=3984.4300,=5084.6100,=37467702083936.4922,=28249990197380,=12943521725489.7598,=11.9965,=0.3179,=20.1248,=13.5062,=11.0448
2020-02-11,=3952.4600,=5043.8100,=37215895955667.2031,=28057645474450,=12839931953051.2422,=11.9159,=0.3077,=20.1258,=13.5066,=11.0441
2020-02-10,=3916.0100,=4997.2900,=36904177265023.6875,=27805225039628,=12723436452949.7578,=11.8161,=0.2940,=20.1258,=13.5070,=11.0441
2020-02-07,=3899.8700,=4976.7000,=36784256846031.7891,=27713579025305,=12673673566524.2695,=11.7777,=0.2877,=20.1258,=13.5074,=11.0441
2020-02-06,=3899.7800,=4976.5800,=36824081272401.7031,=27737842138469,=12673735771188.3809,=11.7905,=0.2894,=20.1258,=13.5079,=11.0441
2020-02-05,=3828.5300,=4885.6600,=36251821625844.9063,=27302744395277,=12443385818906.4414,=11.6072,=0.2587,=20.1258,=13.5081,=11.0441
2020-02-04,=3785.6400,=4830.9200,=35899056643520.9922,=27036945301184,=12306932332312.6641,=11.4943,=0.2457,=20.1615,=13.5082,=11.0403
2020-02-03,=3688.3600,=4706.7800,=35087775652546.3906,=26432817729586,=11995687627122.8203,=11.2345,=0.2213,=20.1615,=13.5093,=11.0403
2020-01-23,=4003.9000,=5109.4500,=37991300964346.2969,=28592189753220,=13014032965814.6426,=12.1642,=0.3386,=20.1615,=13.5104,=11.0403
2020-01-22,=4131.9300,=5272.8400,=39025078382090.9063,=29241067420108,=13427138823818.5781,=12.4952,=0.3729,=20.1615,=13.5106,=11.0403
2020-01-21,=4114.3100,=5250.3500,=38855855474400.3984,=29149355871174,=13370441918609.0059,=12.4410,=0.3671,=20.1615,=13.5108,=11.0403
2020-01-20,=4185.8300,=5341.6200,=39475338445949.2031,=29605618034662,=13600824751113.0508,=12.6394,=0.3859,=20.1660,=13.5120,=11.0383
2020-01-17,=4154.8500,=5302.0900,=39202490707825.4844,=29363548029059,=13498985807668.4512,=12.5520,=0.3779,=20.1660,=13.5132,=11.0383
2020-01-16,=4149.0400,=5294.6700,=39170754896275.3984,=29346434506766,=13480725675485.0293,=12.5418,=0.3772,=20.1660,=13.5134,=11.0383
2020-01-15,=4166.7300,=5317.2500,=39393995039520.8984,=29505168890501,=13537439053929.6875,=12.6133,=0.3826,=20.1660,=13.5136,=11.0383
2020-01-14,=4189.8900,=5346.7900,=39627774418017.0078,=29684395432546,=13616299984520.3145,=12.6882,=0.3888,=20.1660,=13.5138,=11.0383
2020-01-13,=4203.9900,=5364.7900,=39750296906035.0938,=29786797288477,=13662664321014.8105,=12.7274,=0.3931,=20.1759,=13.5141,=11.0345
2020-01-10,=4163.1800,=5312.7200,=39426640096908.5000,=29550336858448,=13533273564280.5215,=12.6238,=0.3835,=20.1759,=13.5148,=11.0345
2020-01-09,=4164.3700,=5314.2300,=39443016734259.5078,=29557862830497,=13536850283891.2734,=12.6290,=0.3838,=20.1759,=13.5154,=11.0345
2020-01-08,=4112.3200,=5247.8100,=39074164176339.2031,=29277491317292,=13369561475690.6641,=12.5109,=0.3750,=20.1759,=13.5154,=11.0345
2020-01-07,=4160.2300,=5308.9400,=39545073314818.0938,=29603595176318,=13527591059226.4707,=12.6617,=0.3860,=20.1759,=13.5155,=11.0345
2020-01-06,=4129.3000,=5269.4700,=39309633141886.9922,=29418993554052,=13428927159807.9473,=12.5863,=0.3814,=20.1803,=13.5171,=11.0320
2020-01-03,=4144.9600,=5289.4700,=39426204779464.8906,=29477391437397,=13478118873240.7246,=12.6236,=0.3832,=20.1803,=13.5188,=11.0320
2020-01-02,=4152.2400,=5298.7500,=39468735954794.7188,=29520142779884,=13498200249852.6621,=12.6372,=0.3847,=20.1803,=13.5192,=11.0320
2019-12-31,=4096.5800,=5227.7300,=38978594115146.2969,=29170766195550,=13313893394241.2188,=12.4803,=0.3725,=20.1803,=13.5196,=11.0320
2019-12-30,=4081.6300,=5208.6500,=38869124628773.7031,=29084115039903,=13255553963618.8594,=12.4453,=0.3690,=20.1803,=13.5203,=11.0320
2019-12-27,=4022.0300,=5132.5900,=38381661255928.4063,=28696188160280,=13065490703981.5078,=12.2892,=0.3548,=20.1812,=13.5210,=11.0295
2019-12-26,=4025.9900,=5137.6400,=38387946435363.0781,=28653228786582,=13082219806991.5840,=12.2912,=0.3552,=20.1812,=13.5229,=11.0295
2019-12-25,=3990.8700,=5092.8200,=38054019876195.1094,=28410345851895,=12965868415997.0430,=12.1843,=0.3416,=20.1812,=13.5249,=11.0295
2019-12-24,=3992.9600,=5095.4900,=38082334866638.6953,=28441358944366,=12973222520342.3809,=12.1933,=0.3431,=20.1812,=13.5264,=11.0295
2019-12-23,=3967.1000,=5062.4900,=37882369214515.6875,=28255137791345,=12887323637979.2930,=12.1293,=0.3365,=20.1812,=13.5280,=11.0295
2019-12-20,=4017.2500,=5126.4900,=38383638608422.7969,=28594758438737,=13047568488299.5605,=12.2898,=0.3545,=20.1884,=13.5284,=11.0231
2019-12-19,=4027.1500,=5139.1200,=38464190767219.1172,=28663369946047,=13080485074569.3340,=12.3156,=0.3568,=20.1884,=13.5289,=11.0231
2019-12-18,=4032.7800,=5146.3000,=38495971217053.6953,=28674651874978,=13101061749447.5605,=12.3258,=0.3575,=20.1884,=13.5293,=11.0231
2019-12-17,=4041.8000,=5157.7200,=38554316334299.0156,=28731197305468,=13126450018640.1406,=12.3445,=0.3601,=20.1884,=13.5298,=11.0231
2019-12-16,=3987.5500,=5088.4900,=38061856733586.5938,=28362563205397,=12951470864186.9980,=12.1868,=0.3423,=20.1884,=13.5309,=11.0231
2019-12-13,=3968.2200,=5063.8300,=37405956525168.9922,=28230405960369,=12836819708655.3984,=12.0092,=0.3214,=20.2032,=13.5321,=11.0225
2019-12-12,=3891.0200,=4965.0500,=36681823475167.1172,=27708391451041,=12586846309505.6777,=11.7767,=0.2890,=20.2032,=13.5332,=11.0225
2019-12-11,=3902.7500,=4980.0100,=36767535932756,=27794532537067,=12620747922422.4785,=11.8042,=0.2924,=20.2032,=13.5343,=11.0225
2019-12-10,=3900.3800,=4977,=36680217333091.0859,=27740976133667,=12608968682843.4434,=11.7762,=0.2889,=20.2032,=13.5365,=11.0225
2019-12-09,=3895.4500,=4970.7000,=36685719026225.9063,=27730282070707,=12594837497152.4570,=11.7780,=0.2892,=20.2032,=13.5387,=11.0225
2019-12-06,=3902.3900,=4979.4400,=36725585248658.5000,=27747184930055,=12617381958914.1133,=11.7908,=0.2907,=20.2152,=13.5387,=11.0206
2019-12-05,=3879.3600,=4950.0700,=36571073176859.3984,=27604383839227,=12544500099461.4336,=11.7411,=0.2838,=20.2152,=13.5388,=11.0206
2019-12-04,=3849.8200,=4912.3700,=36314218445191.8828,=27412053665711,=12448773871112.3008,=11.6587,=0.2718,=20.2152,=13.5396,=11.0206
2019-12-03,=3851.0900,=4913.9900,=36390219654594.2109,=27453813851293,=12453731795891.0059,=11.6831,=0.2750,=20.2152,=13.5404,=11.0206
2019-12-02,=3836.0600,=4894.8100,=36285622620997.3047,=27382922475504,=12404006783031.9414,=11.6495,=0.2700,=20.2152,=13.5436,=11.0206
2019-11-29,=3828.6700,=4885.3800,=36230428794694.9063,=27349515378533,=12378175567539.4258,=11.6318,=0.2675,=20.2253,=13.5469,=11.0172
2019-11-28,=3862.3000,=4928.3000,=36510390566504.0078,=27582791195315,=12486475971237.1172,=11.7217,=0.2800,=20.2253,=13.5471,=11.0172
2019-11-27,=3875.6200,=4945.2900,=36678250182955.3906,=27696169440833,=12528416471334.0605,=11.7756,=0.2876,=20.2253,=13.5473,=11.0172
2019-11-26,=3891.6500,=4965.7500,=36796828101746.9766,=27785630050779,=12577415007458.4609,=11.8136,=0.2919,=20.2253,=13.5488,=11.0172
2019-11-25,=3878.2100,=4948.5900,=36682775349398.8906,=27691034796164,=12536474136530.8906,=11.7770,=0.2878,=20.2253,=13.5502,=11.0172
2019-11-22,=3849.9900,=4912.5900,=36364015834770.5625,=27442119163521,=12447549808682.4668,=11.6747,=0.2735,=20.2355,=13.5513,=11.0148
2019-11-21,=3889.6000,=4963.1200,=36653421608465.5938,=27688060085310,=12573523501336.1309,=11.7676,=0.2863,=20.2355,=13.5524,=11.0148
2019-11-20,=3907.8600,=4986.4300,=36788935568900.9141,=27803686375916,=12631209519330.1465,=11.8111,=0.2906,=20.2355,=13.5532,=11.0148
2019-11-19,=3947.0400,=5036.4200,=37126537556903.7188,=28035269670997,=12760638779431.9453,=11.9195,=0.3064,=20.2355,=13.5540,=11.0148
2019-11-18,=3907.9300,=4986.1700,=36839600338860.2109,=27811130297749,=12635260010050.2949,=11.8274,=0.2938,=20.2355,=13.5542,=11.0148
2019-11-15,=3877.0900,=4946.8200,=36589754901555.5938,=27503425074163,=12534571003914.7188,=11.7471,=0.2838,=20.2395,=13.5543,=11.0115
2019-11-14,=3905.8600,=4983.5200,=36804380770924.7031,=27662331331380,=12622751060329.4609,=11.8160,=0.2917,=20.2395,=13.5560,=11.0115
2019-11-13,=3899.9800,=4976.0300,=36800883879584.8281,=27654390609653,=12603509555716.8496,=11.8149,=0.2913,=20.2395,=13.5577,=11.0115
2019-11-12,=3903.6900,=4980.7600,=36919161404261.1172,=27711957644550,=12615302887355.1309,=11.8529,=0.2956,=20.2395,=13.5579,=11.0115
2019-11-11,=3902.9800,=4979.7700,=36872925763262.9063,=27690191884669,=12614464116593.9336,=11.8381,=0.2943,=20.2395,=13.5581,=11.0115
2019-11-08,=3973.0100,=5069.1200,=37493981404985,=28154950901571,=12838385287355.2773,=12.0374,=0.3197,=20.2426,=13.5583,=11.0097
2019-11-07,=3991.8700,=5093.1900,=37707141403420.1172,=28303331423372,=12902209461293.0195,=12.1059,=0.3274,=20.2426,=13.5585,=11.0097
2019-11-06,=3984.8800,=5084.2700,=37711053171998.2891,=28293993304811,=12879372176916.3652,=12.1071,=0.3281,=20.2426,=13.5588,=11.0097
2019-11-05,=4002.8100,=5107.1500,=37818108002164.3984,=28389462987363,=12933335344018.8320,=12.1415,=0.3335,=20.2426,=13.5592,=11.0097
2019-11-04,=3978.1200,=5075.6500,=37579860195032.3203,=28220560841660,=12855111502725.7891,=12.0650,=0.3237,=20.2426,=13.5605,=11.0097
2019-11-01,=3952.3900,=5042.8100,=37338730142327.0078,=28044976700143,=12766502551559.1348,=11.9876,=0.3137,=20.2506,=13.5619,=11.0072
2019-10-31,=3886.7500,=4959.0700,=36890485491478.5938,=27680786496925,=12555107585690.7383,=11.8437,=0.2951,=20.2506,=13.5638,=11.0072
2019-10-30,=3891.2300,=4964.7800,=36965472735569.8906,=27715298944533,=12511672829991.9863,=11.9445,=0.3076,=20.2506,=13.5657,=11.0072
2019-10-29,=3910.2300,=4989.0200,=37069435248480.5234,=27807139300723,=12484304485784.9316,=12.0447,=0.3207,=20.2506,=13.5666,=11.0072
2019-10-28,=3926.5900,=5009.8900,=37282582339290.2891,=27936571067073,=12519838604655.8730,=12.1380,=0.3315,=20.2506,=13.5676,=11.0072
2019-10-25,=3896.7900,=4971.8800,=37073521447698.7266,=27736120180496,=12419341281484.4297,=12.1110,=0.3274,=20.2534,=13.5688,=11.0052
2019-10-24,=3870.6700,=4938.2500,=36868553378547.2969,=27557442609436,=12314979357901.4004,=12.0610,=0.3227,=20.2534,=13.5700,=11.0052
2019-10-23,=3871.0800,=4938.7800,=36857008986381.1172,=27555685630680,=12310348054436.0176,=12.0621,=0.3228,=20.2534,=13.5710,=11.0052
2019-10-22,=3895.8800,=4970.4100,=36998447613945.5938,=27679419727657,=12386295693920.9492,=12.1268,=0.3297,=20.2534,=13.5720,=11.0052
2019-10-21,=3880.8400,=4951.2200,=36884199253870.1953,=27591091198738,=12319467572126.0996,=12.1450,=0.3320,=20.2534,=13.5724,=11.0052
2019-10-18,=3869.3800,=4936.5400,=36693154379506.9063,=27442162540559,=12284471194449.6895,=12.0863,=0.3256,=20.2544,=13.5729,=11.0017
2019-10-17,=3925.2200,=5007.7900,=37155515674318.6953,=27795907950098,=12462643325502.2773,=12.2435,=0.3424,=20.2544,=13.5730,=11.0017
2019-10-16,=3922.6900,=5004.5500,=37127678409715.3828,=27740081092347,=12453217223963.5469,=12.2343,=0.3408,=20.2544,=13.5732,=11.0017
2019-10-15,=3936.2500,=5021.8600,=37258092741903.1094,=27829582935058,=12492718456849.6504,=12.2835,=0.3460,=20.2544,=13.5734,=11.0017
2019-10-14,=3953.2400,=5043.5300,=37396062540124.0938,=27909005600607,=12548432645644.2402,=12.3270,=0.3498,=20.2544,=13.5736,=11.0017
2019-10-11,=3911.7300,=4990.5700,=36989676126985.3047,=27621564227718,=12416851231084.5156,=12.1976,=0.3363,=20.2591,=13.5751,=10.9995
2019-10-10,=3874.6400,=4942.8100,=36602905747423.5078,=27341518331929,=12294387916414.0293,=12.0700,=0.3239,=20.2591,=13.5765,=10.9995
2019-10-09,=3843.2400,=4902.7600,=36371016481325.5078,=27176058013833,=12197931640710.1309,=11.9935,=0.3155,=20.2591,=13.5767,=10.9995
2019-10-08,=3837.6800,=4895.6700,=36270820776454.8984,=27127197007875,=12175276264137.8164,=11.9605,=0.3119,=20.2591,=13.5769,=10.9995
2019-09-30,=3814.5300,=4866.1300,=36092265078778.9063,=26972593499639,=12106103368251.3711,=11.9016,=0.3051,=20.2591,=13.5776,=10.9995
2019-09-27,=3852.6500,=4914.7700,=36413634969685.7891,=27173832925135,=12213946795812.7656,=12.0076,=0.3169,=20.2619,=13.5783,=10.9946
2019-09-26,=3841.1400,=4900.0800,=36356683949406.2813,=27138241112143,=12177811963568.5469,=11.9888,=0.3144,=20.2619,=13.5797,=10.9946
2019-09-25,=3870.9800,=4938.0500,=36541528154314.6094,=27262379123283,=12265404329671.3203,=12.0498,=0.3213,=20.2619,=13.5810,=10.9946
2019-09-24,=3901.0800,=4976.4400,=36817025457448.3125,=27532480814004,=12360693321492.1895,=12.1406,=0.3305,=20.2619,=13.5833,=10.9946
2019-09-23,=3890.6600,=4962.8800,=36750554434612.2188,=27472537152940,=12327429492204.1543,=12.1187,=0.3277,=20.2619,=13.5855,=10.9946
2019-09-20,=3935.6500,=5020.2700,=37149731017410.3125,=27768991808364,=12470089514923.1543,=12.2503,=0.3421,=20.2681,=13.5857,=10.9920
2019-09-19,=3924.3800,=5005.8900,=37044441598195.1016,=27671908408773,=12434151842884.6426,=12.2156,=0.3370,=20.2681,=13.5859,=10.9920
2019-09-18,=3910.0800,=4987.6500,=36913685503196.9141,=27588447192139,=12391010941183.1895,=12.1725,=0.3329,=20.2681,=13.5869,=10.9920
2019-09-17,=3891.2200,=4963.5900,=36796389931314.3125,=27463723104653,=12332694241282.7070,=12.1338,=0.3295,=20.2681,=13.5879,=10.9920
2019-09-16,=3957.7200,=5047.7800,=37402718023062.8828,=27903886917579,=12541814065267.5859,=12.3338,=0.3479,=20.2681,=13.5882,=10.9920
2019-09-12,=3972.3800,=5066.4800,=37452352495765.0938,=27912202868818,=12586969739166.0547,=12.3501,=0.3491,=20.2685,=13.5884,=10.9903
2019-09-11,=3930.1000,=5012.5600,=37141259474501.6016,=27672581778164,=12455391995679.9863,=12.2476,=0.3409,=20.2685,=13.5888,=10.9903
2019-09-10,=3959.2600,=5049.7600,=37295194504298.4297,=27836139998865,=12543004570670.9141,=12.2983,=0.3447,=20.2685,=13.5892,=10.9903
2019-09-09,=3972.9500,=5067.2100,=37395927724379.1953,=27927435267553,=12588884206512.4180,=12.3315,=0.3474,=20.2685,=13.5898,=10.9903
2019-09-06,=3948.5100,=5036.0400,=37202277031938.2188,=27782084777537,=12512727903132.7773,=12.2677,=0.3426,=20.2685,=13.5904,=10.9903
2019-09-05,=3925.3200,=5006.4700,=37008923397912.6172,=27637574235395,=12439664560779.0020,=12.2039,=0.3353,=20.2687,=13.5926,=10.9858
2019-09-04,=3886,=4956.3200,=36646411000692.7969,=27398029869900,=12313045295487.4668,=12.0844,=0.3257,=20.2687,=13.5947,=10.9858
2019-09-03,=3853.6100,=4911.8100,=36300801538116.3984,=27168507721710,=12208258876748.9941,=11.9704,=0.3141,=20.2687,=13.5960,=10.9858
2019-09-02,=3848.3200,=4905.0700,=36243271970634.6016,=27133877931186,=12192033282748.7734,=11.9514,=0.3114,=20.2687,=13.5973,=10.9858
2019-08-30,=3799.5900,=4842.9500,=35866373271115.1016,=26851915133751,=12010711240298.0137,=11.8620,=0.3003,=20.2687,=13.5995,=10.9858
2019-08-29,=3790.1900,=4830.9700,=35811743511390.1172,=26777583139612,=11959980341052.6934,=11.8682,=0.3013,=20.2727,=13.6018,=10.9819
2019-08-28,=3802.5800,=4846.7700,=35895613152348.6016,=26854110764052,=11995366230722.9531,=11.9373,=0.3099,=20.2727,=13.6029,=10.9819
2019-08-27,=3816.9500,=4865.0800,=36039011874408.1094,=26957204787411,=12035477504293.7266,=12.0097,=0.3174,=20.2727,=13.6040,=10.9819
2019-08-26,=3765.9100,=4799.7400,=35573079014800.6172,=26609316951449,=11874546222161.6543,=11.8776,=0.3035,=20.2727,=13.6049,=10.9819
2019-08-23,=3820.8600,=4869.4900,=36048204225137.5156,=26970821362953,=12046528723860.3281,=12.0810,=0.3242,=20.2727,=13.6057,=10.9819
2019-08-22,=3793.5100,=4834.6200,=35830072467472.5234,=26792650412006,=11956084156088.9531,=12.0416,=0.3206,=20.2883,=13.6060,=10.9780
2019-08-21,=3781.7600,=4818.9600,=35798157491017.5000,=26732467609740,=11920693295919.6211,=12.0229,=0.3192,=20.2883,=13.6064,=10.9780
2019-08-20,=3787.7300,=4826.4900,=35830013996178.9766,=26768269735080,=11924039958595.0352,=12.0485,=0.3207,=20.2883,=13.6098,=10.9780
2019-08-19,=3791.0900,=4830.7200,=35898024169089.2188,=26793153256784,=11909440896665.5488,=12.0586,=0.3214,=20.2883,=13.6133,=10.9780
2019-08-16,=3710.5400,=4727.7400,=35235679193677.0938,=26264560064320,=11664711447421.2754,=11.8429,=0.2989,=20.2883,=13.6137,=10.9780
2019-08-15,=3694,=4706.2400,=35139690636517,=26178092666798,=11613003973383.0508,=11.8923,=0.3050,=20.2923,=13.6140,=10.9776
2019-08-14,=3682.4000,=4688.7000,=35037808683478.1992,=26113792981942,=11576885634433.8262,=11.8627,=0.3013,=20.2923,=13.6140,=10.9776
2019-08-13,=3665.7500,=4667.5000,=34900831789467.9219,=25996890124558,=11519922213295.8379,=11.8156,=0.2963,=20.2923,=13.6141,=10.9776
2019-08-12,=3699.1000,=4709.9700,=35184429954023.2031,=26207187144157,=11625841728766.0879,=11.9350,=0.3093,=20.2923,=13.6146,=10.9776
2019-08-09,=3633.5300,=4626,=34651375494314.0898,=25798440657188,=11412041356157.6875,=11.7640,=0.2907,=20.2923,=13.6152,=10.9776
2019-08-08,=3669.2900,=4671.1300,=34895127326798.6055,=25954588296140,=11522024661286.2051,=11.8478,=0.2991,=20.3276,=13.6156,=10.9773
2019-08-07,=3621.4300,=4609.1100,=34497878269629.2891,=25652779741643,=11368060476032.7148,=11.7181,=0.2854,=20.3276,=13.6161,=10.9773
2019-08-06,=3636.3300,=4628.0700,=34633989200245.2031,=25747849646391,=11417227418955.0645,=11.7644,=0.2907,=20.3276,=13.6172,=10.9773
2019-08-05,=3675.6900,=4675.3300,=35014328950216.8984,=26022488018743,=11540358807053.6934,=11.8925,=0.3040,=20.3276,=13.6183,=10.9773
2019-08-02,=3747.4400,=4766.0900,=35675221419534.4063,=26511124892142,=11764103816585.9707,=12.1169,=0.3236,=20.3276,=13.6206,=10.9773
2019-08-01,=3803.4700,=4836.1500,=36210692459494.5078,=26831674177888,=11939222962970.7246,=12.3002,=0.3400,=20.3321,=13.6228,=10.9680
2019-07-31,=3835.3600,=4876.7000,=36510182697258.8906,=27052821693708,=12039015588075.9551,=12.4049,=0.3482,=20.3321,=13.6232,=10.9680
2019-07-30,=3870.3200,=4919.7100,=36786249554776.6016,=27228205334363,=12144408289719.9551,=12.4991,=0.3557,=20.3321,=13.6236,=10.9680
2019-07-29,=3854.2700,=4898.9300,=36640001649759.9063,=27125596663798,=12097979177183.7695,=12.4496,=0.3515,=20.3321,=13.6251,=10.9680
2019-07-26,=3858.5700,=4904.3400,=36681872404586.0078,=27149662827111,=12110372409562.4219,=12.4660,=0.3522,=20.3321,=13.6265,=10.9680
2019-07-25,=3851.0700,=4893.9900,=36629157964686.7891,=27090361328985,=12084981787347.6934,=12.4481,=0.3515,=20.3473,=13.6288,=10.9673
2019-07-24,=3819.8300,=4853.8700,=36395365582435.7188,=26906638750117,=11981197020773.7305,=12.3691,=0.3461,=20.3473,=13.6310,=10.9673
2019-07-23,=3789.9100,=4815.4700,=36112478139746,=26726755830443,=11888256747802.3535,=12.2730,=0.3393,=20.3473,=13.6321,=10.9673
2019-07-22,=3781.6800,=4802.4700,=36021928712792,=26682121726293,=11861766233734.5684,=12.2422,=0.3365,=20.3473,=13.6333,=10.9673
2019-07-19,=3807.9600,=4835.2800,=36257223231276.5000,=26836602123013,=11941210670685.7676,=12.3236,=0.3418,=20.3473,=13.6337,=10.9673
2019-07-18,=3768.4000,=4783.3100,=35917202018418.0938,=26586675291021,=11812544750266.5117,=12.2081,=0.3327,=20.3650,=13.6341,=10.9630
2019-07-17,=3804.6400,=4827.0800,=36194009478168.8828,=26818041798139,=11923581596996.8223,=12.3083,=0.3408,=20.3650,=13.6353,=10.9630
2019-07-16,=3806.8400,=4828.9000,=36248363261020.6016,=26844511986677,=11930571904878.2480,=12.3268,=0.3415,=20.3650,=13.6365,=10.9630
2019-07-15,=3824.1900,=4850.3100,=36364522891084.1016,=26935508786035,=11981765078677.8301,=12.3663,=0.3448,=20.3650,=13.6366,=10.9630
2019-07-12,=3808.7300,=4830.6700,=36260722725164.9922,=26868357811041,=11933664342639.3281,=12.3310,=0.3417,=20.3650,=13.6368,=10.9630
2019-07-11,=3785.2200,=4792.6300,=36012327105523.9063,=26700216619331,=11864779430197.7402,=12.2465,=0.3372,=20.3732,=13.6380,=10.9630
2019-07-10,=3786.7400,=4790.1600,=35981050280921.5078,=26690779581084,=11862733270846.1855,=12.2359,=0.3358,=20.3732,=13.6393,=10.9630
2019-07-09,=3793.1300,=4796.3000,=36174712688634,=26755245074925,=11884232167882.9746,=12.3017,=0.3403,=20.3732,=13.6399,=10.9630
2019-07-08,=3802.7900,=4805.3000,=36284692799511.2891,=26833423905068,=11915622122339.7422,=12.3391,=0.3421,=20.3732,=13.6405,=10.9630
2019-07-05,=3893.2000,=4918.2500,=37106874548423.3906,=27450192990352,=12196580015098.4141,=12.6187,=0.3615,=20.3732,=13.6413,=10.9630
2019-07-04,=3873.1000,=4889,=36985440035374.4063,=27347322618992,=12135306514383.3730,=12.5774,=0.3596,=20.3822,=13.6420,=10.9619
2019-07-03,=3893.5300,=4914.1900,=37126495763348.5078,=27452598001745,=12196906152634.5234,=12.6254,=0.3615,=20.3822,=13.6435,=10.9619
2019-07-02,=3937.1700,=4966.2000,=37485818886585.0938,=27757153121346,=12330312329945.1543,=12.7476,=0.3734,=20.3822,=13.6450,=10.9619
2019-07-01,=3935.8100,=4964.4600,=37451287406708.3125,=27650153982509,=12331460485777.8535,=12.7359,=0.3712,=20.3822,=13.6456,=10.9619
2019-06-28,=3825.5900,=4825.3300,=36584290950215.5078,=26991105738572,=12000849202132.0156,=12.4410,=0.3488,=20.3822,=13.6461,=10.9619
2019-06-27,=3834.8200,=4832.5600,=36699481780993.4922,=27087030018779,=12032671981281.2324,=12.4802,=0.3512,=20.3863,=13.6470,=10.9612
2019-06-26,=3794.3300,=4779.1200,=36385577805246.1094,=26838509904982,=11903548987131.1621,=12.3734,=0.3449,=20.3863,=13.6479,=10.9612
2019-06-25,=3801.3100,=4786.3600,=36452681319833.0078,=26863618623836,=11930921004106.0137,=12.3963,=0.3462,=20.3863,=13.6513,=10.9612
2019-06-24,=3841.2700,=4836.1200,=36803437023294.2109,=27130675699663,=12064723057494.3027,=12.5155,=0.3538,=20.3863,=13.6548,=10.9612
2019-06-21,=3833.9400,=4826.3500,=36720795055661.7891,=27064921415028,=12042569875320.7480,=12.4874,=0.3513,=20.3863,=13.6563,=10.9612
2019-06-20,=3828.5200,=4819.0400,=36655214728449.3906,=27015289101422,=12028886787748.2324,=12.4651,=0.3497,=20.4011,=13.6577,=10.9598
2019-06-19,=3715.9400,=4677.0700,=35712578410771.5078,=26327875646457,=11674469495309.4004,=12.1446,=0.3295,=20.4011,=13.6590,=10.9598
2019-06-18,=3667.6200,=4608.2100,=35346261423365.9922,=26086303220159,=11521672739798.8066,=12.0200,=0.3200,=20.4011,=13.6603,=10.9598
2019-06-17,=3654.8200,=4591.8000,=35249910981205.3047,=26028053082652,=11480193070389.9551,=11.9872,=0.3160,=20.4011,=13.6608,=10.9598
2019-06-14,=3654.8800,=4591.5400,=34339312325093.9883,=25822680966255,=11337533230795.2695,=11.8112,=0.2984,=20.4011,=13.6613,=10.9598
2019-06-13,=3685.3900,=4628.3000,=34571046723420.2930,=26001299626724,=11427049641459.1621,=11.8909,=0.3066,=20.4095,=13.6623,=10.9578
2019-06-12,=3691.1000,=4635.2700,=34633509082459.7070,=26035065001292,=11441318520201.5254,=11.9124,=0.3085,=20.4095,=13.6633,=10.9578
2019-06-11,=3719.2800,=4670.1900,=34864362847128.0078,=26206087910473,=11525482436825.5215,=11.9918,=0.3155,=20.4095,=13.6637,=10.9578
2019-06-10,=3610.7400,=4530.5200,=34082756622340.3984,=25589704649667,=11195134961577.5059,=11.7229,=0.2889,=20.4095,=13.6641,=10.9578
2019-06-06,=3564.6800,=4472.5700,=33728534683621.6094,=25297072012296,=11053933961916.0156,=11.6011,=0.2684,=20.4095,=13.6672,=10.9578
2019-06-05,=3597.1100,=4511.5800,=33992804240963.3867,=25483603036449,=11154994945908.4199,=11.6920,=0.2853,=20.4128,=13.6702,=10.9545
2019-06-04,=3598.4700,=4512.1900,=33961055808706.2891,=25475545160113,=11159773308652.9414,=11.6811,=0.2833,=20.4128,=13.6710,=10.9545
2019-06-03,=3632.0100,=4554.2400,=34184692865783.6094,=25664376886259,=11261666355931.3867,=11.7580,=0.2930,=20.4128,=13.6717,=10.9545
2019-05-31,=3629.7900,=4549.7200,=34168461442244.2930,=25655064713283,=11254322761952.2930,=11.7524,=0.2919,=20.4128,=13.6733,=10.9545
2019-05-30,=3641.1800,=4561.6100,=34295751132300.6094,=25761728032955,=11288847183210.7695,=11.7962,=0.2967,=20.4128,=13.6748,=10.9545
2019-05-29,=3663.9100,=4587.1700,=34414756125446.5117,=25852425858464,=11355123048083.7363,=11.8371,=0.2997,=20.4313,=13.6749,=10.9516
2019-05-28,=3672.2600,=4597.0200,=34463508733384.5938,=25905905479668,=11384230836725.8770,=11.8539,=0.3006,=20.4313,=13.6750,=10.9516
2019-05-27,=3637.2000,=4551.6500,=34176492562423.3008,=25669364018492,=11276140874746.3184,=11.7552,=0.2923,=20.4313,=13.6763,=10.9516
2019-05-24,=3593.9100,=4495.4800,=33843813915893.5117,=25411336237717,=11142634858463.5547,=11.6407,=0.2784,=20.4313,=13.6776,=10.9516
2019-05-23,=3583.9600,=4481.8300,=33759125552591.1211,=25351779272416,=11111650879660.4375,=11.6116,=0.2712,=20.4313,=13.6792,=10.9516
2019-05-22,=3649.3800,=4558.6200,=34230747082853.5000,=25718412839108,=11308327024021.2793,=11.7738,=0.2931,=20.4322,=13.6809,=10.9513
2019-05-21,=3666.7800,=4580.3400,=34377662466378.8984,=25832938954100,=11361149267583.0352,=11.8244,=0.2985,=20.4322,=13.6824,=10.9513
2019-05-20,=3617.7900,=4518.6600,=33999236579912.6914,=25528603587024,=11210530520245.6172,=11.6942,=0.2857,=20.4322,=13.6838,=10.9513
2019-05-17,=3648.7600,=4557.3400,=34143024852890.3008,=25667266115950,=11301721397811.8691,=11.7437,=0.2913,=20.4322,=13.6839,=10.9513
2019-05-16,=3743.9600,=4676.0900,=34897120355121.8008,=26236489189457,=11590947841934.9668,=12.0030,=0.3133,=20.4322,=13.6840,=10.9513
2019-05-15,=3727.0900,=4654.9600,=34749015882353.5781,=26119122828187,=11540209288350.2793,=11.9521,=0.3087,=20.4378,=13.6852,=10.9508
2019-05-14,=3645.1500,=4552.0100,=34091563243546.8086,=25608539809146,=11288710462674.0449,=11.7260,=0.2890,=20.4378,=13.6864,=10.9508
2019-05-13,=3668.7300,=4581.4500,=34291361058860.6992,=25759825314599,=11362180909060.7383,=11.7947,=0.2955,=20.4378,=13.6868,=10.9508
2019-05-10,=3730.4500,=4658.5400,=34816902234393.3984,=26108359623556,=11554162593361.8047,=11.9754,=0.3107,=20.4378,=13.6872,=10.9508
2019-05-09,=3599.7000,=4495.1700,=33778368670178,=25301655646319,=11152551408727.9023,=11.6182,=0.2740,=20.4378,=13.6896,=10.9508
2019-05-08,=3667.4600,=4579.7100,=34356746144381.5195,=25738119090453,=11360170256451.2539,=11.8172,=0.2963,=20.4715,=13.6919,=10.9499
2019-05-07,=3720.6700,=4646.1600,=34837696081569.8984,=26041729691196,=11525099696196.0098,=11.9826,=0.3107,=20.4715,=13.6927,=10.9499
2019-05-06,=3684.6200,=4600.7300,=34625720792790.1055,=25863459255319,=11419924337065.8379,=11.9097,=0.3047,=20.4715,=13.6934,=10.9499
2019-04-30,=3913.2100,=4886.1200,=36551703488188.0781,=27278604091823,=12121075555396.3711,=12.5420,=0.3495,=20.4715,=13.6947,=10.9499
2019-04-29,=3900.3300,=4870.0400,=36457432941173.0078,=27192194889295,=12017918234926.5313,=12.5747,=0.3517,=20.4715,=13.6959,=10.9499
2019-04-26,=3889.2700,=4856.1900,=36344403448041.9922,=27097249195212,=11917731631438.2344,=12.6081,=0.3538,=20.4749,=13.6963,=10.9490
2019-04-25,=3941.8200,=4921.7900,=36759048869216.8984,=27429235333555,=12044314748014.5254,=12.8258,=0.3750,=20.4749,=13.6968,=10.9490
2019-04-24,=4030.0900,=5032.0100,=37492880420115.7031,=27984577237977,=12272384227945.3203,=13.0779,=0.4053,=20.4749,=13.6969,=10.9490
2019-04-23,=4019.0100,=5018.1500,=37450446991944.4063,=27950436213913,=12220752569956.1738,=13.1606,=0.4189,=20.4749,=13.6971,=10.9490
2019-04-22,=4025.6100,=5026.4000,=37514360243015.6875,=27877271769491,=12234137420705.4492,=13.1630,=0.4190,=20.4749,=13.6986,=10.9490
2019-04-19,=4120.6100,=5144.8000,=38337358111047.6875,=28475724866736,=12520677882351.1895,=13.4576,=0.4607,=20.4820,=13.7001,=10.9482
2019-04-18,=4072.0800,=5084.1300,=38008194008665.9063,=28201998936307,=12377545465608.0586,=13.3480,=0.4450,=20.4820,=13.7006,=10.9482
2019-04-17,=4087.2400,=5102.5900,=38193434607493.3281,=28332441695460,=12426837510032.8301,=13.4119,=0.4540,=20.4820,=13.7012,=10.9482
2019-04-16,=4085.7900,=5100.7800,=38114449198012.4063,=28272083839662,=12422813476302.3730,=13.3811,=0.4497,=20.4820,=13.7014,=10.9482
2019-04-15,=3975.5200,=4962.9900,=37068855535659.5078,=27536921095633,=12081361429993.2422,=12.9924,=0.3961,=20.4820,=13.7016,=10.9482
2019-04-12,=3988.6200,=4979.3300,=37108955324431.7969,=27527689251942,=12113830656440.9043,=13.0070,=0.3980,=20.4868,=13.7043,=10.9465
2019-04-11,=3997.5800,=4990.5200,=37134841951926.6875,=27551290102197,=12137898761414.7324,=13.0335,=0.4008,=20.4868,=13.7070,=10.9465
2019-04-10,=4085.8500,=5100.7100,=37801022782612.8984,=28055452985487,=12396494712252.9395,=13.2661,=0.4335,=20.4868,=13.7083,=10.9465
2019-04-09,=4075.4300,=5087.7100,=37795473178142.3047,=28014816690936,=12374700918975.7383,=13.2617,=0.4330,=20.4868,=13.7096,=10.9465
2019-04-08,=4057.2300,=5064.9800,=37791395347487.7188,=27982574835631,=12334891370339.8379,=13.2603,=0.4329,=20.4868,=13.7096,=10.9465
2019-04-04,=4062.2300,=5069.5300,=37813684227823.3984,=27972145735421,=12351626997721.1055,=13.2681,=0.4336,=20.4901,=13.7096,=10.9451
2019-04-03,=4022.1600,=5019.3900,=37382370807030.2891,=27646337633609,=12225416534017.7949,=13.1174,=0.4125,=20.4901,=13.7107,=10.9451
2019-04-02,=3971.2900,=4955.9000,=36946889195620.1875,=27326088402483,=12067412103333.5879,=12.9644,=0.3912,=20.4901,=13.7117,=10.9451
2019-04-01,=3973.9300,=4959.2000,=36981415887978.5859,=27364892072040,=12071402152618.1816,=12.9710,=0.3931,=20.4901,=13.7119,=10.9451
2019-03-29,=3872.3400,=4832.4300,=36117584494136.2031,=26742493456197,=11797451266381.0293,=12.6525,=0.3576,=20.4901,=13.7120,=10.9451
2019-03-28,=3728.4000,=4652.7500,=34905121415548.8086,=25824879333100,=11342126350577.7109,=12.2326,=0.3329,=20.5014,=13.7126,=10.9411
2019-03-27,=3743.3900,=4671.2600,=35107395832195.2891,=25945293303909,=11385327280989.3066,=12.2299,=0.3324,=20.5014,=13.7133,=10.9411
2019-03-26,=3700.4400,=4617.6600,=34767586544775.3008,=25684081339153,=11250373510680.6738,=12.0997,=0.3208,=20.5014,=13.7155,=10.9411
2019-03-25,=3742.8300,=4670.5600,=35118811880329.1016,=25959640016536,=11396698525242.9844,=12.2364,=0.3326,=20.5014,=13.7176,=10.9411
2019-03-22,=3833.8000,=4784.0800,=35973648257396.2813,=26573160780224,=11627121374454.4785,=12.4986,=0.3475,=20.5014,=13.7181,=10.9411
2019-03-21,=3836.8900,=4787.9400,=36029397472407.2969,=26594772484353,=11627938697782.0176,=12.5206,=0.3491,=20.5119,=13.7185,=10.9386
2019-03-20,=3835.4400,=4786.1300,=36025284759632.1016,=26585243538984,=11623648494810.8535,=12.5097,=0.3483,=20.5119,=13.7196,=10.9386
2019-03-19,=3833.9600,=4784.2800,=36072660739358.3047,=26618066314512,=11618793661476.5332,=12.5213,=0.3490,=20.5119,=13.7207,=10.9386
2019-03-18,=3851.7500,=4806.4800,=36213945448129.9063,=26740185730406,=11671268205725.1016,=12.5580,=0.3505,=20.5119,=13.7217,=10.9386
2019-03-15,=3745.0100,=4673.2800,=35314840760556.3906,=26044002606771,=11353491799195.6289,=12.2413,=0.3335,=20.5119,=13.7227,=10.9386
2019-03-14,=3698.4900,=4615.2300,=34970099308868.1133,=25781774088643,=11213056679948.3379,=12.1209,=0.3239,=20.5176,=13.7269,=10.9342
2019-03-13,=3724.1900,=4647.3100,=35191947650617.7969,=25934274062292,=11287923806034.4785,=12.2044,=0.3302,=20.5176,=13.7311,=10.9342
2019-03-12,=3755.3500,=4686.1900,=35515827183201.9063,=26159000118159,=11382123214566.9082,=12.3391,=0.3383,=20.5176,=13.7323,=10.9342
2019-03-11,=3729.9500,=4654.5000,=35274008297640.9922,=25989439673885,=11305762733203.7246,=12.2549,=0.3348,=20.5176,=13.7335,=10.9342
2019-03-08,=3657.5800,=4564.1800,=34691046105343.9023,=25536252281722,=11095722045412.3730,=12.0663,=0.3201,=20.5176,=13.7349,=10.9342
2019-03-07,=3808.8500,=4752.9500,=36151011174812.3984,=26581842732488,=11552737669138.8066,=12.5742,=0.3507,=20.5323,=13.7364,=10.9338
2019-03-06,=3848.0900,=4801.9100,=36508021025614.1875,=26875747369058,=11672100648537.7012,=12.6997,=0.3579,=20.5323,=13.7368,=10.9338
2019-03-05,=3816.0100,=4761.8900,=36156160102255.6094,=26651969107794,=11571266532008.5195,=12.5772,=0.3512,=20.5323,=13.7371,=10.9338
2019-03-04,=3794.1000,=4734.5500,=36033516304931.2031,=26567773732244,=11510324940094.6523,=12.5343,=0.3489,=20.5323,=13.7386,=10.9338
2019-03-01,=3749.7100,=4679.1500,=35679948606901.2109,=26311606085616,=11380827265204.7793,=12.4113,=0.3422,=20.5323,=13.7401,=10.9338
2019-02-28,=3669.3700,=4578.8900,=34934802242595.6172,=25759345927906,=11131255643660.8535,=12.1521,=0.3269,=20.5326,=13.7408,=10.9288
2019-02-27,=3678.3900,=4590.1500,=35112783166190,=25861995693900,=11161779794790.9414,=12.2147,=0.3315,=20.5326,=13.7416,=10.9288
2019-02-26,=3684.6900,=4598.0200,=35044504103462.5117,=25833150604321,=11177418346751.8652,=12.1910,=0.3298,=20.5326,=13.7424,=10.9288
2019-02-25,=3729.4800,=4653.9100,=35455843147110.8984,=26127728688500,=11313082292201.0645,=12.3343,=0.3373,=20.5326,=13.7432,=10.9288
2019-02-22,=3520.1200,=4391.4900,=33495747344645.6953,=24721766349154,=10675608156202.4863,=11.6524,=0.2846,=20.5326,=13.7435,=10.9288
2019-02-21,=3442.7100,=4294.9200,=32911937157361.9883,=24286416158288,=10439337683093.9355,=11.4493,=0.2565,=20.5415,=13.7437,=10.9265
2019-02-20,=3451.9300,=4306.4200,=33033889871103.2070,=24373620622577,=10466188734983.9609,=11.4918,=0.2616,=20.5415,=13.7457,=10.9265
2019-02-19,=3439.6100,=4291.0500,=32905361636984.1016,=24278585868906,=10428763580958.9355,=11.4471,=0.2561,=20.5415,=13.7476,=10.9265
2019-02-18,=3445.7400,=4298.7100,=32938906416708.1094,=24317214063306,=10444427872190.5840,=11.4587,=0.2579,=20.5415,=13.7477,=10.9265
2019-02-15,=3338.7000,=4165.1700,=32046946973931.1953,=23631719801323,=10121257284728.6348,=11.1495,=0.2262,=20.5415,=13.7477,=10.9265
2019-02-14,=3402.1400,=4244.3100,=32642149439282.6992,=24063105068057,=10313504359838.2285,=11.3565,=0.2492,=20.5475,=13.7497,=10.9251
2019-02-13,=3397.0300,=4237.9300,=32675264415174.8984,=24065194151241,=10298861816398.1777,=11.3681,=0.2496,=20.5475,=13.7516,=10.9251
2019-02-12,=3330.3400,=4154.7300,=32066183142084.7891,=23629581444973,=10095979144538.6426,=11.1561,=0.2267,=20.5475,=13.7552,=10.9251
2019-02-11,=3306.4700,=4124.9600,=31867253945392.9883,=23512868596273,=10018068570154.4922,=11.0867,=0.2203,=20.5475,=13.7588,=10.9251
2019-02-01,=3247.4000,=4051.2600,=31476015607105.8008,=23187377192162,=9845167934541.7422,=10.9508,=0.2037,=20.5475,=13.7596,=10.9251
2019-01-31,=3201.6300,=3994.1700,=31145668181992.0977,=22936464162887,=9710072980595.4375,=10.8359,=0.1907,=20.5508,=13.7604,=10.9251
2019-01-30,=3168.4800,=3952.8100,=30788428469756.1016,=22671814028154,=9605631102112.1465,=10.7116,=0.1797,=20.5508,=13.7634,=10.9251
2019-01-29,=3193.9700,=3984.6100,=30979988508060.8945,=22827058658862,=9681021348503.9180,=10.7783,=0.1854,=20.5508,=13.7664,=10.9265
2019-01-28,=3183.7800,=3971.8900,=30871423734745.3008,=22741051705423,=9650459184429.3418,=10.7405,=0.1828,=20.5508,=13.7680,=10.9288
2019-01-25,=3184.4700,=3972.7600,=30870013826282.6016,=22738694802772,=9654048690119.4316,=10.7400,=0.1825,=20.5508,=13.7696,=10.9338
2019-01-24,=3158.7800,=3940.7100,=30608896780693.2891,=22546928693290,=9574087224115.7578,=10.6491,=0.1743,=20.5540,=13.7701,=10.9338
2019-01-23,=3141.0500,=3918.5900,=30457203494603.1016,=22442299012359,=9516657743744.0391,=10.5964,=0.1722,=20.5540,=13.7707,=10.9342
2019-01-22,=3143.3200,=3921.4200,=30449184681267.5859,=22446286406106,=9524229038988.6094,=10.5936,=0.1714,=20.5540,=13.7720,=10.9386
2019-01-21,=3185.6400,=3974.2100,=30838519090396.9102,=22728471914079,=9651721933564.0508,=10.7290,=0.1804,=20.5540,=13.7732,=10.9411
2019-01-18,=3168.1700,=3952.4300,=30652076611662.7109,=22589873565367,=9600673640681.4902,=10.6642,=0.1748,=20.5540,=13.7733,=10.9451
2019-01-17,=3111.4200,=3881.6200,=30119096332396.7188,=22204745344664,=9425760450053.1250,=10.4787,=0.1593,=20.5595,=13.7733,=10.9451
2019-01-16,=3128.6500,=3903.1200,=30222527695675.6016,=22296804874156,=9478958206060.0703,=10.5147,=0.1653,=20.5595,=13.7755,=10.9465
2019-01-15,=3127.9900,=3902.3000,=30202906450714.1016,=22281907565930,=9477609956585.5059,=10.5079,=0.1645,=20.5595,=13.7776,=10.9482
2019-01-14,=3067.7800,=3827.1900,=29734644974818.5000,=21919026533062,=9297400674020.1934,=10.3450,=0.1454,=20.5595,=13.7777,=10.9490
2019-01-11,=3094.7800,=3860.8600,=29983033268146.0898,=22088923218617,=9376062908721.1191,=10.4314,=0.1520,=20.5595,=13.7777,=10.9499
2019-01-10,=3072.6900,=3833.3000,=29782517760136.3281,=21935840780893,=9307451925758.8848,=10.3616,=0.1470,=20.5630,=13.7784,=10.9499
2019-01-09,=3078.4800,=3840.5200,=29911611596785.7109,=22013920323923,=9325904066488.2695,=10.4066,=0.1503,=20.5630,=13.7791,=10.9513
2019-01-08,=3047.7000,=3802.1300,=29641277657243.6016,=21811585095929,=9232487286239.8691,=10.3125,=0.1426,=20.5630,=13.7799,=10.9516
2019-01-07,=3054.3000,=3810.3700,=29693955564281.6055,=21862710383909,=9252984926649.4375,=10.3308,=0.1435,=20.5630,=13.7806,=10.9545
2019-01-04,=3035.8700,=3787.3800,=29580157786290.6992,=21759971102443,=9199009644625.4375,=10.2912,=0.1397,=20.5630,=13.7814,=10.9578
2019-01-03,=2964.8400,=3698.7600,=28976612242480.3086,=21304809193444,=8983172561921.6191,=10.0813,=0.1233,=20.5717,=13.7822,=10.9578
2019-01-02,=2969.5400,=3704.6200,=28972851173007.7070,=21316674506096,=8992836667899.8477,=10.0799,=0.1230,=20.5717,=13.7830,=10.9598
2018-12-28,=3010.6500,=3755.9100,=29396477261818.0039,=21551866935759,=9103040259688.6445,=10.2273,=0.1350,=20.5717,=13.7839,=10.9612
2018-12-27,=2990.5100,=3730.7100,=29234866810604.2891,=21433584478817,=9040902419571.6406,=10.1711,=0.1321,=20.5717,=13.7854,=10.9619
2018-12-26,=3002.0300,=3745.0900,=29348344934872.0117,=21503678202853,=9074342384097.6348,=10.2106,=0.1339,=20.5717,=13.7869,=10.9630
2018-12-25,=3017.2800,=3764.1100,=29439359970766,=21571895543085,=9121246000485.4766,=10.2423,=0.1358,=20.5741,=13.7875,=10.9630
2018-12-24,=3038.2000,=3790.2000,=29647419528924.3984,=21728697005740,=9184593069587.4180,=10.3146,=0.1412,=20.5741,=13.7881,=10.9630
2018-12-21,=3029.4000,=3779.2200,=29567868362335.7969,=21650538323286,=9159895748315.3301,=10.2870,=0.1379,=20.5741,=13.7883,=10.9673
2018-12-20,=3067.4200,=3826.6500,=29872708902867.7109,=21875937177760,=9276519776394.4531,=10.3930,=0.1464,=20.5741,=13.7886,=10.9680
2018-12-19,=3091.1300,=3856.2300,=30127719446097.5898,=22052629695424,=9344452087040.3574,=10.4817,=0.1557,=20.5741,=13.7893,=10.9773
2018-12-18,=3128.4300,=3902.7700,=30451423476620.8984,=22292087060838,=9460491134668.4453,=10.5944,=0.1666,=20.6049,=13.7901,=10.9773
2018-12-17,=3161.2000,=3943.6500,=30755151589729.6016,=22522754851401,=9561265159347.3691,=10.7000,=0.1723,=20.6049,=13.7908,=10.9776
2018-12-14,=3165.9100,=3949.5300,=30116760634868.2891,=22396968494911,=9513057159442.0703,=10.5830,=0.1661,=20.6049,=13.7915,=10.9780
2018-12-13,=3219.6900,=4016.6200,=30555018488861.3008,=22716740196819,=9674250523882.9727,=10.7370,=0.1748,=20.6049,=13.7916,=10.9819
2018-12-12,=3170.6100,=3955.3900,=30151920010718.9102,=22405112439192,=9528817714607.6445,=10.5953,=0.1665,=20.6049,=13.7918,=10.9858
2018-12-11,=3159.8200,=3941.9200,=30023590678042.3086,=22322325403780,=9496605887915.3242,=10.5502,=0.1638,=20.6050,=13.7921,=10.9858
2018-12-10,=3144.7600,=3923.1500,=29926997604541.6055,=22251606694363,=9452353633832.7363,=10.5163,=0.1615,=20.6050,=13.7925,=10.9903
2018-12-07,=3181.5600,=3969.0600,=30209736733829.5039,=22459349026847,=9560235141019.6914,=10.6127,=0.1663,=20.6050,=13.7940,=10.9920
2018-12-06,=3181.6700,=3968.8300,=30196170622382.5000,=22456558099125,=9550692549454.0293,=10.5978,=0.1661,=20.6050,=13.7956,=10.9946
2018-12-05,=3252,=4056.5600,=30766668023934.5000,=22890009087365,=9759353825679.4414,=10.7980,=0.1776,=20.6050,=13.7962,=10.9995
2018-12-04,=3267.7100,=4076.1500,=30919237076280.8008,=22956118930256,=9807914932552.4707,=10.8516,=0.1827,=20.6114,=13.7968,=10.9995
2018-12-03,=3260.9500,=4067.7200,=30862053284103.5000,=22912687483447,=9789512034255.1406,=10.8315,=0.1810,=20.6114,=13.7981,=11.0017
2018-11-30,=3172.6900,=3957.6200,=30115603949242.5898,=22334312006870,=9524566690891.0703,=10.5695,=0.1648,=20.6114,=13.7995,=11.0052
2018-11-29,=3137.6500,=3913.9200,=29836574416297.0117,=22113848717471,=9419948568381.5195,=10.4716,=0.1546,=20.6114,=13.8000,=11.0072
2018-11-28,=3178.9300,=3965.4100,=30164397899108.9102,=22354059840348,=9543404636903.3418,=10.5867,=0.1655,=20.6114,=13.8004,=11.0097
2018-11-27,=3137.2400,=3913.4000,=29841030809538.3984,=22098979221148,=9417255641775.9336,=10.4732,=0.1556,=20.6156,=13.8010,=11.0097
2018-11-26,=3141.2400,=3918.3900,=29905480665042.5898,=22153838689632,=9432067279662.6348,=10.4958,=0.1577,=20.6156,=13.8016,=11.0115
2018-11-23,=3143.4800,=3921.1800,=29923416629685.4141,=22178644164888,=9437878172809.4043,=10.5021,=0.1593,=20.6156,=13.8049,=11.0148
2018-11-22,=3214.4300,=4009.6800,=30500908483764.7930,=22617233778113,=9651250380321.0820,=10.7050,=0.1696,=20.6156,=13.8082,=11.0172
2018-11-21,=3226.4900,=4024.7300,=30598042685468.4102,=22683509801221,=9687020733871.0352,=10.7391,=0.1724,=20.6156,=13.8111,=11.0206
2018-11-20,=3218.4100,=4014.6500,=30568037607879.8984,=22655742229060,=9664063625001.2852,=10.7286,=0.1715,=20.6224,=13.8141,=11.0206
2018-11-19,=3294.6000,=4109.7000,=31189044477544.8984,=23131168469763,=9891830674930.8066,=10.9465,=0.1903,=20.6224,=13.8144,=11.0225
2018-11-16,=3257.6700,=4063.6300,=30844237461587.2969,=22874006202243,=9779374171928.3359,=10.8255,=0.1782,=20.6224,=13.8147,=11.0231
2018-11-15,=3242.3700,=4044.5400,=30753579955088.1992,=22801406545835,=9733280975887.6895,=10.7937,=0.1747,=20.6224,=13.8158,=11.0295
2018-11-14,=3204.9400,=3997.4500,=30412947378305.2148,=22558812385040,=9620763955142.7813,=10.6741,=0.1675,=20.6224,=13.8169,=11.0320
2018-11-13,=3237.3800,=4037.9100,=30763297339075.0117,=22829884518679,=9719381945309.7344,=10.7971,=0.1748,=20.6285,=13.8171,=11.0320
2018-11-12,=3205.1400,=3997.7000,=30549058474488.5000,=22657317749269,=9621348446000.8926,=10.7219,=0.1712,=20.6285,=13.8174,=11.0345
2018-11-09,=3167.4400,=3950.6800,=30290694391175.6016,=22457937285330,=9509592579302.0723,=10.6312,=0.1661,=20.6285,=13.8185,=11.0383
2018-11-08,=3212.7700,=4007.2200,=30838212526225.5000,=22831278401619,=9652795942134.0078,=10.8234,=0.1768,=20.6285,=13.8196,=11.0403
2018-11-07,=3221.9100,=4018.6100,=30878242617811.9922,=22861312708873,=9679085515366.4063,=10.8375,=0.1771,=20.6285,=13.8236,=11.0441
2018-11-06,=3243.1500,=4045.1100,=31089351727203.6875,=23023342137926,=9750704743337.6895,=10.9115,=0.1826,=20.6405,=13.8276,=11.0441
2018-11-05,=3262.8400,=4069.6600,=31226056322394.0898,=23127207737811,=9809819074359.6680,=10.9598,=0.1902,=20.6405,=13.8290,=11.0448
2018-11-02,=3290.2500,=4103.8500,=31438661717399.6094,=23266651804131,=9868551447380.0781,=11.0403,=0.1991,=20.6405,=13.8304,=11.0503
2018-11-01,=3177.0300,=3962.6400,=30569493645335.4063,=22587034768862,=9531257326284.3867,=10.7350,=0.1713,=20.6405,=13.8311,=11.0511
2018-10-31,=3153.8200,=3933.6900,=30496459760034.3047,=22516533145188,=9462538373887.7246,=10.7094,=0.1698,=20.6405,=13.8318,=11.0518
2018-10-30,=3110.2600,=3879.3000,=30153457889129.6914,=22231081231242,=9244284460628.5547,=10.7142,=0.1705,=20.6507,=13.8323,=11.0518
2018-10-29,=3076.8900,=3837.6800,=29876481369298.6055,=22025662665987,=9118402535492.4707,=10.6287,=0.1663,=20.6507,=13.8328,=11.0602
2018-10-26,=3173.6400,=3958.3500,=30666029133704.5898,=22615341173262,=9405989038982.9141,=10.9178,=0.1830,=20.6507,=13.8361,=11.0613
2018-10-25,=3194.3100,=3984.0300,=30776743625951.2969,=22707790364879,=9463639810940.1191,=10.9189,=0.1834,=20.6507,=13.8394,=11.0660
2018-10-24,=3188.2000,=3976.2500,=30686275561106.1016,=22664069823351,=9442755891144.5195,=10.9059,=0.1813,=20.6507,=13.8405,=11.0666
2018-10-23,=3183.4300,=3970.0600,=30551677333150.6758,=22598773251890,=9425584886868.8594,=10.8627,=0.1786,=20.7492,=13.8415,=11.0666
2018-10-22,=3270.2700,=4078.0200,=31365788189765.3086,=23207714746647,=9682188740584.0039,=11.1568,=0.2097,=20.7492,=13.8427,=11.0698
2018-10-19,=3134.9500,=3909.0400,=30192522963536.1914,=22333948868311,=9282761789340.3867,=10.7478,=0.1720,=20.7492,=13.8438,=11.0698
2018-10-18,=3044.3900,=3796.1300,=29355421796369.8945,=21733015980901,=9012477382367.9199,=10.4505,=0.1538,=20.7492,=13.8441,=11.0712
2018-10-17,=3118.2500,=3888.2200,=30162599202886.4883,=22347904753086,=9234938600462.3574,=10.7376,=0.1706,=20.7492,=13.8444,=11.0718
2018-10-16,=3100.9700,=3866.6800,=29987062776650.8906,=22216101609369,=9180586643003.0098,=10.6751,=0.1676,=20.7741,=13.8447,=11.0718
2018-10-15,=3126.4500,=3898.4500,=30109724720176.4141,=22318891929626,=9253742715944.4180,=10.7188,=0.1701,=20.7741,=13.8450,=11.0735
2018-10-12,=3170.7300,=3953.6600,=30549394326600.8984,=22645417211338,=9383800022798.2422,=10.8753,=0.1787,=20.7741,=13.8483,=11.0803
2018-10-11,=3124.1100,=3895.5200,=30046767972167,=22292502031194,=9245659577818.0605,=10.6964,=0.1690,=20.7741,=13.8516,=11.0818
2018-10-10,=3281.6000,=4091.8900,=31474452519480.7031,=23347371169712,=9713240787871.5254,=11.2046,=0.2147,=20.7741,=13.8519,=11.0835
2018-10-09,=3288.6900,=4100.7300,=31449799830702.9961,=23347881468863,=9729810751629.5781,=11.1959,=0.2133,=20.7984,=13.8522,=11.0818
2018-10-08,=3290.9000,=4103.4800,=31431520495562.8008,=23315476081269,=9734413052362.0938,=11.1894,=0.2121,=20.7984,=13.8530,=11.0818
2018-09-28,=3438.8600,=4287.9900,=32789225615482.8086,=24323747410112,=10166203913237.8262,=11.6727,=0.2668,=20.7984,=13.8538,=11.0818
2018-09-27,=3403.5900,=4243.8600,=32430756192663.5000,=24070496733902,=10060856673425.3809,=11.5451,=0.2464,=20.7984,=13.8548,=11.0818
2018-09-26,=3417.2400,=4260.7800,=32520479478246.6992,=24121604730902,=10099558615901.4063,=11.5770,=0.2502,=20.7984,=13.8558,=11.0818
2018-09-25,=3379.8000,=4214.1000,=32171351560103.3008,=23850099143082,=9987808091372.3867,=11.4527,=0.2374,=20.8509,=13.8559,=11.0803
2018-09-21,=3410.4900,=4252.3500,=32453625658285.1914,=24048972651356,=10080374024393.3594,=11.5532,=0.2482,=20.8509,=13.8561,=11.0803
2018-09-20,=3310.1300,=4126.9800,=31464191669209.6094,=23345339727763,=9781750163703.2539,=11.2010,=0.2144,=20.8509,=13.8575,=11.0803
2018-09-19,=3312.4800,=4129.9200,=31449227055568.2109,=23340794601084,=9786555681075.6895,=11.1957,=0.2132,=20.8509,=13.8590,=11.0803
2018-09-18,=3269.4300,=4076.2500,=31045951807141.6094,=23004553102943,=9659560351660.9336,=11.0518,=0.1974,=20.8509,=13.8617,=11.0803
2018-09-17,=3204.9200,=3995.7800,=30505954713653.0039,=22594524030875,=9470931692993.7227,=10.8596,=0.1773,=20.8665,=13.8643,=11.0803
2018-09-14,=3242.0900,=4042.1000,=30808469490609.3906,=22821404217174,=9579356849458.1992,=10.9673,=0.1883,=20.8665,=13.8645,=11.0818
2018-09-13,=3236.5700,=4035.2100,=30759783982688.6094,=22775328052431,=9564473766375.5430,=10.9499,=0.1856,=20.8665,=13.8647,=11.0835
2018-09-12,=3202.0200,=3992.1400,=30368548801391,=22491639852923,=9461471647260.6992,=10.8107,=0.1738,=20.8665,=13.8659,=11.0842
2018-09-11,=3224.2100,=4019.1200,=30547424354789.1992,=22635195229942,=9524377212369.3281,=10.8743,=0.1781,=20.8665,=13.8671,=11.0854
2018-09-10,=3230.0700,=4026.4200,=30600850199964.3086,=22670411431714,=9543157764807.5645,=10.8934,=0.1788,=20.8687,=13.8701,=11.0854
2018-09-07,=3277.6400,=4085.7200,=30948832220222.3008,=22929652754860,=9683567364774.0703,=11.0172,=0.1923,=20.8687,=13.8730,=11.0857
2018-09-06,=3262.8800,=4067.3200,=30837436258223.9023,=22832550703162,=9640988573799.5566,=10.9776,=0.1881,=20.8687,=13.8737,=11.0860
2018-09-05,=3298.1400,=4108.5200,=31069384797801.4883,=23025762770868,=9742342545205.1523,=11.0602,=0.1955,=20.8687,=13.8745,=11.0868
2018-09-04,=3363.9000,=4190.4400,=31672624523974.1992,=23456083987668,=9937569414854.9102,=11.2749,=0.2188,=20.8687,=13.8750,=11.1018
2018-09-03,=3321.8200,=4138.0200,=31310684865797.8047,=23193508851544,=9811245493497.4102,=11.1460,=0.2051,=20.9072,=13.8755,=11.0868
2018-08-31,=3334.5000,=4153.8200,=31395596215513.3906,=23268097064137,=9847786764188.9570,=11.1763,=0.2082,=20.9072,=13.8813,=11.0868
2018-08-30,=3351.0900,=4174.4800,=31455172689196.8984,=23326553203938,=9850943196875.6934,=11.2651,=0.2175,=20.9072,=13.8871,=11.0868
2018-08-29,=3386.5700,=4218.6800,=31795991863891.3008,=23581314125506,=9951562797390.6504,=11.3895,=0.2292,=20.9072,=13.8879,=11.0868
2018-08-28,=3400.1700,=4235.6200,=31874421422362.2852,=23646881081874,=9968803231589.9531,=11.4974,=0.2379,=20.9072,=13.8886,=11.0868
2018-08-27,=3406.5700,=4243.4700,=31926369487997.1133,=23693585893013,=9984123558873.8574,=11.5399,=0.2419,=20.9392,=13.8891,=11.0860
2018-08-24,=3325.3300,=4142.1200,=31277930285146.4102,=23185557067523,=9741340922468.8242,=11.3927,=0.2297,=20.9392,=13.8896,=11.0860
2018-08-23,=3320.0300,=4133.8500,=31155170563619.2969,=23113717072828,=9719983078458.2148,=11.3449,=0.2249,=20.9392,=13.8902,=11.0860
2018-08-22,=3307.9500,=4116.8000,=31070581005394.4961,=23039904177317,=9679313031325.5840,=11.3349,=0.2246,=20.9392,=13.8909,=11.0860
2018-08-21,=3326.6500,=4139.7800,=31254851070157.3906,=23189483066783,=9732128283565.7344,=11.4649,=0.2342,=20.9392,=13.8926,=11.0860
2018-08-20,=3267.2500,=4065.5600,=30803601947936.4023,=22841979598828,=9557026094549.4531,=11.3079,=0.2226,=20.9631,=13.8943,=11.0857
2018-08-17,=3229.6200,=4018.7400,=30422846969731.0117,=22571110683130,=9460512867759.3887,=11.1588,=0.2070,=20.9631,=13.8973,=11.0857
2018-08-16,=3276.7300,=4076.6700,=30785531130486,=22839099654678,=9596021420261.0371,=11.2971,=0.2215,=20.9631,=13.9003,=11.0857
2018-08-15,=3291.9800,=4095.6100,=30924873851298.1016,=22959166767632,=9636229863819.2578,=11.3539,=0.2253,=20.9631,=13.9038,=11.0857
2018-08-14,=3372.9100,=4195.6800,=31598527800553.8984,=23465002397526,=9871878905530.0645,=11.6046,=0.2478,=20.9631,=13.9074,=11.0857
2018-08-13,=3390.3400,=4217.3600,=31674331806164.9883,=23531995352386,=9918581647077.9199,=11.6374,=0.2547,=20.9715,=13.9096,=11.0854
2018-08-10,=3405.0200,=4235.4300,=31891136188197.3906,=23666146549987,=9962282900074.6270,=11.7154,=0.2649,=20.9715,=13.9118,=11.0854
2018-08-09,=3397.5300,=4225.9300,=31920101767628.8984,=23674032184029,=9942457387149.9746,=11.7358,=0.2659,=20.9715,=13.9125,=11.0854
2018-08-08,=3314.5100,=4122.2500,=31303669250408.1133,=23205319294940,=9700026768899.3008,=11.5091,=0.2380,=20.9715,=13.9132,=11.0854
2018-08-07,=3368.8700,=4187.8400,=31745722505265.1992,=23521253919950,=9857551885480.8223,=11.6704,=0.2590,=20.9715,=13.9151,=11.0854
2018-08-06,=3273.2728,=4068.7200,=30882722056058.0898,=22853761219855,=9578032161866.3945,=11.3529,=0.2255,=21.0798,=13.9170,=11.0842
2018-08-03,=3315.2839,=4120.9000,=31172600369775.1016,=23084140754933,=9695560068716.8789,=11.4595,=0.2330,=21.0798,=13.9184,=11.0842
2018-08-02,=3370.9579,=4189.8400,=31499064950384.2930,=23366423634702,=9851614962483.2148,=11.5800,=0.2432,=21.0798,=13.9199,=11.0842
2018-08-01,=3447.3882,=4284.8200,=32127690383923.8086,=23843907857530,=10074037564561.6055,=11.8203,=0.2720,=21.0798,=13.9221,=11.0842
2018-07-31,=3517.6568,=4371.3700,=32769357940548.0273,=24322926167497,=10280427814455.7520,=12.0598,=0.2925,=21.0798,=13.9244,=11.0842
2018-07-30,=3515.0794,=4367.6500,=32658223861767.0898,=24251124112945,=10272080621298.9492,=12.0224,=0.2901,=21.1192,=13.9252,=11.0835
2018-07-27,=3521.2269,=4375.1900,=32629823163701.1992,=24243838256840,=10284947123538.1777,=12.0142,=0.2892,=21.1192,=13.9260,=11.0835
2018-07-26,=3536.2456,=4392.3600,=32743885563818.0117,=24314312672622,=10328783772943.9102,=12.0582,=0.2918,=21.1192,=13.9266,=11.0835
2018-07-25,=3577.7522,=4443.7500,=33060818319202.2188,=24562040949392,=10447357227507.4531,=12.1750,=0.2999,=21.1192,=13.9273,=11.0835
2018-07-24,=3581.7057,=4448.5000,=33086683517950.3984,=24581250811371,=10457406859509.8242,=12.1845,=0.3000,=21.1192,=13.9278,=11.0835
2018-07-23,=3525.7503,=4378.9200,=32632263613499.9219,=24188075242420,=10300357996633.1133,=12.0172,=0.2899,=21.1197,=13.9283,=11.0818
2018-07-20,=3492.8938,=4337.8300,=32238695935888.0898,=23918931603037,=10201721010987.0293,=11.8756,=0.2773,=21.1197,=13.9292,=11.0818
2018-07-19,=3428.3430,=4257.3600,=31463011775140.6992,=23405998924936,=10004626744970.6816,=11.5955,=0.2458,=21.1197,=13.9301,=11.0818
2018-07-18,=3431.3227,=4260.8000,=31537188986470.1016,=23455697042925,=10011399820367.1504,=11.6229,=0.2524,=21.1197,=13.9345,=11.0818
2018-07-17,=3449.3773,=4282.3400,=31648807611200.6133,=23554816523212,=10061513492550.4688,=11.6640,=0.2577,=21.1197,=13.9388,=11.0818
2018-07-16,=3472.0859,=4305.3400,=31983482220014.3945,=23744456728767,=10126922120311.8691,=11.7876,=0.2696,=21.1215,=13.9406,=11.0803
2018-07-13,=3492.6897,=4325.8800,=32272765621183.9922,=23925249594581,=10190125342854.3496,=11.8942,=0.2781,=21.1215,=13.9423,=11.0803
2018-07-12,=3481.0559,=4306.7600,=32371828122418.4102,=23987369482284,=10159889410481.3281,=11.9308,=0.2809,=21.1215,=13.9445,=11.0803
2018-07-11,=3407.5297,=4209.0900,=31702063661082.3008,=23513485801919,=9947235122031.8750,=11.6839,=0.2599,=21.1215,=13.9467,=11.0803
2018-07-10,=3467.5155,=4282.4400,=32227529597285.5117,=23909070071221,=10123008169412.5625,=11.8776,=0.2771,=21.1215,=13.9482,=11.0803
2018-07-09,=3459.1837,=4269.9000,=32145113311005.8945,=23828432659203,=10101362957153.1895,=11.8472,=0.2731,=21.1263,=13.9498,=11.0735
2018-07-06,=3365.1227,=4152.8400,=31245541931432.9141,=23186663093221,=9825312242739.1270,=11.5157,=0.2394,=21.1263,=13.9510,=11.0735
2018-07-05,=3342.4379,=4122.7600,=31072071284043.2070,=23057304632414,=9757343842149.9414,=11.4517,=0.2335,=21.1263,=13.9523,=11.0735
2018-07-04,=3363.7473,=4147.1800,=31155192715576.1016,=23118691895777,=9813042551104.3301,=11.4824,=0.2361,=21.1263,=13.9536,=11.0735
2018-07-03,=3409.2801,=4202.5800,=31494272012908.6992,=23355745755587,=9965699237864.2402,=11.6014,=0.2467,=21.1263,=13.9549,=11.0735
2018-07-02,=3407.9638,=4200.4900,=31444727996206.3086,=23359029033513,=9958166345374.9316,=11.5832,=0.2440,=21.1290,=13.9558,=11.0718
2018-06-29,=3510.9845,=4327.2900,=32349110931420.1016,=23996980694599,=10258702399746.8984,=11.9163,=0.2780,=21.1290,=13.9568,=11.0718
2018-06-28,=3423.5255,=4215.8500,=31652955082636.3008,=23487443404365,=10001720430584.7656,=11.6599,=0.2569,=21.1290,=13.9603,=11.0718
2018-06-27,=3459.2621,=4258.5300,=31958361924371.6914,=23697052094058,=10105006527586.2051,=11.7724,=0.2666,=21.1290,=13.9638,=11.0718
2018-06-26,=3531.1112,=4346.4700,=32459502956651.4063,=24068572227974,=10311892288651.4609,=11.9570,=0.2814,=21.1290,=13.9650,=11.0718
2018-06-25,=3560.4777,=4382.0600,=32792245787154.3008,=24252631561699,=10397041543275.4277,=12.0796,=0.2889,=21.1378,=13.9663,=11.0712
2018-06-22,=3608.9046,=4441.3000,=33257818452120.6133,=24568843198191,=10542183530650.9805,=12.2511,=0.3005,=21.1378,=13.9672,=11.0712
2018-06-21,=3592.9650,=4418.7700,=33175406780952.0078,=24507614992053,=10496395200036.1953,=12.2207,=0.2981,=21.1378,=13.9681,=11.0712
2018-06-20,=3635.4436,=4470.2700,=33542979850893.6992,=24769854078018,=10620411267815.0391,=12.3561,=0.3048,=21.1378,=13.9721,=11.0712
2018-06-19,=3621.1166,=4451.6800,=33563060766742.8047,=24748881162567,=10585994137632.0586,=12.3786,=0.3049,=21.1378,=13.9760,=11.0712
2018-06-15,=3753.4338,=4613.7700,=34501102495546.2891,=25417684603360,=10966655331828.3105,=12.7091,=0.3234,=21.1726,=13.9783,=11.0698
2018-06-14,=3773.3655,=4630.3500,=34568088132978.1016,=25482529965452,=11023184201276.4492,=12.7337,=0.3272,=21.1726,=13.9806,=11.0698
2018-06-13,=3788.3391,=4648.4800,=34621099455544.0117,=25546149486152,=11064005037763.3457,=12.7533,=0.3295,=21.1726,=13.9808,=11.0698
2018-06-12,=3825.9534,=4694.1600,=34902173427565.4102,=25752387455291,=11171944971496.4766,=12.8255,=0.3390,=21.1726,=13.9810,=11.0698
2018-06-11,=3779.9818,=4637.6700,=34546946927163.9023,=25401597777838,=11039917091818.3086,=12.6950,=0.3234,=21.1726,=13.9823,=11.0698
2018-06-08,=3779.6159,=4637.0300,=33370258347660.1094,=24861009441233,=10804687970618.8730,=12.5945,=0.3176,=21.2249,=13.9835,=11.0666
2018-06-07,=3831.0128,=4696.6300,=33852362472243,=25205798261994,=10954751114659.2578,=12.7764,=0.3324,=21.2249,=13.9839,=11.0666
2018-06-06,=3837.3511,=4697.8900,=33849561382432.8047,=25205808512071,=10967960453552.5059,=12.7738,=0.3319,=21.2249,=13.9844,=11.0666
2018-06-05,=3845.3164,=4707.5400,=33918406655518.4063,=25260087074383,=10990657075653.7891,=12.7998,=0.3345,=21.2249,=13.9863,=11.0666
2018-06-04,=3807.5781,=4659.4100,=33736911134113.1914,=25113525352115,=10885468217217.1855,=12.7313,=0.3271,=21.2249,=13.9882,=11.0666
2018-06-01,=3770.5891,=4614.1200,=33441631570971.2969,=24874284985201,=10776719226819.7051,=12.6365,=0.3194,=21.2324,=13.9920,=11.0660
2018-05-31,=3802.3759,=4652.6200,=33651723211492.4883,=25026479199878,=10863721627347.6504,=12.7159,=0.3242,=21.2324,=13.9959,=11.0660
2018-05-30,=3723.3724,=4555.1300,=33065014577877.5000,=24566965700142,=10639885486341.8867,=12.4942,=0.3133,=21.2324,=13.9968,=11.0660
2018-05-29,=3804.0093,=4653.6000,=33807005199042.9961,=25109532372298,=10873317938313.8379,=12.7746,=0.3312,=21.2324,=13.9977,=11.0660
2018-05-28,=3833.2599,=4688.6600,=34015779536548.8906,=25260462196900,=10955074878531.3730,=12.8535,=0.3395,=21.2324,=13.9979,=11.0660
2018-05-25,=3816.4980,=4668.0700,=33961267171010.7969,=25172416156871,=10910548355800.8770,=12.8329,=0.3371,=21.2436,=13.9981,=11.0613
2018-05-24,=3827.2170,=4678.1100,=34081096219711,=25272726811608,=10942917717155.1426,=12.8781,=0.3416,=21.2436,=13.9984,=11.0613
2018-05-23,=3854.5825,=4711.4000,=34313479820709.3008,=25446490639322,=11021138108289.0137,=12.9660,=0.3517,=21.2436,=13.9987,=11.0613
2018-05-22,=3906.2081,=4774.5000,=34847458277613.6914,=25850373592424,=11169864917925.0625,=13.1677,=0.3816,=21.2436,=14.0003,=11.0613
2018-05-21,=3921.2421,=4792.0200,=35015859103227.0898,=25947902027805,=11214722894360.9023,=13.2314,=0.3899,=21.2436,=14.0019,=11.0613
2018-05-18,=3903.0637,=4769.4100,=34930853513306.7969,=25847256573736,=11162788025849.1152,=13.1992,=0.3859,=21.2454,=14.0022,=11.0511
2018-05-17,=3864.0507,=4721.6400,=34435793635716.4883,=25472469258441,=11049250698223.9805,=13.0135,=0.3600,=21.2454,=14.0025,=11.0511
2018-05-16,=3892.8442,=4756.6000,=34622340377378.4883,=25616940872572,=11131067934782.5820,=13.0840,=0.3677,=21.2454,=14.0029,=11.0511
2018-05-15,=3924.0975,=4794.6100,=34962189842689.8008,=25854299136860,=11223548525492.3398,=13.2124,=0.3869,=21.2454,=14.0033,=11.0511
2018-05-14,=3909.2933,=4776.3700,=34861273939300.0977,=25781806236899,=11182400937286.3359,=13.1743,=0.3817,=21.2454,=14.0036,=11.0511
2018-05-11,=3872.8383,=4731.7900,=34626492885569.8086,=25588292451700,=11077676195044.3711,=13.0856,=0.3683,=21.2470,=14.0039,=11.0503
2018-05-10,=3893.0565,=4756.3500,=34680390396817.8984,=25663188822316,=11132760816461.3809,=13.1059,=0.3710,=21.2470,=14.0050,=11.0503
2018-05-09,=3871.6152,=4729.8700,=34514340019989.3086,=25523213682478,=11074080426889.6289,=13.0432,=0.3642,=21.2470,=14.0060,=11.0503
2018-05-08,=3878.6767,=4737.7200,=34544142414605.8086,=25546046313205,=11093812114486.7227,=13.0545,=0.3652,=21.2470,=14.0069,=11.0503
2018-05-07,=3834.1877,=4683.3800,=34185403509048.9883,=25298281659382,=10965131280712.4082,=12.9193,=0.3474,=21.2470,=14.0078,=11.0503
2018-05-04,=3774.5981,=4610.4400,=33702642389002.9102,=24916393508993,=10798517885309.1582,=12.7369,=0.3283,=21.2734,=14.0090,=11.0448
2018-05-03,=3793.0001,=4629.8200,=33870151485771.6992,=25031574418449,=10852750842033.1504,=12.8002,=0.3350,=21.2734,=14.0102,=11.0448
2018-05-02,=3763.6461,=4593.9900,=33669378159303.1992,=24863840204803,=10770325217245.5508,=12.6831,=0.3235,=21.2734,=14.0104,=11.0448
2018-04-27,=3756.8765,=4585.6600,=33651123649638.5898,=24824970592010,=10673460465141.7148,=12.8416,=0.3387,=21.2734,=14.0106,=11.0448
2018-04-26,=3755.4941,=4583.5100,=33507683991859.2070,=24734371909969,=10624945335771.5547,=12.8860,=0.3432,=21.2734,=14.0108,=11.0448
2018-04-25,=3828.7015,=4672.8600,=33993864402593.1992,=25111362612221,=10805362826434.3223,=13.1086,=0.3695,=21.2969,=14.0110,=11.0441
2018-04-24,=3843.4886,=4690.8000,=34199602829719.6172,=25254502921136,=10831965352473.2598,=13.2171,=0.3847,=21.2969,=14.0131,=11.0441
2018-04-23,=3766.3257,=4596.6300,=33549815328969.8086,=24770086186397,=10605152315450.9805,=12.9919,=0.3568,=21.2969,=14.0151,=11.0441
2018-04-20,=3760.8543,=4589.9500,=33478225654653.8984,=24724467728360,=10518937657637.7148,=12.9786,=0.3547,=21.2969,=14.0152,=11.0441
2018-04-19,=3811.8430,=4652.1800,=33866629546637.6055,=25008181000929,=10646534693316.9648,=13.1427,=0.3759,=21.2969,=14.0153,=11.0441
2018-04-18,=3766.2820,=4596.5800,=33523060629927.1094,=24726049014375,=10523771333297.3867,=13.0209,=0.3600,=21.3011,=14.0162,=11.0383
2018-04-17,=3748.6412,=4575.0200,=33287691434309.6992,=24562637314064,=10470120329839.0078,=12.9239,=0.3481,=21.3011,=14.0171,=11.0383
2018-04-16,=3808.8630,=4648.5100,=33733401738906.3984,=24902878282687,=10627274540760.3730,=13.1093,=0.3697,=21.3011,=14.0173,=11.0383
2018-04-13,=3871.1443,=4724.5000,=34401720942756.4883,=25356953687422,=10805912885203.2500,=13.3775,=0.4064,=21.3011,=14.0175,=11.0383
2018-04-12,=3898.6354,=4758.0500,=34654814289110.6016,=25551011775417,=10885790198634.2578,=13.4763,=0.4224,=21.3011,=14.0206,=11.0383
2018-04-11,=3938.3434,=4806.5200,=35064245794199.4102,=25829818842977,=10990761819316.6113,=13.6461,=0.4532,=21.3254,=14.0238,=11.0345
2018-04-10,=3927.1729,=4792.8800,=34859834795876.7031,=25702959925785,=10956324102751.5898,=13.5732,=0.4419,=21.3254,=14.0245,=11.0345
2018-04-09,=3852.9292,=4702.2700,=34081657625118.8008,=25182529865811,=10744913944938.0586,=13.2932,=0.3956,=21.3254,=14.0253,=11.0345
2018-04-04,=3854.8625,=4704.6300,=34053891238242.1992,=25147016266683,=10750144952206.0059,=13.2823,=0.3941,=21.3254,=14.0254,=11.0345
2018-04-03,=3862.4796,=4713.9300,=34148056353192.9102,=25171928783314,=10774115862146.8301,=13.3191,=0.3990,=21.3254,=14.0254,=11.0345
2018-04-02,=3886.9189,=4743.7600,=34416202009500.8086,=25363572415863,=10838807964665.6895,=13.4227,=0.4137,=21.3618,=14.0255,=11.0320
2018-03-30,=3898.4977,=4757.8900,=34615226913465.3945,=25457843031129,=10854432904386.7012,=13.5070,=0.4293,=21.3618,=14.0255,=11.0320
2018-03-29,=3894.0498,=4752.3800,=34632516979310.3047,=25486402945060,=10839301485916.7871,=13.5783,=0.4422,=21.3618,=14.0262,=11.0320
2018-03-28,=3842.7155,=4689.7300,=34132905689376.8789,=25127877021398,=10698826898208.0586,=13.4107,=0.4115,=21.3618,=14.0270,=11.0320
2018-03-27,=3913.2689,=4775.8300,=34652984570721.8008,=25531449240271,=10875481073120.4785,=13.6840,=0.4564,=21.3618,=14.0282,=11.0320
2018-03-26,=3879.8930,=4735.1000,=34435298584044.0898,=25368110103402,=10783575486779.2188,=13.6776,=0.4556,=21.3648,=14.0294,=11.0295
2018-03-23,=3904.9355,=4765.6600,=34908576468982.1016,=25689330725758,=10862613873372.4902,=13.8871,=0.4827,=21.3648,=14.0320,=11.0295
2018-03-22,=4020.3490,=4906.5200,=35834886270708.4922,=26325955588088,=11151199219550.7813,=14.2737,=0.5368,=21.3648,=14.0346,=11.0295
2018-03-21,=4061.0502,=4956.1900,=36120792133003.7969,=26543344751601,=11261738775654.4453,=14.3867,=0.5494,=21.3648,=14.0320,=11.0295
2018-03-20,=4077.7041,=4976.5100,=36244992790160.1016,=26622712845875,=11303148418072.7520,=14.5284,=0.5626,=21.3648,=14.0294,=11.0295
2018-03-19,=4074.2479,=4972.2900,=36112557904755.8984,=26534082043729,=11291885570160.5234,=14.4792,=0.5583,=21.3761,=14.0282,=11.0231
2018-03-16,=4056.4226,=4950.5400,=35951743173795,=26417242387476,=11238035979233.2754,=14.4159,=0.5515,=21.3761,=14.0270,=11.0231
2018-03-15,=4096.1627,=4999.0400,=36310262404013.7969,=26678587838587,=11349219199777.0254,=14.5926,=0.5669,=21.3761,=14.0262,=11.0231
2018-03-14,=4073.3447,=4971.1900,=36177745230614.5078,=26562007657391,=11287248585326.6934,=14.5523,=0.5642,=21.3761,=14.0255,=11.0231
2018-03-13,=4091.2533,=4993.0500,=36353401463750.4063,=26670207568357,=11339579117233.5000,=14.6022,=0.5673,=21.3761,=14.0255,=11.0231
2018-03-12,=4127.6662,=5037.4900,=36573032205068.2891,=26834824207051,=11437944927849.2773,=14.6921,=0.5742,=21.4239,=14.0254,=11.0225
2018-03-09,=4108.8652,=5014.5400,=36484787446339,=26738294762998,=11389735026957.6113,=14.6566,=0.5715,=21.4239,=14.0254,=11.0225
2018-03-08,=4077.6001,=4976.3900,=36289232421667.8984,=26605164298549,=11303682377259.5547,=14.5791,=0.5662,=21.4239,=14.0253,=11.0225
2018-03-07,=4036.6536,=4926.4100,=36105100912534.2969,=26447593915433,=11193334827087.5234,=14.5051,=0.5610,=21.4239,=14.0245,=11.0225
2018-03-06,=4066.5647,=4962.9200,=36258548510616.3125,=26588742102398,=11250961748292.2852,=14.5649,=0.5653,=21.4239,=14.0238,=11.0225
2018-03-05,=4018.0970,=4903.7700,=35919819389751.3125,=26329728065801,=11119134260228.9844,=14.4289,=0.5550,=21.4781,=14.0206,=11.0206
2018-03-02,=4016.4610,=4901.7700,=35928769040287.7969,=26336115104190,=11113268285530.7207,=14.4325,=0.5555,=21.4781,=14.0175,=11.0206
2018-03-01,=4049.0863,=4941.5900,=36197471137601.8984,=26535291269287,=11204151390145.9297,=14.5404,=0.5643,=21.4781,=14.0173,=11.0206
2018-02-28,=4023.6415,=4910.5300,=36044249947185.5938,=26417858682734,=11134263424216.4570,=14.4788,=0.5593,=21.4781,=14.0171,=11.0206
2018-02-27,=4058.9806,=4953.6600,=36441971752869.2031,=26707374851445,=11234592630300.1191,=14.6372,=0.5688,=21.4781,=14.0162,=11.0206
2018-02-26,=4118.4186,=5026.2000,=37080422567140.8828,=27153937878332,=11400652349286.8672,=14.8937,=0.5852,=21.5004,=14.0153,=11.0148
2018-02-23,=4071.0889,=4968.4400,=36720234062718.3906,=26850872896409,=11273677241942.6191,=14.7523,=0.5771,=21.5004,=14.0152,=11.0148
2018-02-22,=4052.7332,=4946.0400,=36518313268602.9063,=26704112757876,=11220262702967.9473,=14.6712,=0.5722,=21.5004,=14.0151,=11.0148
2018-02-14,=3966.9614,=4841.3600,=35685686092835.3906,=26068174949766,=10983789667004.7734,=14.3366,=0.5462,=21.5004,=14.0131,=11.0148
2018-02-13,=3935.6324,=4803.1300,=35464070891703.6094,=25842713651646,=10898465335355.8203,=14.2476,=0.5380,=21.5004,=14.0110,=11.0148
2018-02-12,=3890.1046,=4747.5600,=35040370349122.9102,=25535799746007,=10769664613214.7090,=14.0774,=0.5114,=21.5104,=14.0108,=11.0115
2018-02-09,=3840.6527,=4687.2100,=34860294371558.8984,=25380931794601,=10642982220494.6309,=14.0019,=0.4978,=21.5104,=14.0106,=11.0115
2018-02-08,=4012.0472,=4896.3800,=36334403769426.9922,=26477815441945,=11116467025428.4063,=14.5926,=0.5664,=21.5104,=14.0108,=11.0115
2018-02-07,=4050.4972,=4943.2800,=37059381038977.9063,=26962613251480,=11231772145625.5020,=14.8844,=0.5832,=21.5104,=14.0106,=11.0115
2018-02-06,=4148.8856,=5063.3600,=38147720522682.2813,=27729119957698,=11510982569751.2402,=15.3216,=0.6126,=21.5104,=14.0104,=11.0115
2018-02-05,=4274.1464,=5216.2300,=39271009556868,=28515598286792,=11854840823798.1797,=15.7727,=0.6621,=21.5115,=14.0102,=11.0097
2018-02-02,=4271.2326,=5212.6700,=38933817383244.8125,=28321908772776,=11838593984739.5332,=15.6373,=0.6472,=21.5115,=14.0090,=11.0097
2018-02-01,=4245.8978,=5181.7500,=38670001022274.2109,=28112086214921,=11772423789913.4199,=15.5313,=0.6353,=21.5115,=14.0078,=11.0097
2018-01-31,=4275.8986,=5218.3700,=38690943696560.2031,=28137319243204,=11847118153674.1680,=15.5397,=0.6364,=21.5115,=14.0069,=11.0097
2018-01-30,=4256.1021,=5194.2100,=38497710793055.5859,=27985821122515,=11785523318534.7402,=15.4621,=0.6286,=21.5115,=14.0060,=11.0097
2018-01-29,=4302.0181,=5250.2400,=39002340473079.5078,=28367550275275,=11916669284729.5195,=15.6648,=0.6493,=21.5177,=14.0050,=11.0072
2018-01-26,=4381.2996,=5347,=39492753237529.7969,=28710783149877,=12133800081692.7578,=15.8618,=0.6688,=21.5177,=14.0039,=11.0072
2018-01-25,=4365.0794,=5326.3400,=39314955992291.7813,=28591077878219,=12088827278886.9844,=15.7904,=0.6632,=21.5177,=14.0036,=11.0072
2018-01-24,=4389.8853,=5356.6100,=39517583408513.3984,=28725786187189,=12162270355243.9297,=15.8717,=0.6699,=21.5177,=14.0033,=11.0072
2018-01-23,=4382.6129,=5347.7400,=39460420603457.5078,=28645678048370,=12135393173298.0273,=15.8488,=0.6685,=21.5177,=14.0029,=11.0072
2018-01-22,=4336.5974,=5291.5900,=38689916297722.6016,=28173955830628,=11999590731463.1055,=15.5393,=0.6372,=21.5665,=14.0025,=11.0052
2018-01-19,=4285.3950,=5229.1100,=38445567102497.9922,=27944923815627,=11864087241558.4668,=15.4412,=0.6271,=21.5665,=14.0006,=11.0052
2018-01-18,=4271.4168,=5212.0600,=38231284279936.4922,=27789719015593,=11823551518307.5996,=15.3551,=0.6183,=21.5665,=13.9987,=11.0052
2018-01-17,=4248.1164,=5183.6200,=37755330522888.6875,=27518888307858,=11757284492092.6172,=15.1640,=0.6053,=21.5665,=13.9984,=11.0052
2018-01-16,=4258.4730,=5196.2600,=37652455830106.4063,=27495427078062,=11783181622740.6055,=15.1226,=0.6036,=21.5665,=13.9981,=11.0052
2018-01-15,=4225.2393,=5155.7100,=37359839482091.7891,=27319048733523,=11688450118200.2813,=15.0051,=0.5929,=21.5804,=13.9979,=11.0017
2018-01-12,=4225.0010,=5155.4200,=37220053636566.5234,=27233226105147,=11680818005095.9141,=14.9490,=0.5895,=21.5804,=13.9977,=11.0017
2018-01-11,=4205.5863,=5131.7300,=37078709829239.9922,=27112335311046,=11626262218367.9492,=14.8922,=0.5871,=21.5804,=13.9968,=11.0017
2018-01-10,=4207.8132,=5134.4500,=37029458090423.1875,=27107433885218,=11631252547768.2031,=14.8724,=0.5860,=21.5804,=13.9959,=11.0017
2018-01-09,=4189.2977,=5111.8500,=36767719376991.1953,=26908512539401,=11573603572152.9727,=14.7673,=0.5807,=21.5804,=13.9920,=11.0017
2018-01-08,=4160.1595,=5076.3000,=36650780548776.1016,=26799137511225,=11495186009754.6289,=14.7203,=0.5790,=21.7830,=13.9882,=10.9995
2018-01-05,=4138.7505,=5050.1700,=36491252143941.4141,=26646326142754,=11436492956985.4531,=14.6563,=0.5743,=21.7830,=13.9863,=10.9995
2018-01-04,=4128.8119,=5038.0500,=36393589194788.2031,=26571197556608,=11406199653731.3340,=14.6170,=0.5723,=21.7830,=13.9844,=10.9995
2018-01-03,=4111.3925,=5016.7900,=36259325179841,=26420889502735,=11361021864981.4531,=14.5631,=0.5695,=21.7830,=13.9839,=10.9995
2018-01-02,=4087.4012,=4987.5200,=36083446580804.2031,=26273790559061,=11293949604878.9707,=14.4925,=0.5655,=21.7830,=13.9835,=10.9995
2017-12-29,=4030.8549,=4918.5200,=35612897507498.3984,=25919665869456,=11150430640941.4688,=14.3035,=0.5483,=21.8427,=13.9823,=10.9946
2017-12-28,=4018.8974,=4903.9300,=35473809304377.1016,=25757838833279,=11116298740016.3145,=14.2462,=0.5426,=21.8427,=13.9810,=10.9946
2017-12-27,=3991.2075,=4870.1400,=35198788802790.3047,=25562186288989,=11041997185224.9141,=14.1358,=0.5302,=21.8427,=13.9808,=10.9946
2017-12-26,=4053.6224,=4946.3000,=35613961498450.8984,=25875719743293,=11213804258742.1094,=14.3025,=0.5478,=21.8427,=13.9806,=10.9946
2017-12-25,=4041.5401,=4931.5600,=35364635025848.6016,=25738413460959,=11174826774721.3145,=14.2050,=0.5393,=21.8427,=13.9783,=10.9946
2017-12-22,=4054.5984,=4947.4900,=35454945807970.7969,=25807234366790,=11228718988260.7852,=14.2290,=0.5411,=21.8802,=13.9760,=10.9920
2017-12-21,=4067.8485,=4963.6600,=35513054480096.0078,=25859751539782,=11265409543677.3535,=14.2523,=0.5429,=21.8802,=13.9721,=10.9920
2017-12-20,=4030.4898,=4918.0700,=35303560726114.2969,=25684626166967,=11163132469449.2285,=14.1682,=0.5350,=21.8802,=13.9681,=10.9920
2017-12-19,=4035.3294,=4923.9800,=35312618390296.5234,=25684393300942,=11177219074793.1016,=14.1718,=0.5354,=21.8802,=13.9672,=10.9920
2017-12-18,=3985.2914,=4862.9200,=34890678736368.1016,=25404194233475,=11037045452151.2207,=14.0025,=0.5039,=21.8802,=13.9663,=10.9920
2017-12-15,=3980.8558,=4857.5100,=34805008578319.9883,=25334246287645,=11024694551790.2734,=13.9681,=0.5005,=21.9357,=13.9650,=10.9903
2017-12-14,=4026.1516,=4912.7800,=35141986771497.8984,=25596313312112,=11151788199391.1641,=14.1034,=0.5243,=21.9357,=13.9638,=10.9903
2017-12-13,=4050.0927,=4941.9900,=35339281698794.2969,=25749537309717,=11217353314837.7520,=14.1825,=0.5355,=21.9357,=13.9603,=10.9903
2017-12-12,=4016.0163,=4900.4100,=35070187145510.1094,=25552443208476,=11124094345112.1895,=14.0745,=0.5165,=21.9357,=13.9568,=10.9903
2017-12-11,=4069.4997,=4965.6700,=35530910268800.3125,=25881965017509,=11274564018620.7012,=14.2594,=0.5430,=21.9357,=13.9558,=10.9903
2017-12-08,=4003.3792,=4884.9900,=34467559931721.1094,=25343057075164,=11006213444705.2910,=14.0171,=0.5075,=22.3184,=13.9549,=10.9858
2017-12-07,=3971.0569,=4845.5500,=34314723464789.0039,=25226746740456,=10920221701875.0059,=13.9549,=0.5002,=22.3184,=13.9536,=10.9858
2017-12-06,=4015.8211,=4900.1700,=34666824954101,=25475875571585,=11042162036751.7363,=14.0981,=0.5231,=22.3184,=13.9523,=10.9858
2017-12-05,=4040.1704,=4929.8700,=34889220125147.5117,=25633885574346,=11108571628323.1699,=14.1886,=0.5359,=22.3184,=13.9510,=10.9858
2017-12-04,=4018.8571,=4903.8700,=34611395606806.8086,=25441682111419,=11048661368219.7305,=14.0756,=0.5172,=22.3184,=13.9498,=10.9858
2017-12-01,=3998.1365,=4878.5800,=34488560437437.8984,=25327733965955,=10995176840690.4805,=14.0253,=0.5086,=22.3433,=13.9482,=10.9819
2017-11-30,=4006.0993,=4888.3000,=34588452146934.5000,=25381307910475,=11014142066965.1875,=14.0659,=0.5156,=22.3433,=13.9467,=10.9819
2017-11-29,=4053.7529,=4946.4500,=34887310778063.8906,=25610041693879,=11141017467553.8691,=14.1875,=0.5353,=22.3433,=13.9445,=10.9819
2017-11-28,=4055.8235,=4948.9700,=34875247088178.1094,=25613834666431,=11146865010330.9414,=14.1826,=0.5351,=22.3433,=13.9423,=10.9819
2017-11-27,=4049.9475,=4941.8000,=34921987747818.0117,=25647827275334,=11131941583730.1973,=14.2016,=0.5369,=22.3433,=13.9406,=10.9819
2017-11-24,=4104.2034,=5008.0100,=35343553882133.2969,=25944280816121,=11279985905345.2773,=14.3730,=0.5524,=22.6796,=13.9388,=10.9780
2017-11-23,=4102.3966,=5005.7800,=35336656095516.7031,=25935493196458,=11274955764487.1406,=14.3702,=0.5519,=22.6796,=13.9345,=10.9780
2017-11-22,=4227.5666,=5158.5100,=36227558506473.7891,=26620166229943,=11616354455378.8750,=14.7325,=0.5749,=22.6796,=13.9301,=10.9780
2017-11-21,=4217.7015,=5146.4800,=35932454320132.0078,=26428109730645,=11584632326898.0254,=14.6125,=0.5679,=22.6796,=13.9292,=10.9780
2017-11-20,=4143.8334,=5056.3400,=35522482801720.7031,=26108844057354,=11388441117279.7949,=14.4458,=0.5577,=22.6796,=13.9283,=10.9780
2017-11-17,=4120.8508,=5028.2800,=35293163220515.4063,=25947542935048,=11318803746475.5605,=14.3525,=0.5507,=22.7384,=13.9278,=10.9773
2017-11-16,=4105.0122,=5008.9500,=35018832221353.5117,=25772332152028,=11268304039328.3398,=14.2409,=0.5408,=22.7384,=13.9273,=10.9773
2017-11-15,=4073.6696,=4970.7100,=34940232352712.0977,=25641517240248,=11188583939359.5469,=14.2090,=0.5387,=22.7384,=13.9266,=10.9773
2017-11-14,=4099.3500,=5002.0400,=35196321755462.9063,=25822563626473,=11261392582582.3066,=14.3131,=0.5460,=22.7384,=13.9260,=10.9773
2017-11-13,=4128.0733,=5037.0900,=35390595103415.2969,=25969193175599,=11337260636604.8867,=14.3921,=0.5534,=22.7384,=13.9252,=10.9773
2017-11-10,=4111.9112,=5017.3700,=35217155879448.3984,=25828356835400,=11287416694008.5313,=14.3216,=0.5464,=22.8185,=13.9244,=10.9680
2017-11-09,=4075.8998,=4973.4300,=35145680218136.7031,=25748253822162,=11195005950646.3301,=14.2925,=0.5446,=22.8185,=13.9221,=10.9680
2017-11-08,=4048.0057,=4939.3900,=35021406039470.8086,=25639078330032,=11122681856756.2656,=14.2420,=0.5415,=22.8185,=13.9199,=10.9680
2017-11-07,=4054.2465,=4947.0100,=35072663778859.1992,=25680937654292,=11136172869092.1895,=14.2628,=0.5430,=22.8185,=13.9184,=10.9680
2017-11-06,=4020.8896,=4906.3100,=34780410015741.2891,=25468360713022,=11042964405018.0703,=14.1440,=0.5343,=22.8185,=13.9170,=10.9680
2017-11-03,=3992.6979,=4871.9100,=34684332990653.2148,=25368285653399,=10967984011388.9277,=14.1008,=0.5263,=22.8622,=13.9151,=10.9630
2017-11-02,=3997.1343,=4877.3200,=34746747534981.2109,=25409638202564,=10978366851706.4785,=14.1262,=0.5308,=22.8622,=13.9132,=10.9630
2017-11-01,=3996.6221,=4876.6900,=34753487449491.3906,=25414876317284,=10979587419501.7598,=14.1289,=0.5316,=22.8622,=13.9125,=10.9630
2017-10-31,=4006.7179,=4889.0100,=34764378125762.3203,=25414650050734,=11010811181980.4492,=14.1334,=0.5321,=22.8622,=13.9118,=10.9630
2017-10-30,=4009.7218,=4892.6800,=34770470964466.9102,=25475487167582,=10921485648318.6699,=14.3005,=0.5444,=22.8622,=13.9096,=10.9630
2017-10-27,=4021.9676,=4907.6200,=34758696666511.4219,=25470205990427,=10909952491435.0254,=14.4222,=0.5537,=23.1087,=13.9074,=10.9630
2017-10-26,=3993.5752,=4872.9500,=34501745326082.7109,=25268191709833,=10821570419384.5781,=14.4266,=0.5549,=23.1087,=13.9038,=10.9630
2017-10-25,=3976.9490,=4852.6600,=34471345215349.1094,=25223596928498,=10782527308916.4238,=14.4562,=0.5564,=23.1087,=13.9003,=10.9630
2017-10-24,=3959.3953,=4831.2500,=34435838448033.2891,=25183181308170,=10731577351203.1543,=14.4478,=0.5559,=23.1087,=13.8973,=10.9630
2017-10-23,=3930.7981,=4796.3200,=34223911457147.6289,=25010554114739,=10652870082258.8418,=14.3608,=0.5502,=23.1087,=13.8943,=10.9630
2017-10-20,=3926.8520,=4791.5000,=34259885058990.9219,=25029155998278,=10643510850768.9609,=14.4230,=0.5543,=23.2120,=13.8926,=10.9619
2017-10-19,=3931.2495,=4796.5600,=34340443568487.7969,=25094424883876,=10656383637068.2148,=14.4580,=0.5565,=23.2120,=13.8909,=10.9619
2017-10-18,=3944.1626,=4812.3100,=34357690942104.8203,=25107852454397,=10692490615378.5918,=14.4663,=0.5573,=23.2120,=13.8902,=10.9619
2017-10-17,=3913.0688,=4774.3700,=34034854103313.5000,=24867450520676,=10610385833900.8613,=14.3308,=0.5473,=23.2120,=13.8896,=10.9619
2017-10-16,=3913.4462,=4774.8400,=34096368578635.3906,=24892936564970,=10612689034170.0293,=14.3567,=0.5504,=23.2120,=13.8891,=10.9619
2017-10-13,=3921.0017,=4784.0500,=34044262732817.1992,=24858382066752,=10629227129232.0527,=14.3457,=0.5493,=23.2314,=13.8886,=10.9612
2017-10-12,=3912.9536,=4774.2300,=34035114788688.3086,=24848124516854,=10606514592151.2539,=14.3436,=0.5492,=23.2314,=13.8821,=10.9612
2017-10-11,=3902.6868,=4761.7100,=34020002002818.1016,=24825757285229,=10579812429778.9863,=14.3373,=0.5484,=23.2314,=13.8755,=10.9612
2017-10-10,=3889.8637,=4746.0600,=33893194969355.0156,=24723200924935,=10548708761597.7891,=14.2837,=0.5452,=23.2314,=13.8750,=10.9612
2017-10-09,=3882.2076,=4736.7200,=33833626010202.4883,=24689304131030,=10525897678460.7480,=14.2586,=0.5448,=23.2314,=13.8745,=10.9612
2017-09-29,=3836.5013,=4680.9500,=33537773732347.3086,=24449707817479,=10401839526520.5313,=14.1339,=0.5354,=23.2577,=13.8737,=10.9578
2017-09-28,=3822.5386,=4663.9200,=33486007291256.3984,=24425077882086,=10361803413808.6504,=14.1121,=0.5316,=23.2577,=13.8730,=10.9578
2017-09-27,=3821.2000,=4662.2800,=33490245130291.1094,=24425380331626,=10358453101411.5898,=14.1139,=0.5318,=23.2577,=13.8701,=10.9578
2017-09-26,=3820.7816,=4661.7700,=33550341990136.1914,=24453131987914,=10359458141152.6934,=14.1392,=0.5356,=23.2577,=13.8671,=10.9578
2017-09-25,=3817.7915,=4656.9100,=33537471970137.1992,=24432737101267,=10352487329546.1836,=14.1338,=0.5351,=23.2577,=13.8659,=10.9578
2017-09-22,=3837.7304,=4681.2300,=33548105041587.5898,=24435891134247,=10403674604165.6348,=14.1383,=0.5353,=23.2827,=13.8647,=10.9545
2017-09-21,=3837.8176,=4681.3300,=33530392830424.3984,=24410345627771,=10404389381655.7988,=14.1308,=0.5351,=23.2827,=13.8645,=10.9545
2017-09-20,=3842.4353,=4686.9700,=33454466333315.6016,=24371656073659,=10409978013452.4023,=14.0802,=0.5257,=23.2827,=13.8643,=10.9545
2017-09-19,=3832.1161,=4673.9300,=33386459981463.5977,=24329051013740,=10383905656666.4922,=14.0516,=0.5210,=23.2827,=13.8617,=10.9545
2017-09-18,=3843.1428,=4687.3800,=33419498603767.7969,=24372147857990,=10412610567190.1133,=14.0655,=0.5231,=23.2827,=13.8590,=10.9545
2017-09-15,=3831.2965,=4672.9300,=33361016994088.8008,=24325113303309,=10379073933647.6348,=14.0409,=0.5190,=23.2889,=13.8575,=10.9516
2017-09-14,=3829.9554,=4671.1500,=33459047368094.8164,=24394609710622,=10375398608818.2148,=14.0821,=0.5261,=23.2889,=13.8561,=10.9516
2017-09-13,=3842.6061,=4686.5800,=33612504398511.0156,=24492055836245,=10410621141421.7871,=14.1467,=0.5349,=23.2889,=13.8559,=10.9516
2017-09-12,=3837.9341,=4680.8800,=33615329950560.8047,=24482068376688,=10400967217088.6621,=14.1479,=0.5351,=23.2889,=13.8558,=10.9516
2017-09-11,=3825.6453,=4665.8900,=33525361323837.6992,=24409567842639,=10367099496819.0527,=14.1045,=0.5309,=23.2889,=13.8548,=10.9516
2017-09-08,=3825.9895,=4666.3100,=33528743735412.6914,=24405241729216,=10368455540517.4707,=14.1059,=0.5314,=23.2999,=13.8538,=10.9513
2017-09-07,=3829.8713,=4671.0400,=33558244317905.1094,=24431835816972,=10377488044648.8594,=14.1183,=0.5323,=23.2999,=13.8530,=10.9513
2017-09-06,=3849.4499,=4694.9200,=33752012009937.8984,=24578774920851,=10433053287834.2988,=14.2011,=0.5384,=23.2999,=13.8522,=10.9513
2017-09-05,=3857.0464,=4704.1900,=33808609292236.3086,=24589735585155,=10455501701287.9336,=14.2249,=0.5402,=23.2999,=13.8519,=10.9513
2017-09-04,=3845.6163,=4690.2500,=33656764018943.7109,=24510185916393,=10422960386603.6914,=14.1619,=0.5358,=23.2999,=13.8516,=10.9513
2017-09-01,=3830.5383,=4669.5300,=33475625774934.3008,=24371081892893,=10380568266851.3574,=14.0857,=0.5287,=23.3387,=13.8483,=10.9490
2017-08-31,=3822.0928,=4659.2300,=33577777152883.8984,=24421717643380,=10363502367973,=14.1624,=0.5358,=23.3387,=13.8450,=10.9490
2017-08-30,=3834.3005,=4674.1200,=33718748847100.8047,=24538159118483,=10361104970798.8750,=14.4057,=0.5493,=23.3387,=13.8447,=10.9490
2017-08-29,=3834.5376,=4674.4000,=33796490536550.5898,=24586720193728,=10346036947645.7734,=14.4851,=0.5541,=23.3387,=13.8444,=10.9490
2017-08-28,=3842.7119,=4682.0600,=33796049368343.6016,=24598697097464,=10367868953165.5293,=14.5150,=0.5553,=23.3387,=13.8441,=10.9490
2017-08-25,=3795.7544,=4624.8500,=33501516393261.5898,=24382166908428,=10212682739591.5684,=14.3929,=0.5495,=23.4074,=13.8438,=10.9482
2017-08-24,=3734.6458,=4549.7500,=32841235101081.9102,=23915254751627,=10060062052439.3516,=14.0950,=0.5304,=23.4074,=13.8427,=10.9482
2017-08-23,=3756.0884,=4575.5300,=32968145429494.2109,=24010751181779,=10112911722401.2344,=14.1435,=0.5355,=23.4074,=13.8415,=10.9482
2017-08-22,=3752.2980,=4570.9100,=32843777349798.6055,=23941889110397,=10097879170349.7070,=14.0963,=0.5311,=23.4074,=13.8405,=10.9482
2017-08-21,=3740.9941,=4557.1400,=32747771286425.8008,=23867424579235,=10064049441540.4863,=14.0602,=0.5253,=23.4074,=13.8394,=10.9482
2017-08-18,=3724.6748,=4537.2600,=32626421925153.1914,=23770441717306,=10020744450091.6777,=14.0175,=0.5198,=23.4859,=13.8361,=10.9451
2017-08-17,=3721.2770,=4531.6600,=32609210641267.5117,=23760325796280,=10002592261592.1406,=14.0270,=0.5210,=23.4859,=13.8328,=10.9451
2017-08-16,=3701.4207,=4507.4800,=32447633938111.7070,=23641924578144,=9949733748625.1074,=13.9568,=0.5128,=23.4859,=13.8323,=10.9451
2017-08-15,=3706.0566,=4513.0500,=32505958750479.6094,=23683866635732,=9963080967557.5137,=13.9810,=0.5143,=23.4859,=13.8318,=10.9451
2017-08-14,=3694.6831,=4499.2000,=32304785920537.6211,=23565641598388,=9928125322859.3223,=13.8943,=0.5075,=23.4859,=13.8311,=10.9451
2017-08-11,=3647.3503,=4441.4400,=32062944709262.1016,=23378862886852,=9801503705515.7617,=13.7901,=0.4947,=23.5018,=13.8304,=10.9411
2017-08-10,=3715.9208,=4524.0600,=32547124912688.5117,=23739607807626,=9980410105617.3086,=14.0033,=0.5165,=23.5018,=13.8311,=10.9411
2017-08-09,=3731.0440,=4542.2100,=32642732083122.9102,=23810488654084,=10021348363102.3262,=14.0452,=0.5217,=23.5018,=13.8304,=10.9411
2017-08-08,=3732.2129,=4543.4500,=32812891900017.3047,=23889845185728,=10030579247444.9180,=14.1181,=0.5318,=23.5018,=13.8290,=10.9411
2017-08-07,=3726.7948,=4535.7000,=32758608603664.7109,=23843420280709,=10016026509288.4746,=14.0952,=0.5297,=23.5018,=13.8276,=10.9411
2017-08-04,=3707.5796,=4512.3200,=32653308307413.4102,=23752098726857,=9964293220657.1348,=14.0500,=0.5232,=23.5120,=13.8236,=10.9386
2017-08-03,=3727.8264,=4536.3600,=32780311659560.8984,=23839367195856,=10019140473616.1895,=14.1046,=0.5310,=23.5120,=13.8196,=10.9386
2017-08-02,=3760.8525,=4576.4900,=33038656802483,=24035314923938,=10109865675432.6367,=14.2158,=0.5372,=23.5120,=13.8185,=10.9386
2017-08-01,=3770.3828,=4586.6400,=33035760850217.6953,=24013498666110,=10131374114594.1582,=14.2160,=0.5374,=23.5120,=13.8174,=10.9386
2017-07-31,=3737.8732,=4546.7600,=32734038604980.8008,=23796136786774,=10042821388105.5664,=14.0991,=0.5309,=23.5120,=13.8171,=10.9386
2017-07-28,=3721.8914,=4527.3200,=32654963190650.6953,=23725525342247,=9998759283387.5703,=14.0662,=0.5257,=23.5333,=13.8169,=10.9342
2017-07-27,=3712.1947,=4515.4900,=32588363750476.8984,=23676893587700,=9974110685592.2598,=14.0448,=0.5229,=23.5333,=13.8158,=10.9342
2017-07-26,=3705.3884,=4506.2300,=32597375229308.6094,=23687814842252,=9952711242440.4316,=14.0491,=0.5237,=23.5333,=13.8147,=10.9342
2017-07-25,=3719.5590,=4523.2200,=32567438508309.6992,=23687887462542,=9988316535298.6699,=14.0346,=0.5226,=23.5333,=13.8144,=10.9342
2017-07-24,=3743.4686,=4552,=32597696734768.2188,=23728957572262,=10051432538888.9121,=14.0465,=0.5231,=23.5333,=13.8141,=10.9342
2017-07-21,=3728.5976,=4533.5500,=32498821100163.6094,=23670446591658,=10007782224729.2266,=14.0060,=0.5193,=23.6302,=13.8111,=10.9338
2017-07-20,=3747.8843,=4555.7500,=32631800141034.4219,=23750266739401,=10061922917304.0898,=14.0633,=0.5244,=23.6302,=13.8082,=10.9338
2017-07-19,=3729.7466,=4533.4000,=32498723511604.6094,=23640236487715,=10014222253694.9297,=14.0078,=0.5196,=23.6302,=13.8049,=10.9338
2017-07-18,=3667.1807,=4456.0800,=32108216397853.6992,=23357343342969,=9845017461485.6113,=13.8394,=0.5037,=23.6302,=13.8016,=10.9338
2017-07-17,=3663.5575,=4450.1300,=32146227119122.8164,=23366039402341,=9840256091358.7480,=13.8558,=0.5062,=23.6302,=13.8010,=10.9338
2017-07-14,=3703.0940,=4498,=32189766662599.8125,=23396882994333,=9942301212339.7168,=13.8745,=0.5084,=23.6670,=13.8004,=10.9288
2017-07-13,=3686.9205,=4473.5900,=32087628716886.9063,=23317155270704,=9898815971589.9102,=13.8304,=0.5032,=23.6670,=13.8000,=10.9288
2017-07-12,=3658.8236,=4435.9600,=31837719621055.2109,=23138652173461,=9820454472677.7051,=13.7227,=0.4889,=23.6670,=13.7995,=10.9288
2017-07-11,=3670.8086,=4448.7900,=31895656624450.3008,=23198097149335,=9846927544441.9258,=13.7477,=0.4921,=23.6670,=13.8000,=10.9288
2017-07-10,=3653.6868,=4422.9400,=31788720898376.4023,=23119018049831,=9797280417069.0371,=13.7016,=0.4859,=23.6670,=13.8004,=10.9288
2017-07-07,=3655.9293,=4422.4800,=31775507410666.0117,=23081870063217,=9798158058946.1074,=13.6959,=0.4844,=23.7463,=13.8010,=10.9265
2017-07-06,=3660.0967,=4422.7800,=31807211938720.8047,=23109579664193,=9810529099908.5137,=13.7096,=0.4862,=23.7463,=13.8016,=10.9265
2017-07-05,=3659.6795,=4420.0400,=31777517008560.2930,=23084423014008,=9809769929938.2500,=13.6968,=0.4847,=23.7463,=13.8049,=10.9265
2017-07-04,=3619.9841,=4367.2700,=31530682010758.1992,=22896026841152,=9702602035072.0664,=13.5904,=0.4707,=23.7463,=13.8082,=10.9265
2017-07-03,=3650.8463,=4403.8800,=31699751685587.5195,=23019325589624,=9784648799042.8477,=13.6633,=0.4807,=23.7463,=13.8111,=10.9265
2017-06-30,=3666.7977,=4423.1100,=31785139972943.3164,=23065329956941,=9826659304010.2578,=13.7001,=0.4849,=23.8543,=13.8141,=10.9251
2017-06-29,=3668.8279,=4424.5600,=31812195746334.7109,=23051312745518,=9809718911755.4570,=13.7117,=0.4860,=23.8543,=13.8144,=10.9251
2017-06-28,=3646.1666,=4395.5400,=31624962749072.3125,=22920787683518,=9747625399611.5410,=13.6310,=0.4764,=23.8543,=13.8147,=10.9251
2017-06-27,=3674.7152,=4429.8800,=31812905988115.6016,=23060774739188,=9821532529438.0059,=13.7120,=0.4860,=23.8543,=13.8158,=10.9251
2017-06-26,=3668.0919,=4421.8800,=31769813238211.7813,=23037661268100,=9800319810730.1934,=13.6934,=0.4845,=23.8543,=13.8169,=10.9251
2017-06-23,=3622.8831,=4367.1000,=31520287341222.2109,=22838855956292,=9679583785730.5039,=13.5859,=0.4705,=23.9340,=13.8171,=10.9251
2017-06-22,=3590.3425,=4327.8000,=31309196973678.5000,=22671016335158,=9592982567168.2031,=13.4949,=0.4535,=23.9340,=13.8174,=10.9251
2017-06-21,=3587.9550,=4324.1500,=31213814526234.3086,=22613195964040,=9578944938687.8535,=13.4538,=0.4442,=23.9340,=13.8185,=10.9251
2017-06-20,=3546.4940,=4273.5500,=30954370126768.5195,=22401941809826,=9474482984023.5859,=13.3402,=0.4278,=23.9340,=13.8196,=10.9251
2017-06-19,=3553.6653,=4282.1600,=30980990117154.1055,=22416704807814,=9492988551837.0527,=13.3517,=0.4293,=23.9340,=13.8236,=10.9251
2017-06-16,=3518.7611,=4239.5400,=30782679721628.7031,=22272517198825,=9399903402014.4434,=13.2662,=0.4176,=23.9578,=13.8276,=10.9233
2017-06-15,=3528.7926,=4246.1700,=30881904653896.3008,=22342190225342,=9423393979467.3789,=13.3090,=0.4232,=23.9578,=13.8297,=10.9233
2017-06-14,=3535.2987,=4253.3800,=31000233906736.8008,=22429524760013,=9442420339941.5176,=13.3599,=0.4291,=23.9578,=13.8318,=10.9233
2017-06-13,=3582.2674,=4301.5900,=31337090572591.0117,=22683455341390,=9569249447518.9941,=13.5051,=0.4545,=23.9578,=13.8323,=10.9233
2017-06-12,=3574.3894,=4291.6000,=31289270463244.3125,=22655543593216,=9550284571090.3418,=13.4845,=0.4510,=23.9578,=13.8328,=10.9233
2017-06-09,=3576.1703,=4293.5600,=30282220506352.9102,=22691210431924,=9519817831446.0898,=13.3683,=0.4308,=23.9771,=13.8372,=10.9201
2017-06-08,=3560.9786,=4273.5700,=30168996382452.1133,=22604942320312,=9475485135908.3789,=13.3183,=0.4252,=23.9771,=13.8415,=10.9201
2017-06-07,=3533.8718,=4240.5900,=30009382062482.3984,=22473046608653,=9404848048297.1094,=13.2460,=0.4156,=23.9771,=13.8427,=10.9201
2017-06-06,=3492.8816,=4190.5900,=29720643974332.8047,=22221807834872,=9293616764191.2520,=13.1185,=0.3978,=23.9771,=13.8438,=10.9201
2017-06-05,=3468.7538,=4161.4000,=29574192176466.2109,=22113755094673,=9232799314681.7539,=13.0539,=0.3894,=23.9771,=13.8441,=10.9201
2017-06-02,=3486.5074,=4181.4800,=29869814330808.8008,=22314101575972,=9279357653317.3613,=13.1844,=0.4075,=23.9953,=13.8444,=10.9186
2017-06-01,=3497.7382,=4194.8700,=29995720455082.8086,=22400189433474,=9308540514041.2832,=13.2399,=0.4141,=23.9953,=13.8447,=10.9186
2017-05-31,=3492.8845,=4188.8000,=29868812950247.8086,=22309156719674,=9294611983848.8164,=13.1839,=0.4075,=23.9953,=13.8450,=10.9186
2017-05-26,=3480.4300,=4173.6900,=29751789838469.7109,=22215825764344,=9271224131001.3086,=13.1311,=0.4005,=23.9953,=13.8483,=10.9186
2017-05-25,=3485.6581,=4179.5400,=29730918831931.3984,=22222370523355,=9286953900226.2129,=13.1219,=0.3993,=23.9953,=13.8516,=10.9186
2017-05-24,=3424.1669,=4104.6600,=29249781939355.7109,=21867620547549,=9114495296154.8477,=12.9095,=0.3709,=24.0314,=13.8519,=10.9131
2017-05-23,=3424.1940,=4104.5100,=29269789896567.7969,=21885737761426,=9112623500317.1055,=12.9184,=0.3720,=24.0314,=13.8522,=10.9131
2017-05-22,=3411.2387,=4088.8300,=29048310216946.6094,=21717672311787,=9074989215051.5645,=12.8206,=0.3630,=24.0314,=13.8530,=10.9131
2017-05-19,=3403.8492,=4079.6400,=28920359879134.7891,=21635557615491,=9055344572202.5215,=12.7641,=0.3570,=24.0314,=13.8538,=10.9131
2017-05-18,=3398.1127,=4072.6300,=28904664462665.5000,=21610690045784,=9040164582537.8008,=12.7572,=0.3561,=24.0314,=13.8549,=10.9131
2017-05-17,=3409.9656,=4086.3200,=28962044877589.8008,=21663290796281,=9070640007908.7246,=12.7831,=0.3586,=24.0341,=13.8561,=10.9131
2017-05-16,=3428.6491,=4108.6600,=29145335718797.9883,=21792314056853,=9120326428195.0605,=12.8640,=0.3662,=24.0341,=13.8575,=10.9131
2017-05-15,=3399.1937,=4072.8900,=29044336612885.4883,=21694853387060,=9041537167060.2305,=12.8195,=0.3619,=24.0341,=13.8590,=10.9131
2017-05-12,=3385.3787,=4055.8900,=28961983512240.8008,=21620169604363,=9003003630933.0684,=12.7831,=0.3586,=24.0341,=13.8617,=10.9131
2017-05-11,=3356.6459,=4020.4400,=28665470022507.1914,=21418970893364,=8920505955272.6738,=12.6522,=0.3479,=24.0341,=13.8643,=10.9131
2017-05-10,=3337.7007,=3997.1700,=28471527485814.6055,=21243249856410,=8870371667574.6133,=12.5666,=0.3442,=24.0385,=13.8645,=10.9129
2017-05-09,=3352.5324,=4012.7300,=28546985349664.9883,=21313327597338,=8908497854679.0742,=12.5999,=0.3457,=24.0385,=13.8647,=10.9129
2017-05-08,=3358.8125,=4018.6900,=28616615766105.8047,=21361951410309,=8923281216003.7715,=12.6307,=0.3465,=24.0385,=13.8659,=10.9129
2017-05-05,=3382.5502,=4047.0900,=28709606557960.4102,=21452754801082,=8986998759982.7656,=12.6719,=0.3473,=24.0385,=13.8671,=10.9129
2017-05-04,=3404.3864,=4073.2000,=28829882697298.8008,=21553893845561,=9045109469049.2773,=12.7250,=0.3525,=24.0385,=13.8701,=10.9129
2017-05-03,=3413.1282,=4083.6600,=28867689358745.8945,=21589511915671,=9071017556928.5625,=12.7417,=0.3544,=24.0580,=13.8730,=10.9116
2017-05-02,=3426.5766,=4099.7000,=28993703562242.1094,=21682779634489,=9107366483209.1387,=12.7973,=0.3586,=24.0580,=13.8743,=10.9116
2017-04-28,=3439.7500,=4115.4600,=29153987494612.3008,=21796427426409,=9107673996178.1094,=13.0390,=0.3853,=24.0580,=13.8755,=10.9116
2017-04-27,=3446.7202,=4123.6900,=29177675887285.3086,=21829623395074,=9081645877902.9473,=13.3645,=0.4251,=24.0580,=13.8821,=10.9116
2017-04-26,=3445.1832,=4121.8500,=29137000530366.9063,=21792306469483,=9065217298675.9609,=13.4016,=0.4286,=24.0580,=13.8886,=10.9116
2017-04-25,=3440.9743,=4116.7700,=29074782154599.6992,=21762037618745,=9060640785149.9727,=13.4089,=0.4308,=24.0983,=13.8891,=10.9094
2017-04-24,=3431.2587,=4105.1000,=29027014412521.5039,=21718597413498,=9022480538621.6211,=13.4314,=0.4344,=24.0983,=13.8896,=10.9094
2017-04-21,=3466.7865,=4147.5800,=29260101193222.6016,=21905494906011,=9118519280139.5586,=13.5577,=0.4581,=24.0983,=13.8902,=10.9094
2017-04-20,=3461.5481,=4141.2700,=29113048227152.2109,=21828449650587,=9098201709538.3730,=13.5132,=0.4504,=24.0983,=13.8909,=10.9094
2017-04-19,=3445.8761,=4122.5200,=29021276571244.2109,=21757887475727,=9055620450120.4258,=13.4811,=0.4437,=24.0983,=13.8956,=10.9094
2017-04-18,=3462.7429,=4142.6400,=29228662707449.1094,=21908455630715,=9100338292470.1465,=13.5810,=0.4620,=24.1063,=13.9003,=10.9013
2017-04-17,=3479.9417,=4163.1600,=29421429353188.0898,=22037623690648,=9149215746403.1152,=13.6479,=0.4714,=24.1063,=13.9038,=10.9013
2017-04-14,=3486.5045,=4171.0200,=29478284504058.1094,=22073191717514,=9167689496170.0352,=13.6864,=0.4753,=24.1063,=13.9074,=10.9013
2017-04-13,=3514.5662,=4204.5900,=29697164854035.4883,=22236334871410,=9237773176788.2988,=13.7915,=0.4878,=24.1063,=13.9096,=10.9013
2017-04-12,=3509.4387,=4198.4500,=29704643847212.1016,=22228136875985,=9253235151402.8926,=13.7925,=0.4883,=24.1063,=13.9118,=10.9013
2017-04-11,=3517.3280,=4207.8900,=29730720988536.3906,=22252114759560,=9270776587289.5977,=13.8147,=0.4909,=24.1094,=13.9125,=10.8771
2017-04-10,=3505.1392,=4193.0700,=29623540453877.1914,=22177117809374,=9234915749282.4121,=13.7732,=0.4846,=24.1094,=13.9132,=10.8771
2017-04-07,=3517.4634,=4207.7000,=29707135059304.2031,=22200640382053,=9259306836754.8496,=13.8141,=0.4906,=24.1094,=13.9151,=10.8771
2017-04-06,=3514.0469,=4203.5300,=29613193385232.2031,=22150604422253,=9250164102343.3887,=13.7707,=0.4846,=24.1094,=13.9170,=10.8771
2017-04-05,=3503.8932,=4191.3800,=29549550572169.7109,=22089090898735,=9225788527315.0156,=13.7437,=0.4823,=24.1094,=13.9184,=10.8771
2017-03-31,=3456.0500,=4134.1500,=29176770729357.2109,=21813027174326,=9102571760156.8496,=13.5188,=0.4533,=24.1144,=13.9199,=10.8746
2017-03-30,=3436.7580,=4111.0800,=29019258484102.2891,=21685353441679,=9054264595022.5938,=13.4426,=0.4387,=24.1144,=13.9221,=10.8746
2017-03-29,=3465.1933,=4145.0900,=29177246586907.3906,=21803258384978,=9127945772288.5723,=13.5035,=0.4495,=24.1144,=13.9244,=10.8746
2017-03-28,=3469.8093,=4149.8500,=29180969248133.7109,=21802161390315,=9139878941579.8027,=13.4645,=0.4414,=24.1144,=13.9252,=10.8746
2017-03-27,=3478.0385,=4159.6900,=29259062526266,=21860744971207,=9155679411083.0859,=13.5051,=0.4494,=24.1144,=13.9260,=10.8746
2017-03-24,=3489.5997,=4173.5200,=29287387891166.8984,=21900602194101,=9181878600691.4609,=13.6064,=0.4658,=24.1148,=13.9266,=10.8740
2017-03-23,=3461.9782,=4140.4800,=29064850988764.3906,=21727579172263,=9110289169244.5469,=13.4981,=0.4484,=24.1148,=13.9273,=10.8740
2017-03-22,=3450.0502,=4126.2200,=28994030002042.0898,=21685021887742,=9077827998979.4766,=13.4436,=0.4396,=24.1148,=13.9278,=10.8740
2017-03-21,=3466.3468,=4145.7100,=29176071392046.5117,=21800744981581,=9122702023876.4316,=13.5343,=0.4549,=24.1148,=13.9283,=10.8740
2017-03-20,=3449.6126,=4125.6900,=29064990040523.9023,=21706225535049,=9081481051168.3398,=13.4776,=0.4447,=24.1148,=13.9292,=10.8740
2017-03-17,=3445.8051,=4121.1400,=28983228345795.9023,=21610380682630,=9071502667811.2754,=13.4751,=0.4438,=24.1304,=13.9301,=10.8686
2017-03-16,=3481.5066,=4163.8400,=29259127593224.7930,=21816846331868,=9162761535287.8750,=13.6018,=0.4640,=24.1304,=13.9345,=10.8686
2017-03-15,=3463.6436,=4142.4700,=29124258862324.3984,=21714600311136,=9115926313178.5938,=13.5387,=0.4548,=24.1304,=13.9388,=10.8686
2017-03-14,=3456.6934,=4134.0800,=29086109934037.6914,=21680977197932,=9099168961876.8457,=13.5210,=0.4529,=24.1304,=13.9406,=10.8686
2017-03-13,=3458.0980,=4135.7600,=29073607277977.1992,=21672637998474,=9102459264219.0625,=13.5141,=0.4517,=24.1304,=13.9423,=10.8686
2017-03-10,=3427.8916,=4099.6300,=28839181894844.0117,=21502836215145,=9023713835288.2891,=13.4057,=0.4346,=24.1878,=13.9445,=10.8613
2017-03-09,=3426.9438,=4098.5000,=28856856550452.1992,=21520883490299,=9018844000406.0254,=13.4156,=0.4358,=24.1878,=13.9467,=10.8613
2017-03-08,=3448.7313,=4124.5600,=29043757659398.3164,=21666901494950,=9076905326885.1133,=13.5030,=0.4487,=24.1878,=13.9482,=10.8613
2017-03-07,=3453.9565,=4130.8000,=29076009672327.8984,=21675422943017,=9090199889196.0430,=13.5196,=0.4520,=24.1878,=13.9498,=10.8613
2017-03-06,=3446.4840,=4121.8700,=28998423830920.9102,=21622583193557,=9068780250276.9785,=13.4845,=0.4469,=24.1878,=13.9510,=10.8613
2017-03-03,=3427.8628,=4099.3900,=28906446818792.3086,=21545141275801,=9017075285816.8145,=13.4403,=0.4405,=24.2612,=13.9523,=10.8562
2017-03-02,=3435.0963,=4108.0400,=29016670411910.1055,=21629749409222,=9035791504321.3438,=13.4919,=0.4479,=24.2612,=13.9581,=10.8562
2017-03-01,=3458.4376,=4135.9500,=29188941360550.3984,=21768870691443,=9097328349357.3945,=13.5720,=0.4585,=24.2612,=13.9638,=10.8562
2017-02-28,=3452.8103,=4129.2200,=29150555563293.6211,=21735090277952,=9083898202022.8730,=13.5543,=0.4559,=24.2612,=13.9650,=10.8562
2017-02-27,=3446.2228,=4121.3400,=29086584727176.6992,=21690796207543,=9064956741747.9414,=13.5289,=0.4526,=24.2612,=13.9663,=10.8562
2017-02-24,=3473.8517,=4154.3800,=29283494014834.3984,=21826325447832,=9139579101551.8496,=13.6265,=0.4652,=24.3230,=13.9711,=10.8480
2017-02-23,=3473.3236,=4153.7500,=29310859638754.5000,=21837513227091,=9136939933362.7383,=13.6393,=0.4667,=24.3230,=13.9760,=10.8480
2017-02-22,=3489.7567,=4173.4100,=29443851435202.4219,=21942785909884,=9180494458970.1895,=13.7012,=0.4728,=24.3230,=13.9783,=10.8480
2017-02-21,=3482.8230,=4165.1100,=29364176455956.3906,=21888600082358,=9163742458835.6621,=13.6641,=0.4695,=24.3230,=13.9806,=10.8480
2017-02-20,=3471.3926,=4151.4400,=29286782424610.4063,=21826480920504,=9134275569605.9961,=13.6183,=0.4648,=24.3230,=13.9820,=10.8480
2017-02-17,=3421.4419,=4091.7100,=28897375336680.6016,=21528519783061,=9003832636276.7617,=13.4372,=0.4417,=24.3233,=13.9835,=10.8461
2017-02-16,=3440.9331,=4115.0200,=29101406702789.8086,=21675508012968,=9056252564573.7949,=13.5321,=0.4537,=24.3233,=13.9839,=10.8461
2017-02-15,=3421.7131,=4092.0300,=28995615404983.5117,=21598999399222,=9006976564364.2207,=13.4829,=0.4479,=24.3233,=13.9844,=10.8461
2017-02-14,=3435.8042,=4108.8800,=29004224144443.5117,=21621701840263,=9039434168620.1016,=13.4869,=0.4481,=24.3233,=13.9863,=10.8461
2017-02-13,=3436.2750,=4109.4500,=29015526612747.1953,=21638457350318,=9048697700886.8457,=13.4887,=0.4486,=24.3233,=13.9882,=10.8461
2017-02-10,=3413.4868,=4082.1900,=28830139492010.3945,=21501997733631,=8988960214820.5820,=13.4025,=0.4369,=24.3655,=13.9920,=10.8447
2017-02-09,=3396.2924,=4061.6300,=28673484911172.5078,=21383291801386,=8944259191027.1992,=13.3298,=0.4291,=24.3655,=13.9959,=10.8447
2017-02-08,=3383.2878,=4046.0800,=28560675240280.8125,=21303469642195,=8911466432973.7168,=13.2774,=0.4230,=24.3655,=13.9968,=10.8447
2017-02-07,=3365.6849,=4025.0300,=28452023152192.7969,=21224639728246,=8865216552255.9531,=13.2268,=0.4154,=24.3655,=13.9977,=10.8447
2017-02-06,=3373.2051,=4034.0200,=28513030399654.4922,=21271126160838,=8885524225177.4102,=13.2552,=0.4191,=24.3655,=13.9979,=10.8447
2017-02-03,=3364.4923,=4023.6000,=28446689250630.3984,=21207251469439,=8863848548619.3398,=13.2244,=0.4150,=24.3789,=13.9981,=10.8434
2017-01-26,=3387.9606,=4051.6700,=28669717216020.4961,=21324271515999,=8927890207880.7305,=13.3281,=0.4277,=24.3789,=13.9984,=10.8434
2017-01-25,=3375.9042,=4037.2500,=28572839589048.3945,=21268285216881,=8895296513510.5918,=13.2830,=0.4233,=24.3789,=13.9987,=10.8434
2017-01-24,=3364.4509,=4023.5500,=28503582680273.6914,=21218387830334,=8866133410710.6543,=13.2521,=0.4186,=24.3789,=14.0013,=10.8434
2017-01-23,=3364.0808,=4023.1100,=28390533727005.9961,=21120645741556,=8862062023940.6348,=13.1996,=0.4135,=24.3789,=14.0039,=10.8434
2017-01-20,=3354.8891,=4012.1200,=28319855126326.8047,=21051434128242,=8838296612388.5098,=13.1667,=0.4095,=24.4062,=14.0071,=10.8292
2017-01-19,=3329.2891,=3981.5000,=28180435174789.8906,=20940574648591,=8771300805137.3818,=13.1019,=0.4002,=24.4062,=14.0102,=10.8292
2017-01-18,=3339.3653,=3993.5500,=28259330629303.0039,=21018408038497,=8797573154862.4316,=13.1386,=0.4059,=24.4062,=14.0104,=10.8292
2017-01-17,=3326.3563,=3977.9900,=28161456907370.6016,=20932103079505,=8762982263849.7344,=13.0931,=0.3991,=24.4062,=14.0106,=10.8292
2017-01-16,=3319.4455,=3969.7300,=28119963956147.7109,=20910995671097,=8746418825319.0908,=13.0738,=0.3964,=24.4062,=14.0108,=10.8292
2017-01-13,=3319.9122,=3970.2900,=28020463040479.0859,=20829802217033,=8745483855233.3936,=13.0275,=0.3924,=24.4076,=14.0110,=10.8219
2017-01-12,=3317.6241,=3967.5500,=27942617425097.7031,=20770972514787,=8736879221620.8320,=12.9913,=0.3883,=24.4076,=14.0131,=10.8219
2017-01-11,=3334.4954,=3987.7300,=28207181256826.0039,=20985403369052,=8780045917539.5020,=13.1143,=0.4014,=24.4076,=14.0151,=10.8219
2017-01-10,=3358.2716,=4016.1600,=28195398504824.3047,=20982667503699,=8840182062546.5938,=13.1089,=0.4005,=24.4076,=14.0152,=10.8219
2017-01-09,=3363.9014,=4022.8900,=28254802244821.0977,=21024123524488,=8855120352282.9414,=13.1365,=0.4041,=24.4076,=14.0153,=10.8219
2017-01-06,=3347.6665,=4003.4800,=28127949487265.9102,=20896597635773,=8813060306480.6016,=13.0775,=0.3966,=24.4463,=14.0195,=10.8184
2017-01-05,=3367.7892,=4027.5400,=28197502828873.9961,=20937813885128,=8867494002658.7188,=13.1098,=0.4006,=24.4463,=14.0238,=10.8184
2017-01-04,=3368.3117,=4028.1700,=28140404769635.3984,=20885826860458,=8868049094407.1934,=13.0833,=0.3975,=24.4463,=14.0246,=10.8184
2017-01-03,=3342.2272,=3996.9700,=27957591888143.2031,=20722437273291,=8801109845940.7656,=12.9983,=0.3903,=24.4463,=14.0254,=10.8184
2016-12-30,=3310.0800,=3958.5300,=27680745104502.3086,=20497244643510,=8733654925529.4736,=12.9071,=0.3775,=24.4463,=14.0255,=10.8184
2016-12-29,=3297.7648,=3943.8000,=27587172549307.5039,=20418412365820,=8700916679591.1064,=12.8644,=0.3741,=24.4948,=14.0255,=10.8172
2016-12-28,=3301.8887,=3948.7300,=27617945990573.0195,=20408343378142,=8712462511996.8242,=12.8788,=0.3753,=24.4948,=14.0274,=10.8172
2016-12-27,=3316.3852,=3966.0700,=27708583843471.3047,=20487063989213,=8749154495793.4805,=12.9210,=0.3793,=24.4948,=14.0294,=10.8172
2016-12-26,=3322.4006,=3973.2600,=27806634498109.1094,=20565601916411,=8764543722958.6699,=12.9668,=0.3840,=24.4948,=14.0337,=10.8172
2016-12-23,=3307.5991,=3955.5600,=27688399228623.8984,=20471064529888,=8725211262262.2695,=12.9116,=0.3775,=24.4948,=14.0379,=10.8172
2016-12-22,=3335.6720,=3989.1400,=27878031177501.6055,=20614091397824,=8798317122193.1094,=13.0001,=0.3895,=24.5042,=14.0432,=10.8143
2016-12-21,=3338.5360,=3992.5600,=27856855111123.9141,=20589685463766,=8806238833200.4219,=12.9924,=0.3886,=24.5042,=14.0485,=10.8143
2016-12-20,=3309.0641,=3957.3100,=27549423016336.7148,=20357296595100,=8730192932489.0020,=12.8490,=0.3736,=24.5042,=14.0505,=10.8143
2016-12-19,=3328.9827,=3981.1400,=27723816032687.2031,=20483227037763,=8783545105393.4600,=12.9303,=0.3801,=24.5042,=14.0526,=10.8143
2016-12-16,=3346.0305,=4001.5200,=27811731680108.2031,=20485915598479,=8830145911069.2207,=12.9713,=0.3852,=24.5042,=14.0551,=10.8143
2016-12-15,=3340.4338,=3994.8300,=27803886117459.5078,=20481827679882,=8818485622447.1465,=12.9676,=0.3839,=24.5250,=14.0576,=10.8122
2016-12-14,=3378.9453,=4040.8900,=28232025680259.7148,=20783510679500,=8924854104873.4336,=13.1673,=0.4044,=24.5250,=14.0588,=10.8122
2016-12-13,=3405.0355,=4072.0900,=28390842404866.7070,=20906350040981,=8990442860792.2695,=13.2414,=0.4123,=24.5250,=14.0600,=10.8122
2016-12-12,=3409.1794,=4076.9600,=28462299869782.2109,=20938083380114,=9005740377899.7539,=13.2747,=0.4160,=24.5250,=14.0626,=10.8122
2016-12-09,=3493.7004,=4178.0300,=29056791406855.6016,=21671600100976,=9189616718002.8008,=13.5736,=0.4510,=24.5250,=14.0651,=10.8122
2016-12-08,=3470.1426,=4149.8600,=28762848472637.8086,=21469193999901,=9123914206194.8535,=13.4363,=0.4343,=24.5273,=14.0664,=10.8057
2016-12-07,=3475.7473,=4156.5600,=28810936269768.6055,=21498605687038,=9136843060070.6914,=13.4588,=0.4355,=24.5273,=14.0678,=10.8057
2016-12-06,=3459.1533,=4136.6300,=28702390410767.2188,=21406888613075,=9094916298579.0645,=13.4094,=0.4307,=24.5273,=14.0688,=10.8057
2016-12-05,=3469.4073,=4148.8900,=28818803961699.5000,=21478002541609,=9122193632052.2559,=13.4638,=0.4361,=24.5273,=14.0699,=10.8057
2016-12-02,=3528.9547,=4220.1000,=29239506026381.3984,=21808736617195,=9275267001749.9199,=13.6603,=0.4596,=24.5273,=14.0725,=10.8057
2016-12-01,=3565.0360,=4263.2500,=29403821380537.1914,=21946094161754,=9367830151441.0430,=13.7371,=0.4665,=24.5302,=14.0752,=10.8047
2016-11-30,=3538.0010,=4230.9200,=29189095241307.6992,=21781267219242,=9298290037209.2695,=13.6368,=0.4578,=24.5302,=14.0767,=10.8047
2016-11-29,=3564.0404,=4262.0600,=29500371468575.6914,=22015286247411,=9367843291125.3262,=13.7822,=0.4714,=24.5302,=14.0782,=10.8047
2016-11-28,=3535.0807,=4227.4300,=29270823262381.9883,=21819380497932,=9291895543036.1699,=13.6750,=0.4613,=24.5302,=14.0785,=10.8047
2016-11-25,=3521.2984,=4210.8700,=29099093494391.3008,=21680657568226,=9256251103465.8477,=13.5947,=0.4533,=24.5302,=14.0787,=10.8047
2016-11-24,=3488.7402,=4171.9400,=28818578899342.1094,=21478285708438,=9171024795478.8457,=13.4637,=0.4369,=24.5369,=14.0794,=10.7962
2016-11-23,=3474.7289,=4155.1800,=28758512605111.7109,=21426492108331,=9135599396661.7402,=13.4356,=0.4352,=24.5369,=14.0801,=10.7962
2016-11-22,=3468.3637,=4147.5700,=28731343888638.9961,=21403621688387,=9116200848276.8906,=13.4229,=0.4347,=24.5369,=14.0805,=10.7962
2016-11-21,=3441.1106,=4114.9800,=28463529136438.5938,=21200049285336,=9045623174926.0547,=13.2978,=0.4207,=24.5369,=14.0809,=10.7962
2016-11-18,=3417.4554,=4086.7000,=28211140005305.6992,=21012232751463,=8984651276787.7109,=13.1799,=0.4081,=24.5369,=14.0813,=10.7962
2016-11-17,=3436.5350,=4109.5100,=28368249816774.8008,=21121360194764,=9035636813078.3496,=13.2533,=0.4150,=24.5766,=14.0817,=10.7718
2016-11-16,=3429.5921,=4101.2100,=28324976863894.9961,=21077865946528,=9018584743918.2695,=13.2368,=0.4137,=24.5766,=14.0821,=10.7718
2016-11-15,=3429.8697,=4101.5400,=28326761583006,=21079602972155,=9019392214307.2324,=13.2376,=0.4138,=24.5766,=14.0825,=10.7718
2016-11-14,=3430.2482,=4101.9900,=28375197772979.7969,=21111100340187,=9020229280530.2422,=13.2602,=0.4158,=24.5766,=14.0829,=10.7718
2016-11-11,=3417.2211,=4086.4100,=28240131584128.3086,=21013105832382,=8984635969070.7871,=13.1971,=0.4106,=24.5766,=14.0832,=10.7718
2016-11-10,=3390.6119,=4054.5900,=28023230005230.9961,=20852627530951,=8913953016881.9355,=13.0957,=0.3997,=24.6107,=14.0839,=10.7593
2016-11-09,=3353.0547,=4009.6800,=27710125530790.1992,=20620914438966,=8815482610842.5820,=12.9494,=0.3853,=24.6107,=14.0845,=10.7593
2016-11-08,=3371.1177,=4031.2800,=27879677763690,=20745072224709,=8864962302356.6348,=13.0287,=0.3940,=24.6107,=14.0868,=10.7593
2016-11-07,=3356.5916,=4013.8100,=27753754286405.0078,=20654853167558,=8825090982589.1328,=12.9703,=0.3877,=24.6107,=14.0892,=10.7593
2016-11-04,=3354.1749,=4010.9200,=27714435549252.4922,=20619234369398,=8818690546867.7500,=12.9519,=0.3861,=24.6107,=14.0908,=10.7593
2016-11-03,=3365.0850,=4023.9700,=27802122357866.4023,=20672751893360,=8849199585221.6680,=12.9929,=0.3908,=24.6358,=14.0924,=10.7535
2016-11-02,=3333.3524,=3985.9500,=27567514272520.4922,=20493433147292,=8766383139905.9199,=12.8832,=0.3803,=24.6358,=14.0946,=10.7535
2016-11-01,=3359.0515,=4016.6800,=27780715348866.2969,=20654027804049,=8833446573953.8652,=12.9829,=0.3897,=24.6358,=14.0969,=10.7535
2016-10-31,=3336.2778,=3989.4500,=27629621355603.2891,=20548001153456,=8773246096638.8379,=12.9123,=0.3820,=24.6358,=14.0973,=10.7535
2016-10-28,=3340.1262,=3994.0500,=27670669114279.8047,=20576910881031,=8745003194078.7900,=13.0777,=0.3960,=24.6358,=14.0977,=10.7535
2016-10-27,=3345.6950,=4000.7100,=27684950448034.6914,=20594533658734,=8726704906483.4736,=13.1779,=0.4065,=24.6406,=14.0994,=10.7533
2016-10-26,=3354.8003,=4011.6000,=27763532015502.6016,=20654590924980,=8745855626853.3975,=13.2246,=0.4102,=24.6406,=14.1011,=10.7533
2016-10-25,=3367.4547,=4026.7300,=27898767687612.6055,=20751493103974,=8780242042141.2197,=13.2844,=0.4157,=24.6406,=14.1048,=10.7533
2016-10-24,=3367.5778,=4026.8600,=27910623078075.2070,=20762496550944,=8779108729349.3418,=13.3252,=0.4190,=24.6406,=14.1084,=10.7533
2016-10-21,=3327.7400,=3979.2300,=27569442064786.6953,=20513605753696,=8673914058045.9150,=13.1544,=0.4046,=24.6406,=14.1141,=10.7533
2016-10-20,=3318.6044,=3968.3000,=27466928228493.9063,=20393924515515,=8649675110604.0938,=13.1257,=0.4019,=24.6449,=14.1197,=10.7469
2016-10-19,=3316.2407,=3965.3700,=27457705630071.0898,=20385792517878,=8643120590418.3467,=13.1212,=0.4016,=24.6449,=14.1197,=10.7469
2016-10-18,=3321.3324,=3971.4600,=27478482778924.8125,=20399790472129,=8657061298651.0127,=13.1397,=0.4029,=24.6449,=14.1197,=10.7469
2016-10-17,=3277.8787,=3919.5000,=27127338416058.9922,=20134984807625,=8542277178335.9141,=12.9734,=0.3894,=24.6449,=14.1198,=10.7469
2016-10-14,=3305.8481,=3952.9400,=27318399840667.1914,=20287565953354,=8616350943574.2695,=13.0648,=0.3964,=24.6449,=14.1199,=10.7469
2016-10-13,=3302.6455,=3949.1100,=27274685981337.8789,=20251623117240,=8608965402722.6533,=13.0439,=0.3954,=24.6779,=14.1205,=10.7469
2016-10-12,=3300.0099,=3945.9600,=27263023912390.2891,=20243564438439,=8602875219494.9629,=13.0380,=0.3948,=24.6779,=14.1212,=10.7469
2016-10-11,=3306.5573,=3953.7900,=27321665514207.4102,=20292904305728,=8620646744335.9775,=13.0704,=0.3961,=24.6779,=14.1243,=10.7469
2016-10-10,=3293.8689,=3938.6200,=27231634853819,=20218163212543,=8587908235722.0830,=13.0278,=0.3941,=24.6779,=14.1273,=10.7469
2016-09-30,=3253.2848,=3890.0900,=26900452397779.9961,=19971972310718,=8481599618944.9463,=12.8724,=0.3824,=24.6779,=14.1277,=10.7469
2016-09-29,=3244.3874,=3879.3400,=26850763586954.9961,=19929989503984,=8445938264045.9092,=12.8486,=0.3804,=24.7081,=14.1280,=10.7437
2016-09-28,=3230.8904,=3863.0100,=26735234240987.8047,=19843553139107,=8410945274547.6367,=12.7933,=0.3762,=24.7081,=14.1419,=10.7437
2016-09-27,=3240.7546,=3874.8000,=26831269807632.8906,=19910997674443,=8438296307094.9619,=12.8393,=0.3796,=24.7081,=14.1559,=10.7437
2016-09-26,=3220.2838,=3850.3300,=26673300381559.5000,=19793647342756,=8384818145386.0615,=12.7637,=0.3736,=24.7081,=14.1564,=10.7437
2016-09-23,=3275.6665,=3915,=27090324510848.9961,=20109441739389,=8527297831297.0264,=12.9632,=0.3877,=24.7081,=14.1569,=10.7437
2016-09-22,=3291.1211,=3933.4700,=27166201814419.9961,=20169515313813,=8565697221818.7520,=12.9996,=0.3907,=24.7134,=14.1611,=10.7102
2016-09-21,=3266.6363,=3904.2100,=26984332902030.5938,=20031875316426,=8503111235355.4863,=12.9125,=0.3833,=24.7134,=14.1653,=10.7102
2016-09-20,=3257.4034,=3892.6800,=26924441113152.5078,=19989388424080,=8479095541463.0342,=12.8839,=0.3820,=24.7134,=14.1660,=10.7102
2016-09-19,=3263.1242,=3899.5200,=26972939482518.0938,=20023213802633,=8494360002047.4775,=12.9071,=0.3829,=24.7134,=14.1667,=10.7102
2016-09-14,=3238.7299,=3870.3600,=26797835509666.0117,=19826078850626,=8430332210311.3174,=12.8233,=0.3791,=24.7134,=14.1683,=10.7102
2016-09-13,=3260.3330,=3896.1800,=26999906337160.9023,=19973745048535,=8486947108221.8779,=12.9200,=0.3835,=24.7386,=14.1700,=10.7096
2016-09-12,=3262.6043,=3898.8900,=27041587959479.4883,=20003224717295,=8493000769461.1299,=12.9399,=0.3851,=24.7386,=14.1735,=10.7096
2016-09-09,=3318.0440,=3965.1500,=27479548054743.7109,=20319670502955,=8638254526629.3252,=13.1495,=0.3996,=24.7386,=14.1770,=10.7096
2016-09-08,=3339.5640,=3990.8600,=27624212782969.3945,=20432840277594,=8693962373543.3418,=13.2187,=0.4048,=24.7386,=14.1855,=10.7096
2016-09-07,=3340.8172,=3992.3600,=27631033866456.6055,=20434602693358,=8697091410109.8047,=13.2220,=0.4050,=24.7386,=14.1940,=10.7096
2016-09-06,=3342.6259,=3994.5200,=27643501332328.1016,=20435141405005,=8700379760883.5195,=13.2279,=0.4051,=24.7905,=14.1963,=10.7000
2016-09-05,=3319.6803,=3967.1000,=27535474906681.3984,=20347917639675,=8643634895160.1895,=13.1754,=0.4017,=24.7905,=14.1985,=10.7000
2016-09-02,=3314.1142,=3959.4900,=27493027582024.7109,=20325522121169,=8628816695051.1553,=13.1551,=0.4007,=24.7905,=14.1991,=10.7000
2016-09-01,=3301.5767,=3944.5100,=27432723673226.4961,=20277260035537,=8604370783963.4600,=13.1196,=0.3980,=24.7905,=14.1996,=10.7000
2016-08-31,=3327.7938,=3975.8400,=27606026795980.9961,=20409257719632,=8672051368483.5703,=13.2025,=0.4035,=24.7905,=14.2006,=10.7000
2016-08-30,=3311.9872,=3956.8200,=27488206181536.8047,=20319936398403,=8598517987821.8896,=13.1302,=0.3990,=24.7955,=14.2016,=10.6948
2016-08-29,=3307.7812,=3951.8000,=27421662174975.0117,=20268720033344,=8580304683562.7305,=12.9820,=0.3898,=24.7955,=14.2029,=10.6948
2016-08-26,=3307.0902,=3950.9700,=27429174448185.8945,=20270154110158,=8557851109786.7715,=12.8244,=0.3809,=24.7955,=14.2042,=10.6948
2016-08-25,=3308.9721,=3952.9300,=27454029310734.1992,=20290197501034,=8555757686971.8965,=12.7133,=0.3709,=24.7955,=14.2140,=10.6948
2016-08-24,=3329.8631,=3977.8800,=27598333575247.3008,=20397232679008,=8605828478950.3340,=12.7392,=0.3739,=24.7955,=14.2239,=10.6948
2016-08-23,=3341.8298,=3991.1200,=27677012483383.1953,=20453369746808,=8633969176619.2061,=12.7861,=0.3777,=24.8307,=14.2270,=10.6850
2016-08-22,=3336.7949,=3984.8700,=27623725681934.9063,=20420769589195,=8569830827410.5117,=12.7155,=0.3713,=24.8307,=14.2300,=10.6850
2016-08-19,=3365.0197,=4018.5700,=27792788229249.2070,=20514394470451,=8641434004090.5313,=12.7700,=0.3765,=24.8307,=14.2307,=10.6850
2016-08-18,=3364.4851,=4016.1100,=27769101192417.7813,=20493000307800,=8639755097038.9775,=12.7661,=0.3759,=24.8307,=14.2313,=10.6850
2016-08-17,=3373.0476,=4026.1400,=27828830733413.7852,=20540198021572,=8663620230370.8203,=12.8151,=0.3782,=24.8307,=14.2406,=10.6850
2016-08-16,=3378.2451,=4032.3500,=27868568376913.1992,=20571860022996,=8677284635946.2383,=12.8354,=0.3794,=24.8414,=14.2498,=10.6830
2016-08-15,=3393.4239,=4050.4700,=28093344780211.8945,=20722787210313,=8703109567119.3262,=12.9302,=0.3836,=24.8414,=14.2512,=10.6830
2016-08-12,=3294.2337,=3932.0700,=27352472710937.8984,=20174570140144,=8447674281010.8525,=12.5895,=0.3674,=24.8414,=14.2526,=10.6830
2016-08-11,=3233.3604,=3858.4500,=26844692744349.0078,=19812296143814,=8287963375449.7979,=12.3559,=0.3541,=24.8414,=14.2527,=10.6830
2016-08-10,=3243.3409,=3868.9600,=26853907734739.4922,=19832983969035,=8318522288956.4258,=12.3630,=0.3542,=24.8414,=14.2529,=10.6830
2016-08-09,=3256.9813,=3885.0600,=26936306975856.7969,=19894053240978,=8351651047858.7578,=12.3947,=0.3558,=24.8726,=14.2670,=10.6781
2016-08-08,=3234.1833,=3857.8600,=26764082389552.1055,=19766543072685,=8292741343927.3896,=12.3149,=0.3527,=24.8726,=14.2811,=10.6781
2016-08-05,=3205.1101,=3823.1900,=26536846859422.5117,=19605049502408,=8220354264870.1709,=12.2103,=0.3466,=24.8726,=14.2851,=10.6781
2016-08-04,=3201.2888,=3817.2800,=26529946091613.1992,=19596304489615,=8209573025838.8145,=12.2072,=0.3464,=24.8726,=14.2891,=10.6781
2016-08-03,=3193.5073,=3808,=26508864684485.8906,=19572102955720,=8190469673520.0557,=12.1988,=0.3458,=24.8726,=14.2905,=10.6781
2016-08-02,=3189.0529,=3802.6900,=26509860012338.6094,=19564953843745,=8180447467679.0879,=12.1898,=0.3452,=24.8974,=14.2920,=10.6700
2016-08-01,=3176.8091,=3788.0900,=26418517777550.2969,=19494944108238,=8147463708961.9736,=12.1461,=0.3428,=24.8974,=14.2931,=10.6700
2016-07-29,=3203.9304,=3820.4300,=26551255694299.3906,=19609023514226,=8214491691573.7744,=12.2057,=0.3455,=24.8974,=14.2943,=10.6700
2016-07-28,=3221.1365,=3838.2300,=26641180330226.3984,=19688654377485,=8256785490351.6563,=12.2462,=0.3474,=24.8974,=14.2953,=10.6700
2016-07-27,=3218.2430,=3834.7600,=26645786855955,=19684254884674,=8253932484491.4775,=12.2483,=0.3475,=24.8974,=14.2962,=10.6700
2016-07-26,=3269.5882,=3895.3900,=26991208794860.3125,=19923304598849,=8381026121533.5420,=12.4067,=0.3542,=24.9061,=14.2989,=10.6623
2016-07-25,=3230.8850,=3848.9900,=26694415161839.2070,=19700659888638,=8283684822383.7422,=12.2702,=0.3485,=24.9061,=14.3016,=10.6623
2016-07-22,=3225.1621,=3841.0500,=26665248029444.2070,=19684018868087,=8270798474131.2900,=12.2547,=0.3483,=24.9061,=14.3028,=10.6623
2016-07-21,=3252.5227,=3873.0900,=26875374800132.5000,=19833780378952,=8340110299645.6055,=12.3512,=0.3513,=24.9061,=14.3040,=10.6623
2016-07-20,=3237.6051,=3855.2300,=26775117767454.6875,=19754372253267,=8300593985752.2217,=12.3052,=0.3503,=24.9061,=14.3152,=10.6623
2016-07-19,=3248.2341,=3867.6300,=26884373146610.5898,=19824268856029,=8328152166511.6514,=12.3551,=0.3512,=24.9064,=14.3265,=10.6574
2016-07-18,=3262.0222,=3882.2700,=27019138968600.1016,=19925712047667,=8362702633436.4961,=12.4171,=0.3532,=24.9064,=14.3266,=10.6574
2016-07-15,=3276.2775,=3899.0800,=27083247862999.6094,=19978081782268,=8396330404189.6533,=12.4465,=0.3547,=24.9064,=14.3266,=10.6574
2016-07-14,=3276.7637,=3897.1900,=27046427908457.2031,=19959402587744,=8397709266295.2510,=12.4296,=0.3541,=24.9064,=14.3298,=10.6574
2016-07-13,=3282.8681,=3904.2700,=27142636861098.5000,=20016532366197,=8413132827492.8018,=12.4738,=0.3561,=24.9064,=14.3330,=10.6574
2016-07-12,=3273.1823,=3884.7400,=27032844374202.6055,=19951948299237,=8389313645290.8623,=12.4234,=0.3540,=24.9243,=14.3357,=10.6502
2016-07-11,=3203.3298,=3801.3500,=26451994418272.1016,=19541611958195,=8212185330845.8135,=12.1564,=0.3447,=24.9243,=14.3383,=10.6502
2016-07-08,=3192.2804,=3787.0500,=26355611079867.8984,=19470960175189,=8181869480380.8643,=12.1121,=0.3408,=24.9243,=14.3393,=10.6502
2016-07-07,=3209.9542,=3801.6500,=26607535002514.0938,=19669345194320,=8227203586367.7344,=12.2279,=0.3475,=24.9243,=14.3403,=10.6502
2016-07-06,=3216.8035,=3802.3600,=26652534424012.7852,=19714616210080,=8237776301603.2451,=12.2486,=0.3483,=24.9243,=14.3432,=10.6502
2016-07-05,=3207.3827,=3789.8900,=26596455709870.9922,=19663509661225,=8215740470259.1357,=12.2228,=0.3474,=24.9274,=14.3461,=10.6230
2016-07-04,=3204.6962,=3784.6300,=26532494194660.7070,=19612075340440,=8210102368558.3584,=12.1934,=0.3468,=24.9274,=14.3492,=10.6230
2016-07-01,=3154.2003,=3724.7200,=26099810848904.6836,=19287313303764,=8103643651490.3633,=12.0068,=0.3344,=24.9274,=14.3523,=10.6230
2016-06-30,=3153.9210,=3722.8900,=26079121701885.2109,=19263882067118,=8100545106812.9004,=11.9973,=0.3338,=24.9274,=14.3524,=10.6230
2016-06-29,=3151.3898,=3718.2900,=26108363234701.9844,=19204217842629,=8073526005805.9326,=12.0108,=0.3350,=24.9274,=14.3525,=10.6230
2016-06-28,=3136.4013,=3700.4500,=25981165963721.1016,=19103307105978,=8033999124126.4180,=11.9523,=0.3300,=24.9434,=14.3570,=10.6225
2016-06-27,=3120.5443,=3680.5100,=25857021835843.9922,=19025981545480,=7993905966410.2432,=11.8951,=0.3254,=24.9434,=14.3615,=10.6225
2016-06-24,=3077.1554,=3629.0400,=25553681078414.3945,=18748974746331,=7885203754765.7100,=11.7556,=0.3134,=24.9434,=14.3618,=10.6225
2016-06-23,=3117.3168,=3671.4400,=25905851087310.9961,=19001950403528,=7986845119385.4199,=11.9176,=0.3267,=24.9434,=14.3621,=10.6225
2016-06-22,=3133.9611,=3688,=26002313598180,=19078553900734,=8024391399494.0498,=11.9620,=0.3305,=24.9434,=14.3625,=10.6225
2016-06-21,=3106.3175,=3654.8600,=25785402071313.4883,=18926439074487,=7955424340791.4902,=11.8622,=0.3218,=24.9735,=14.3629,=10.5822
2016-06-20,=3112.6744,=3662.3400,=25815457554449.4883,=18952748650137,=7970825335695.7695,=11.8760,=0.3238,=24.9735,=14.3670,=10.5822
2016-06-17,=3110.3572,=3659.2200,=25779113855564.8984,=18934115904900,=7964603594826.4600,=11.8593,=0.3217,=24.9735,=14.3712,=10.5822
2016-06-16,=3094.6748,=3638.9700,=25669895001503.3945,=18853761410751,=7925144336376.1475,=11.8091,=0.3181,=24.9735,=14.3746,=10.5822
2016-06-15,=3116.3682,=3662.0100,=25842668507673.6836,=18981190283137,=7977563340672.5938,=11.8885,=0.3241,=24.9735,=14.3779,=10.5822
2016-06-14,=3075.9834,=3614.2900,=25596231867780.0039,=18784746510769,=7877313127321.9580,=11.7752,=0.3151,=24.9972,=14.3796,=10.5817
2016-06-13,=3066.3413,=3602.8300,=25511805760034.6953,=18726105016147,=7852791714019.4639,=11.7372,=0.3126,=24.9972,=14.3813,=10.5817
2016-06-08,=3163.9864,=3717.4400,=25981568217885.3984,=19316150302587,=8058859923463.8379,=11.9970,=0.3308,=24.9972,=14.3833,=10.5817
2016-06-07,=3177.0536,=3730.5500,=26073688623482.5938,=19376574472139,=8092345873352.0098,=12.0397,=0.3335,=24.9972,=14.3853,=10.5817
2016-06-06,=3178.7883,=3732.1400,=26073438821478.7969,=19379207774066,=8094453836678.2695,=12.0396,=0.3332,=24.9972,=14.3966,=10.5817
2016-06-03,=3189.3255,=3740.9000,=26107621997395.5039,=19438930812311,=8098552984118.4424,=12.0567,=0.3337,=25.0475,=14.4079,=10.5699
2016-06-02,=3167.0997,=3714.4600,=25953738397711.8047,=19312066451239,=8044530218119.3467,=11.9860,=0.3305,=25.0475,=14.4101,=10.5699
2016-06-01,=3160.5470,=3706.6600,=25913223460440.4961,=19278352534488,=8027470093148.5146,=11.9673,=0.3299,=25.0475,=14.4123,=10.5699
2016-05-31,=3169.5598,=3717.2000,=25990598321361.6914,=19336274533085,=8051290748537.6777,=12.0031,=0.3307,=25.0475,=14.4167,=10.5699
2016-05-30,=3066.7095,=3595.6600,=25225014709252.5078,=18761260031876,=7788149249542.6689,=11.6495,=0.3032,=25.0475,=14.4212,=10.5699
2016-05-27,=3062.4993,=3590.5500,=25161243376308,=18717671154521,=7776913164957.0977,=11.6216,=0.2985,=25.0556,=14.4223,=10.5693
2016-05-26,=3064.2111,=3592.5500,=25173716082749.3945,=18725759261215,=7781054192781.9355,=11.6274,=0.2997,=25.0556,=14.4234,=10.5693
2016-05-25,=3059.2259,=3586.7000,=25120751126124.0039,=18687573977154,=7766614841654.9619,=11.6013,=0.2928,=25.0556,=14.4250,=10.5693
2016-05-24,=3063.5556,=3591.4900,=25159494648631.9961,=18697294437881,=7775051035551.3184,=11.6192,=0.2973,=25.0556,=14.4265,=10.5693
2016-05-23,=3087.2225,=3619.1600,=25306251198436.4961,=18808518624498,=7834014169791.0459,=11.6869,=0.3063,=25.0556,=14.4277,=10.5693
2016-05-20,=3078.2183,=3607.6500,=25224967852647.1016,=18747819640902,=7811785204627.5039,=11.6494,=0.3020,=25.0623,=14.4289,=10.5680
2016-05-19,=3062.5002,=3589.2100,=25110040179707.1094,=18656504440874,=7771148276232.4219,=11.5963,=0.2929,=25.0623,=14.4379,=10.5680
2016-05-18,=3068.0358,=3595.4300,=25160899664009.3047,=18698332865496,=7782530944930.3584,=11.6149,=0.2952,=25.0623,=14.4469,=10.5680
2016-05-17,=3086.0249,=3615.7200,=25296923182046.2070,=18799722254261,=7825581208971.8096,=11.6788,=0.3042,=25.0623,=14.4493,=10.5680
2016-05-16,=3095.3085,=3625.4200,=25337470183802.6172,=18834374164360,=7848279388412.8203,=11.7006,=0.3069,=25.0623,=14.4516,=10.5680
2016-05-13,=3074.9351,=3601.4100,=25201615787864.8008,=18691695571964,=7797772366646.7344,=11.6379,=0.3003,=25.1194,=14.4547,=10.5591
2016-05-12,=3090.1372,=3619.2100,=25294721833783.9922,=18762226387681,=7835150692275.9580,=11.6809,=0.3042,=25.1194,=14.4578,=10.5591
2016-05-11,=3082.8086,=3610.6000,=25262617744385.1172,=18738677806446,=7814662813214.9971,=11.6661,=0.3032,=25.1194,=14.4588,=10.5591
2016-05-10,=3069.1124,=3594.5000,=25143070520393.5078,=18646288846981,=7781589737877.2754,=11.6078,=0.2944,=25.1194,=14.4597,=10.5591
2016-05-09,=3065.6154,=3590.4000,=25108501397795.8047,=18628931466806,=7774081573521.1523,=11.5918,=0.2926,=25.1194,=14.4616,=10.5591
2016-05-06,=3130.3544,=3666.2200,=25640825516521.6094,=19031696491181,=7938849447899.4346,=11.8376,=0.3165,=25.1333,=14.4636,=10.5431
2016-05-05,=3213.9199,=3761.6400,=26258600101593.8984,=19500004981991,=8148784252525.5732,=12.1228,=0.3330,=25.1333,=14.4673,=10.5431
2016-05-04,=3209.4614,=3756.4300,=26221134981696.7031,=19478937962862,=8137222942507.2539,=12.1055,=0.3309,=25.1333,=14.4709,=10.5431
2016-05-03,=3213.5397,=3761.0700,=26268487264312.1055,=19514691895449,=8148581473095.1650,=12.1274,=0.3336,=25.1333,=14.4758,=10.5431
2016-04-29,=3156.7451,=3694.4600,=25869787767259.5977,=19207913961557,=7969785163399.6133,=11.9342,=0.3233,=25.1333,=14.4806,=10.5431
2016-04-28,=3160.5809,=3698.2800,=25934014425500.7109,=19256889313980,=7940548493543.5088,=11.8048,=0.3148,=25.1556,=14.4828,=10.5428
2016-04-27,=3165.9156,=3703.9700,=25958358500368.8047,=19272515042349,=7904510992137.1250,=11.7937,=0.3146,=25.1556,=14.4851,=10.5428
2016-04-26,=3179.1605,=3719.1100,=26063998747218.1992,=19348780501712,=7925922819086.3555,=11.8589,=0.3173,=25.1556,=14.4922,=10.5428
2016-04-25,=3162.0331,=3699.0100,=25956345876555.1953,=19240063088036,=7880948681137.0781,=11.7647,=0.3122,=25.1556,=14.4993,=10.5428
2016-04-22,=3174.9012,=3714.0300,=26055902274343.6016,=19315204243173,=7906030990598.7422,=11.7930,=0.3142,=25.1556,=14.5034,=10.5428
2016-04-21,=3160.6033,=3697.0400,=25983564859106.1016,=19259368094596,=7867478933858.1602,=11.7580,=0.3121,=25.1601,=14.5074,=10.5377
2016-04-20,=3181.0264,=3720.9300,=26132371775211.3984,=19373175180834,=7908000679338.3711,=11.8319,=0.3156,=25.1601,=14.5088,=10.5377
2016-04-19,=3238.3029,=3787.9300,=26546583708188.9102,=19673456985169,=8049022236644.7334,=12.0077,=0.3254,=25.1601,=14.5101,=10.5377
2016-04-18,=3228.4531,=3776.3700,=26487525780532.7031,=19627299973790,=8026871896038.6201,=11.9929,=0.3247,=25.1601,=14.5134,=10.5377
2016-04-15,=3272.2053,=3827.5000,=26833422145410.9961,=19885458677815,=8120857318758.0820,=12.1388,=0.3316,=25.1601,=14.5166,=10.5377
2016-04-14,=3275.8321,=3831.6400,=26890304313608.5898,=19923224708225,=8125141190170.4199,=12.1653,=0.3328,=25.1617,=14.5185,=10.5309
2016-04-13,=3261.3831,=3814.7400,=26810492111985.5156,=19866335747051,=8089338068110.8418,=12.1273,=0.3311,=25.1617,=14.5204,=10.5309
2016-04-12,=3218.4497,=3764.5200,=26370855943468.2969,=19590617554350,=7982599155201.6201,=11.9296,=0.3215,=25.1617,=14.5237,=10.5309
2016-04-11,=3230.0957,=3777.9600,=26443803914661.5938,=19642984641108,=8011202023420.5664,=11.9539,=0.3231,=25.1617,=14.5271,=10.5309
2016-04-08,=3185.7258,=3726.0600,=26090788897330.6016,=19381479558151,=7899361756476.9170,=11.7833,=0.3139,=25.1617,=14.5273,=10.5309
2016-04-07,=3209.2902,=3753.6200,=26283547518056.3984,=19523145055449,=7954437875472.4502,=11.8702,=0.3174,=25.1715,=14.5276,=10.5294
2016-04-06,=3257.5276,=3810.0200,=26655173716110.9063,=19799601619989,=8178021049692.0664,=12.0436,=0.3257,=25.1715,=14.5287,=10.5294
2016-04-05,=3264.4858,=3818.1600,=26726817838282.8984,=19843105999383,=8196240925444.2656,=12.0767,=0.3270,=25.1715,=14.5299,=10.5294
2016-04-01,=3221.8948,=3768.3500,=26440515344492.6992,=19629662599162,=8091832747580.8965,=11.9503,=0.3226,=25.1715,=14.5318,=10.5294
2016-03-31,=3218.0879,=3763.8200,=26380451825618.4961,=19583739927621,=8076855341482.5635,=11.9250,=0.3212,=25.1715,=14.5336,=10.5294
2016-03-30,=3216.2753,=3761.7000,=26387906514387.6992,=19576187817991,=8071437804879.7676,=11.8755,=0.3187,=25.1742,=14.5350,=10.5182
2016-03-29,=3135.4098,=3667.1200,=25744828523844.1094,=19100588802043,=7867670034528.3223,=11.6585,=0.3053,=25.1742,=14.5363,=10.5182
2016-03-28,=3169.7283,=3707.2600,=26003197783054.6016,=19297287923103,=7950741876028.1475,=11.7802,=0.3141,=25.1742,=14.5410,=10.5182
2016-03-25,=3197.8169,=3740.1100,=26191608432171.1992,=19428482385862,=8014820859797.6748,=11.8752,=0.3179,=25.1742,=14.5457,=10.5182
2016-03-24,=3181.8507,=3721.4400,=26070905181331.6016,=19329088532644,=7978586015891.2754,=11.7752,=0.3139,=25.1742,=14.5608,=10.5182
2016-03-23,=3236.0924,=3784.8800,=26503934228845.9883,=19646659146569,=8113778938585.2344,=11.8990,=0.3189,=25.1920,=14.5759,=10.5169
2016-03-22,=3225.7903,=3772.8300,=26436793115477.3984,=19553878841491,=8088392468641.8242,=11.8568,=0.3168,=25.1920,=14.5766,=10.5169
2016-03-21,=3249.4372,=3800.4800,=26642631565713.8984,=19697541296038,=8148555191979.6143,=11.9501,=0.3203,=25.1920,=14.5774,=10.5169
2016-03-18,=3171.9630,=3709.8700,=26135340862616.6016,=19332686033209,=7952961087961.9404,=11.7317,=0.3121,=25.1920,=14.5792,=10.5169
2016-03-17,=3124.2039,=3654.0100,=25819223655095.9063,=19106395658382,=7834837032932.4180,=11.6529,=0.3059,=25.1920,=14.5810,=10.5169
2016-03-16,=3090.0328,=3614.0500,=25620386260709.1094,=18970345834699,=7753307287911.9980,=11.5716,=0.2939,=25.1937,=14.5853,=10.5159
2016-03-15,=3074.7796,=3596.2100,=25457762749578.5938,=18841685486569,=7705047174465.2754,=11.4899,=0.2865,=25.1937,=14.5895,=10.5159
2016-03-14,=3065.6904,=3585.5800,=25386475261543.2930,=18785330347590,=7681088812183.7314,=11.4579,=0.2836,=25.1937,=14.5940,=10.5159
2016-03-11,=3018.2844,=3530.1300,=25056653479531.1914,=18554634307506,=7566470850520.3896,=11.3120,=0.2724,=25.1937,=14.5984,=10.5159
2016-03-10,=3013.1457,=3524.1200,=24972770976318.6914,=18501488757084,=7559436860578.5889,=11.2805,=0.2676,=25.1937,=14.6033,=10.5159
2016-03-09,=3071.9070,=3592.8500,=25455343181639.5977,=18868753648742,=7704832180321.9902,=11.5005,=0.2866,=25.2829,=14.6082,=10.5125
2016-03-08,=3107.6727,=3634.6800,=25683586312728.7070,=19034378953389,=7791497693109.1475,=11.6036,=0.2961,=25.2829,=14.6105,=10.5125
2016-03-07,=3104.8397,=3631.3600,=25667928433921.7188,=19018296279068,=7784935446988.3711,=11.5958,=0.2955,=25.2829,=14.6128,=10.5125
2016-03-04,=3093.8895,=3618.5600,=25622206963566.6016,=18983723364861,=7759647535325.2139,=11.5758,=0.2929,=25.2829,=14.6174,=10.5125
2016-03-03,=3058.4219,=3577.0800,=25189233338122.5156,=18662694323603,=7667612410485.5967,=11.3802,=0.2772,=25.2829,=14.6219,=10.5125
2016-03-02,=3051.3327,=3568.7800,=25120396844104.6914,=18599626005472,=7649284583989.5098,=11.3491,=0.2743,=25.3223,=14.6294,=10.5091
2016-03-01,=2930.6937,=3427.6900,=24182401678771.9102,=17904561541913,=7352766383841.0020,=10.9251,=0.2241,=25.3223,=14.6369,=10.5091
2016-02-29,=2877.4666,=3365.4300,=23793885262459.1992,=17626803538087,=7221094530400.3174,=10.7533,=0.2121,=25.3223,=14.6397,=10.5091
2016-02-26,=2948.0306,=3447.9600,=24260576969736.1953,=17959005754198,=7392451580341.9619,=10.9680,=0.2307,=25.3223,=14.6424,=10.5091
2016-02-25,=2918.7501,=3412.8000,=23984968396585.6016,=17749500645994,=7319636912877.6465,=10.8434,=0.2168,=25.3223,=14.6439,=10.5091
2016-02-24,=3109.5454,=3635.8900,=25440999093364.5117,=18811666244979,=7788280389793.0098,=11.5016,=0.2858,=25.3491,=14.6453,=10.5046
2016-02-23,=3089.3632,=3612.2900,=25278416018481,=18662200798344,=7738310282754.0977,=11.4281,=0.2798,=25.3491,=14.6473,=10.5046
2016-02-22,=3118.8675,=3646.7900,=25521544401075.3164,=18835392477447,=7812699041983.2998,=11.5380,=0.2879,=25.3491,=14.6493,=10.5046
2016-02-19,=3051.5850,=3568.1200,=24935967703813.6992,=18412987319075,=7646472619590.1104,=11.2720,=0.2671,=25.3491,=14.6524,=10.5046
2016-02-18,=3053.6985,=3570.5900,=24991863293120,=18453217286394,=7652139402441.0195,=11.2973,=0.2707,=25.3491,=14.6554,=10.5046
2016-02-17,=3063.3199,=3581.8400,=25072461919511.6953,=18514628419782,=7674835135192.6377,=11.3337,=0.2723,=25.3634,=14.6564,=10.5023
2016-02-16,=3037.0353,=3551.1100,=24854388912955.6133,=18339435474825,=7611229539030.5420,=11.2351,=0.2625,=25.3634,=14.6574,=10.5023
2016-02-15,=2946.7066,=3445.4900,=24141441619680.7031,=17819164580898,=7387504599152.0859,=10.9129,=0.2220,=25.3634,=14.6590,=10.5023
2016-02-05,=2963.7894,=3465.4600,=24326117733375.8047,=17939350298493,=7429761365885.1357,=10.9995,=0.2335,=25.3634,=14.6606,=10.5023
2016-02-04,=2984.7598,=3489.9800,=24474361799945.3984,=18041985171651,=7476421455195.2617,=11.0666,=0.2408,=25.3634,=14.6618,=10.5023
2016-02-03,=2948.6386,=3447.7500,=24196949651485.9102,=17818479547968,=7383190316180.1074,=10.9411,=0.2264,=25.3793,=14.6629,=10.5017
2016-02-02,=2961.3337,=3462.5900,=24352579342700.8086,=17934082843011,=7416928869065.2451,=11.0115,=0.2349,=25.3793,=14.6640,=10.5017
2016-02-01,=2901.0477,=3392.1000,=23922882208210.4063,=17619747224038,=7267841795349.3086,=10.8172,=0.2163,=25.3793,=14.6652,=10.5017
2016-01-29,=2946.0902,=3444.7700,=24352207460893.5117,=17934475037159,=7382377403266.4033,=11.0072,=0.2339,=25.3793,=14.6698,=10.5017
2016-01-28,=2853.7562,=3336.8100,=23672592632144.2031,=17436996383349,=7153188401166.4307,=10.7000,=0.2112,=25.3793,=14.6744,=10.5017
2016-01-27,=2930.3519,=3426.3700,=24228670049513,=17845573711866,=7341453801601.0908,=10.9513,=0.2273,=25.3834,=14.6756,=10.5005
2016-01-26,=2940.5085,=3438.2400,=24286187787470.5117,=17866301988795,=7366398015526.9180,=10.9773,=0.2300,=25.3834,=14.6768,=10.5005
2016-01-25,=3128.8860,=3658.5100,=25812556173302.6016,=18961061013544,=7833056055554.1182,=11.6673,=0.2975,=25.3834,=14.6815,=10.5005
2016-01-22,=3113.4626,=3640.4700,=25696819901735.1133,=18865594390011,=7791360208326.2100,=11.6149,=0.2908,=25.3834,=14.6862,=10.5005
2016-01-21,=3081.3454,=3602.9200,=25450324515156.0898,=18650029654364,=7711396120972.0029,=11.5035,=0.2821,=25.3834,=14.6907,=10.5005
2016-01-20,=3174.3781,=3711.7000,=26150853932710.3008,=19167321669316,=7940625401074.3330,=11.8202,=0.3059,=25.4012,=14.6952,=10.5003
2016-01-19,=3223.1251,=3768.7000,=26464603951559.5977,=19416987813108,=8064615391111.7471,=11.9620,=0.3113,=25.4012,=14.6978,=10.5003
2016-01-18,=3130.7289,=3660.6600,=25730429204552.3945,=18872980335904,=7837949467168.5918,=11.6301,=0.2947,=25.4012,=14.7005,=10.5003
2016-01-15,=3118.7300,=3646.6300,=25710628088939.3945,=18848666712704,=7809814491872.4424,=11.6212,=0.2929,=25.4012,=14.7020,=10.5003
2016-01-14,=3221.5710,=3766.8800,=26581004546967.3047,=19483301554334,=8064712578207.4219,=12.0146,=0.3117,=25.4012,=14.7036,=10.5003
2016-01-13,=3155.8790,=3689.9800,=26136155820973.8984,=19166706366185,=7901923110024.6963,=11.8135,=0.3053,=25.4104,=14.7063,=10.4990
2016-01-12,=3215.7100,=3759.9400,=26617738500743.9922,=19517536054307,=8048582979221.7441,=12.0312,=0.3119,=25.4104,=14.7091,=10.4990
2016-01-11,=3192.4500,=3732.7400,=26451128211859.3047,=19393457286155,=7989666787823.9863,=11.9559,=0.3105,=25.4104,=14.7112,=10.4990
2016-01-08,=3361.5630,=3930.4800,=27741870086770.5039,=20326492246524,=8410332877104.9004,=12.5393,=0.3298,=25.4104,=14.7134,=10.4990
2016-01-07,=3294.3840,=3851.9300,=27149564783232.4961,=19905418423001,=8245562897681.6182,=12.2716,=0.3192,=25.4104,=14.7162,=10.4990
2016-01-06,=3539.8080,=4138.8900,=28961007236823.9922,=21203701736257,=8841064895218.4980,=13.0904,=0.3587,=25.4399,=14.7189,=10.4967
2016-01-05,=3478.7800,=4067.5300,=28418601181117.3828,=20804519177596,=8691803779378.3408,=12.8452,=0.3447,=25.4399,=14.7196,=10.4967
2016-01-04,=3469.0660,=4056.1700,=28366727394835.6953,=20753559666619,=8666699441770.7500,=12.8217,=0.3444,=25.4399,=14.7202,=10.4967
2015-12-31,=3731.0050,=4362.4400,=30254092184792.0977,=22144172590739,=9312045630885.2051,=13.6748,=0.4159,=25.4399,=14.7310,=10.4967
2015-12-30,=3765.1750,=4402.4000,=30488158973799.5117,=22308252345225,=9379092340314.3867,=13.7806,=0.4264,=25.4399,=14.7418,=10.4967
2015-12-29,=3761.8750,=4398.5400,=30413378649758.1914,=22297905102552,=9362407836161.6133,=13.7416,=0.4219,=25.4403,=14.7454,=10.4955
2015-12-28,=3727.6320,=4358.5000,=30175565041986.1055,=22106344488078,=9278663657226.5898,=13.6341,=0.4125,=25.4403,=14.7489,=10.4955
2015-12-25,=3838.2010,=4487.7600,=30976171511866.6055,=22704341573375,=9553213111921.2207,=13.9959,=0.4480,=25.4403,=14.7494,=10.4955
2015-12-24,=3829.4020,=4477.4700,=30937159438475.3906,=22664133393121,=9528423064369.0215,=13.9663,=0.4459,=25.4403,=14.7499,=10.4955
2015-12-23,=3866.3810,=4520.7100,=31186223494151.9922,=22849791723357,=9619070964560.0508,=14.0787,=0.4568,=25.4403,=14.7576,=10.4955
2015-12-22,=3876.7330,=4532.8100,=31235913640011.5898,=22891808896642,=9642318547152.2539,=14.1011,=0.4608,=25.4487,=14.7653,=10.4946
2015-12-21,=3865.9650,=4520.2200,=31216447059920.9141,=22869977349209,=9616398401004.2188,=14.0924,=0.4598,=25.4487,=14.7686,=10.4946
2015-12-18,=3767.9130,=4405.5800,=30586890846793,=22387032395234,=9373394052937.0430,=13.8082,=0.4308,=25.4487,=14.7718,=10.4946
2015-12-17,=3755.8880,=4391.5200,=30519313197053.1211,=22352211581956,=9339801760750.0449,=13.7776,=0.4259,=25.4487,=14.7750,=10.4946
2015-12-16,=3685.4400,=4309.1500,=30033802117848.4141,=22002575982574,=9164302807202.2266,=13.5585,=0.4045,=25.4487,=14.7781,=10.4946
2015-12-15,=3694.3890,=4319.0900,=30054281651520.7109,=22029874563799,=9187844870525.8203,=13.5676,=0.4059,=25.4557,=14.7820,=10.4878
2015-12-14,=3711.3220,=4338.8900,=30274397532422.1992,=22176459596260,=9230662459539.0547,=13.6702,=0.4160,=25.4557,=14.7859,=10.4878
2015-12-11,=3608.0590,=4218.1600,=28612170895761.1094,=21331825723291,=8867598530765.8652,=13.1477,=0.3642,=25.4557,=14.7881,=10.4878
2015-12-10,=3623.0840,=4235.7300,=28751679514967.9063,=21431385784215,=8903458998550.9219,=13.2118,=0.3685,=25.4557,=14.7903,=10.4878
2015-12-09,=3635.9380,=4250.7500,=28886417986344.4883,=21537107975812,=8931589647598.6934,=13.2737,=0.3725,=25.4557,=14.7906,=10.4878
2015-12-08,=3623.0200,=4235.6500,=28791461284376.7070,=21466250333850,=8905674836477.5664,=13.2331,=0.3692,=25.4645,=14.7909,=10.4876
2015-12-07,=3687.6070,=4311.1600,=29311121418190.5000,=21849877156467,=9062356845196.2695,=13.4719,=0.3925,=25.4645,=14.7957,=10.4876
2015-12-04,=3677.5920,=4299.4500,=29319957306151.1016,=21840421196207,=9037128610619.6875,=13.4755,=0.3931,=25.4645,=14.8004,=10.4876
2015-12-03,=3749.2990,=4383.2800,=29990949509477.1992,=22312301733922,=9215046277906.8066,=13.7839,=0.4249,=25.4645,=14.8027,=10.4876
2015-12-02,=3721.9550,=4351.3200,=29619840587544.7031,=22064224212295,=9148345388618.5684,=13.6133,=0.4092,=25.4645,=14.8051,=10.4876
2015-12-01,=3591.6960,=4199.0300,=28548824214235.2969,=21290177141012,=8827483999800.9707,=13.1211,=0.3641,=25.4669,=14.8071,=10.4840
2015-11-30,=3566.4120,=4169.4700,=28473614617222.0039,=21201427732189,=8770310748583.6299,=13.0865,=0.3612,=25.4669,=14.8091,=10.4840
2015-11-27,=3556.9920,=4158.4600,=28376936840122.3086,=21141458698727,=8748479511077.9805,=13.0421,=0.3594,=25.4669,=14.8186,=10.4840
2015-11-26,=3759.4290,=4395.1300,=29902583985502.7109,=22302616635483,=9248113999617.5801,=13.7432,=0.4203,=25.4669,=14.8281,=10.4840
2015-11-25,=3781.6070,=4421.0600,=30029600123399,=22403655784431,=9303426908425.1309,=13.8016,=0.4270,=25.4669,=14.8284,=10.4840
2015-11-24,=3753.8890,=4388.6500,=29823792102355.7070,=22247365937155,=9233237030459.4238,=13.7070,=0.4167,=25.4804,=14.8287,=10.4830
2015-11-23,=3753.3350,=4388,=29848698465112.2031,=22268683731245,=9230222088762.0215,=13.7185,=0.4181,=25.4804,=14.8298,=10.4830
2015-11-20,=3774.3830,=4412.6100,=30000187466370.7188,=22381282568690,=9284648569341.6484,=13.7881,=0.4240,=25.4804,=14.8309,=10.4830
2015-11-19,=3774.9690,=4413.3000,=30027029757848.0078,=22394393653935,=9285378616848.0039,=13.8004,=0.4261,=25.4804,=14.8342,=10.4830
2015-11-18,=3715.5800,=4343.8600,=29683966853894.3086,=22134263420853,=9137917999718.3887,=13.6450,=0.4135,=25.4804,=14.8375,=10.4830
2015-11-17,=3758.3870,=4393.8800,=29931500835121.3047,=22312202305361,=9242190768731.2344,=13.7588,=0.4210,=25.5191,=14.8410,=10.4803
2015-11-16,=3764.1260,=4400.5900,=29907229805886.5117,=22298556549902,=9256121653236.0820,=13.7476,=0.4204,=25.5191,=14.8445,=10.4803
2015-11-13,=3746.2420,=4379.6800,=29792410142809.3008,=22190251823318,=9212087247897.6309,=13.6872,=0.4163,=25.5191,=14.8468,=10.4803
2015-11-12,=3795.3240,=4437.0600,=30177938696970.9063,=22482041360885,=9329755093180.9531,=13.8643,=0.4312,=25.5191,=14.8491,=10.4803
2015-11-11,=3833.6460,=4481.8600,=30483887671188.0781,=22705162092087,=9423977795908.7949,=14.0102,=0.4442,=25.5191,=14.8539,=10.4803
2015-11-10,=3833.2380,=4481.3900,=30544256987095.3906,=22748239608385,=9423621381880.5820,=14.0379,=0.4475,=25.5389,=14.8587,=10.4732
2015-11-09,=3840.3550,=4489.7100,=30645489726594.7969,=22821566149310,=9438401387408.4688,=14.0845,=0.4531,=25.5389,=14.8634,=10.4732
2015-11-06,=3793.3740,=4434.7800,=30120944515843.9023,=22449887741293,=9320714628524.0254,=13.8438,=0.4288,=25.5389,=14.8681,=10.4732
2015-11-05,=3705.9700,=4332.6000,=29555344492547.9023,=22032267223551,=9102649848651.5918,=13.5855,=0.4083,=25.5389,=14.8722,=10.4732
2015-11-04,=3628.5380,=4242.0800,=28896948802584.5000,=21549609500678,=8909139083100.2852,=13.2829,=0.3754,=25.5389,=14.8762,=10.4732
2015-11-03,=3465.4930,=4051.3700,=27690517635912.4961,=20658156255051,=8507361209511.9219,=12.7283,=0.3448,=25.5449,=14.8776,=10.4721
2015-11-02,=3475.9620,=4063.6100,=27825003383752.8984,=20750917468264,=8532355466890.6104,=12.7901,=0.3480,=25.5449,=14.8790,=10.4721
2015-10-30,=3534.0790,=4131.5500,=28276130628110.1016,=21099510096246,=8692317624812.7344,=12.9920,=0.3583,=25.5449,=14.8818,=10.4721
2015-10-29,=3533.3070,=4130.6500,=28303291384631.6016,=21129068268290,=8634906959070.6582,=12.7424,=0.3459,=25.5449,=14.8846,=10.4721
2015-10-28,=3524.9200,=4120.8400,=28282512503780.5078,=21104700994244,=8610873308077.8750,=12.6741,=0.3402,=25.5449,=14.8889,=10.4721
2015-10-27,=3592.8790,=4200.2900,=28720678726575.4102,=21440072562351,=8781911511279.5342,=12.8601,=0.3497,=25.5602,=14.8932,=10.4718
2015-10-26,=3589.2610,=4196.0600,=28766799134732.1016,=21457036197494,=8773264510980.5137,=12.8605,=0.3499,=25.5602,=14.9008,=10.4718
2015-10-23,=3571.2410,=4174.9900,=28643806992471.9102,=21360136239276,=8732100026968.4619,=12.7846,=0.3477,=25.5602,=14.9084,=10.4718
2015-10-22,=3524.5340,=4120.3900,=28386041658741.3086,=21152657807931,=8618095851729.9551,=12.6875,=0.3419,=25.5602,=14.9129,=10.4718
2015-10-21,=3473.2540,=4060.4400,=28157638383707.8984,=20989904265404,=8492474385804.2744,=12.5854,=0.3385,=25.5602,=14.9175,=10.4718
2015-10-20,=3577.7030,=4182.5500,=28668863180858.9805,=21387601040678,=8750925345922.3936,=12.8161,=0.3481,=25.5667,=14.9312,=10.4707
2015-10-19,=3534.1820,=4131.5600,=28370160926956.4063,=21160470569075,=8644599086696.4658,=12.6858,=0.3415,=25.5667,=14.9448,=10.4707
2015-10-16,=3534.0650,=4131.4200,=28381456892548.4063,=21172079063971,=8643352119322.6738,=12.6909,=0.3421,=25.5667,=14.9450,=10.4707
2015-10-15,=3486.8150,=4076.1900,=28018288737843.3008,=20885892151212,=8528184342478.9063,=12.5331,=0.3367,=25.5667,=14.9451,=10.4707
2015-10-14,=3406.1120,=3981.8400,=27468108041627.7109,=20474777185349,=8327981464759.1201,=12.2869,=0.3271,=25.5667,=14.9458,=10.4707
2015-10-13,=3445.0430,=4027.3500,=27723681007789.0078,=20604225409691,=8423818427817.2500,=12.4012,=0.3303,=25.5755,=14.9465,=10.4678
2015-10-12,=3447.6930,=4030.4100,=27802537719825.1055,=20656970323267,=8429706498023.1797,=12.4365,=0.3309,=25.5755,=14.9472,=10.4678
2015-10-09,=3340.1160,=3904.1300,=27000700860020.1016,=20040035914474,=8164454122643.6260,=12.0766,=0.3204,=25.5755,=14.9479,=10.4678
2015-10-08,=3296.4820,=3853.1200,=26678592180693.5117,=19782373836876,=8057645017035.0596,=11.9325,=0.3174,=25.5755,=14.9505,=10.4678
2015-09-30,=3202.9480,=3743.8000,=25972336343535.7031,=19249884133964,=7826889067510.6963,=11.6167,=0.2991,=25.5755,=14.9532,=10.4678
2015-09-29,=3178.8540,=3715.6300,=25829662522222.1133,=19133417533778,=7726090857350.8740,=11.5508,=0.2941,=25.5835,=14.9547,=10.4640
2015-09-28,=3242.7520,=3790.2500,=26350961163992.5078,=19526986621096,=7881517332438.1504,=11.7842,=0.3123,=25.5835,=14.9562,=10.4640
2015-09-25,=3231.9510,=3777.6200,=26358637127709.6016,=19534733021216,=7853794780663.0850,=11.7877,=0.3124,=25.5835,=14.9571,=10.4640
2015-09-24,=3284.9990,=3839.6200,=26641542181179.5977,=19750796273255,=7983734886872.7334,=11.9142,=0.3160,=25.5835,=14.9579,=10.4640
2015-09-23,=3263.0280,=3813.8900,=26501750000576.9023,=19639256574248,=7930140861931.7803,=11.8536,=0.3134,=25.5835,=14.9637,=10.4640
2015-09-22,=3339.0300,=3901.8400,=27131291029820.5938,=20105104368745,=8115620302359.2617,=12.1351,=0.3214,=25.5963,=14.9695,=10.4599
2015-09-21,=3308.2470,=3865.8700,=26887744503451.9883,=19932457909745,=8042399041411.8496,=12.0262,=0.3176,=25.5963,=14.9758,=10.4599
2015-09-18,=3251.2730,=3799.2900,=26554308587847.5977,=19667860088140,=7904344508938.2930,=11.8771,=0.3146,=25.5963,=14.9821,=10.4599
2015-09-17,=3236.9990,=3782.4800,=26531482987196.6992,=19657913442438,=7871530524794.6260,=11.8671,=0.3139,=25.5963,=14.9849,=10.4599
2015-09-16,=3309.2480,=3866.9100,=27066109548925.4961,=20062671816506,=8048184037805.6299,=12.1063,=0.3184,=25.5963,=14.9876,=10.4599
2015-09-15,=3152.2320,=3683.2900,=25996339545243.0977,=19242426939667,=7664592815960.7861,=11.6278,=0.3027,=25.5990,=14.9887,=10.4564
2015-09-14,=3281.1320,=3833.9100,=26786094148903,=19846794076639,=7976886238361.6514,=11.9813,=0.3162,=25.5990,=14.9897,=10.4564
2015-09-11,=3347.1880,=3911.0900,=27205540647476.8008,=20157877140110,=8140981119709.2500,=12.1689,=0.3211,=25.5990,=14.9905,=10.4564
2015-09-10,=3357.5610,=3923.2100,=27342542266211.3984,=20255009114126,=8167280484533.5498,=12.2302,=0.3220,=25.5990,=14.9913,=10.4564
2015-09-09,=3399.3050,=3971.9900,=27672718427367.0859,=20457812579059,=8270651028217.3633,=12.3779,=0.3253,=25.5990,=14.9933,=10.4564
2015-09-08,=3334.0230,=3894.8300,=27183467151060.9023,=20083624020450,=8110420695167.0557,=12.1608,=0.3211,=25.6087,=14.9953,=10.4525
2015-09-07,=3250.4850,=3797.2400,=26621103641928.5078,=19673865395141,=7904840681561.3867,=11.9093,=0.3157,=25.6087,=14.9993,=10.4525
2015-09-02,=3365.8320,=3931.9900,=27826491863068.0117,=20498106250258,=8183636189599.0879,=12.4473,=0.3257,=25.6087,=15.0033,=10.4525
2015-09-01,=3362.0830,=3927.6100,=27487996122261.6055,=20328053795612,=8175922943383.2344,=12.2959,=0.3227,=25.6087,=15.0057,=10.4525
2015-08-31,=3366.5360,=3932.8100,=27090141652224.1055,=20126966303051,=8183867211782.6504,=12.1179,=0.3192,=25.6087,=15.0081,=10.4525
2015-08-28,=3342.2860,=3904.4900,=26938684845344.8984,=19989043003896,=8015577417527.3262,=12.1870,=0.3209,=25.6229,=15.0117,=10.4483
2015-08-27,=3205.6380,=3744.8500,=25945008002530.6094,=19217929436406,=7644573752547.1074,=11.6934,=0.3084,=25.6229,=15.0154,=10.4483
2015-08-26,=3025.6920,=3534.6400,=24533503037066.7070,=18193519116510,=7207058201461.1338,=11.1305,=0.2566,=25.6229,=15.0155,=10.4483
2015-08-25,=3042.9270,=3554.7700,=24511678846417.3086,=18220331450225,=7248079112642.8818,=11.1423,=0.2587,=25.6229,=15.0155,=10.4483
2015-08-24,=3275.5340,=3826.4600,=26470175521809.5000,=19678663849098,=7796179647253.9277,=12.1179,=0.3187,=25.6229,=15.0186,=10.4483
2015-08-21,=3589.5360,=4193.2700,=28957718566110.6016,=21465290203222,=8535127024960.2686,=13.2803,=0.3640,=25.6335,=15.0216,=10.4482
2015-08-20,=3761.4540,=4393.6600,=30138145149067.8984,=22345347524569,=8943096217216.4199,=13.8538,=0.4197,=25.6335,=15.0233,=10.4482
2015-08-19,=3886.1360,=4538.9800,=31067109238952.7031,=23054088880225,=9172408598178.7734,=14.2962,=0.4548,=25.6335,=15.0250,=10.4482
2015-08-18,=3825.4120,=4468.0600,=30852371621748.6094,=22870322300595,=9027355043098.1855,=14.2016,=0.4502,=25.6335,=15.0266,=10.4482
2015-08-17,=4077.8720,=4762.7700,=32547045059940.7031,=24114358929627,=9611306572010.2031,=15.0154,=0.4984,=25.6335,=15.0281,=10.4482
2015-08-14,=4073.5400,=4757.7100,=32622757919835.1016,=24157665079181,=9579664320392.5098,=15.0789,=0.5058,=25.6609,=15.0282,=10.4466
2015-08-13,=4075.4630,=4758.9600,=32680330655114.8008,=24201687249067,=9572197655886.0430,=15.1180,=0.5099,=25.6609,=15.0281,=10.4466
2015-08-12,=4016.1260,=4689.6700,=32290070952445.3945,=23914236891193,=9433790853136.6719,=14.9451,=0.4934,=25.6609,=15.0266,=10.4466
2015-08-11,=4066.6690,=4748.5400,=32677823449779.6016,=24188944813611,=9553330155870.1777,=15.1260,=0.5103,=25.6609,=15.0281,=10.4466
2015-08-10,=4084.3650,=4769.2100,=32838705796595.7969,=24282093333544,=9589532265295.3418,=15.2021,=0.5141,=25.6609,=15.0266,=10.4466
2015-08-07,=3906.9450,=4561.9700,=31479718499902.8984,=23244674656162,=9173740334657.2480,=14.5759,=0.4725,=25.6633,=15.0250,=10.4459
2015-08-06,=3831.8520,=4473.8600,=30941462092081.1016,=22833590516675,=8997564312503.5625,=14.3266,=0.4572,=25.6633,=15.0266,=10.4459
2015-08-05,=3866.9000,=4514.7100,=31237033815814.1016,=23056065260738,=9079429796706.9492,=14.4851,=0.4677,=25.6633,=15.0281,=10.4459
2015-08-04,=3948.1550,=4609.5800,=31895095888351.6016,=23513921378417,=9275952022208.5313,=14.7903,=0.4855,=25.6633,=15.0282,=10.4459
2015-08-03,=3829.2350,=4470.7300,=31099087646693.1992,=22888266936716,=8997999084750.3574,=14.4212,=0.4637,=25.6633,=15.0283,=10.4459
2015-07-31,=3816.6990,=4456.1000,=31009292988942.6992,=22879626132954,=8967839571352.1133,=14.3779,=0.4619,=25.6643,=15.0288,=10.4422
2015-07-30,=3815.4120,=4454.5200,=31118733987548.5078,=22991451965091,=8966109045011.6016,=14.4289,=0.4645,=25.6643,=15.0293,=10.4422
2015-07-29,=3930.3790,=4588.6600,=31935837980070.9063,=23571474861423,=9234632111622.1602,=14.8091,=0.4862,=25.6643,=15.0333,=10.4422
2015-07-28,=3811.0930,=4449.4000,=31172457636494.8984,=22972457642864,=8957416743859.5176,=14.4578,=0.4657,=25.6643,=15.0374,=10.4422
2015-07-27,=3818.7310,=4458.1900,=31335716940160.5078,=23159488433136,=8970588298993.6035,=14.5336,=0.4706,=25.6643,=15.0386,=10.4422
2015-07-24,=4176.2790,=4874.2500,=34251548565130.6094,=25329643576612,=9805208388522.0625,=15.8863,=0.5907,=25.6751,=15.0399,=10.4419
2015-07-23,=4250.8050,=4961,=34763450427463.1016,=25704135971213,=9981994394831.4277,=16.1232,=0.6106,=25.6751,=15.0386,=10.4419
2015-07-22,=4157.1600,=4851.0500,=34135864401125.5938,=25245107908373,=9763616448104.2773,=15.8322,=0.5852,=25.6751,=15.0374,=10.4419
2015-07-21,=4166.0060,=4859.1300,=34254935666388.7930,=25322105077109,=9779122298459.7969,=15.8880,=0.5914,=25.6751,=15.0333,=10.4419
2015-07-20,=4160.6120,=4850.4500,=34297657567489.3008,=25340048283408,=9769935251221.5488,=15.9085,=0.5937,=25.6751,=15.0293,=10.4419
2015-07-17,=4151.4960,=4839.8200,=34161535283478.4063,=25218490488087,=9753021438068.8105,=15.8454,=0.5875,=25.7123,=15.0288,=10.4361
2015-07-16,=3997.3560,=4657.0400,=33289617247514.9063,=24551416127612,=9389745757595.2949,=15.4409,=0.5377,=25.7123,=15.0283,=10.4361
2015-07-15,=3966.7590,=4620.7900,=33204912471433.9883,=24488315211774,=9319093012763.9844,=15.4014,=0.5323,=25.7123,=15.0282,=10.4361
2015-07-14,=4112.1490,=4789.5400,=33798298867288.5938,=24906856233162,=9656934341717.9707,=15.6767,=0.5690,=25.7123,=15.0281,=10.4361
2015-07-13,=4211.8120,=4905.5200,=34632950135463.3164,=25523689571596,=9881304102920.2637,=16.0638,=0.6049,=25.7123,=15.0266,=10.4361
2015-07-10,=4106.5560,=4782.2100,=34431671101455.5977,=25318948994133,=9636242397785.6582,=15.9704,=0.5991,=25.7741,=15.0250,=10.4357
2015-07-09,=3897.6260,=4536.5700,=33094733254566.1992,=24308801429765,=9151872285831.4941,=15.3503,=0.5271,=25.7741,=15.0233,=10.4357
2015-07-08,=3663.0380,=4262.9500,=31319767460413.8086,=22959147111875,=8605354828658.7100,=14.5271,=0.4719,=25.7741,=15.0216,=10.4357
2015-07-07,=3928.0030,=4569.6200,=33335546684213.5000,=24399340862119,=9222767542560.2852,=15.4620,=0.5408,=25.7741,=15.0233,=10.4357
2015-07-06,=3998.5370,=4647.2700,=33064628935698.8008,=24355486005907,=9396013750352.5430,=15.3364,=0.5253,=25.7741,=15.0216,=10.4357
2015-07-03,=3885.9170,=4515.4100,=31612643351197.4102,=23310232937161,=9133848491999.3711,=14.6629,=0.4797,=25.7851,=15.0186,=10.4353
2015-07-02,=4107.9960,=4762.6200,=33327775747585.5156,=24551072241288,=9647716715128.1836,=15.4584,=0.5398,=25.7851,=15.0216,=10.4353
2015-07-01,=4253.0210,=4930.6700,=33891838550740.2930,=25031708058071,=9988249734432.0820,=15.7201,=0.5738,=25.7851,=15.0186,=10.4353
2015-06-30,=4472.9980,=5184.4100,=35693819745030.4063,=26293152176325,=10501559118927.0938,=16.5559,=0.6312,=25.7851,=15.0155,=10.4353
2015-06-29,=4191.5490,=4857.1200,=33599334549181.8008,=24779100459325,=9828918782640.3691,=15.5844,=0.5570,=25.7851,=15.0118,=10.4353
2015-06-26,=4336.1950,=5024.7100,=34254489183994.8906,=25305344787217,=10169287091570.0059,=15.8883,=0.5907,=25.7943,=15.0081,=10.4348
2015-06-25,=4706.5160,=5452.2200,=36865465875246.3047,=27302557013872,=11032452945289.2949,=17.1086,=0.6461,=25.7943,=15.0057,=10.4348
2015-06-24,=4880.1260,=5652.7700,=38140221201572.7031,=28260417030590,=11438722820345.9805,=17.7002,=0.6593,=25.7943,=15.0033,=10.4348
2015-06-23,=4786.0910,=5543.5500,=37280746912860.7891,=27635590596899,=11215679916056.1465,=17.3013,=0.6519,=25.7943,=14.9993,=10.4348
2015-06-19,=4637.0520,=5366.7600,=36055514420012.9141,=26736313177089,=10868342918191.3008,=16.7327,=0.6372,=25.7943,=14.9953,=10.4348
2015-06-18,=4930.5490,=5702.8200,=38271491376894.1953,=28412716512210,=11554853852743.1875,=17.7611,=0.6601,=25.7997,=14.9933,=10.4315
2015-06-17,=5138.8310,=5943.0600,=39837761543045.6094,=29593786152050,=12041978044310.1309,=18.4880,=0.6692,=25.7997,=14.9913,=10.4315
2015-06-16,=5064.8210,=5857.2200,=39215191460799.2891,=29124083942396,=11871981499674.2402,=18.1991,=0.6667,=25.7997,=14.9905,=10.4315
2015-06-15,=5221.1670,=6036.4500,=40424787530130.2031,=30071311846497,=12232338836676.4414,=18.7604,=0.6718,=25.7997,=14.9897,=10.4315
2015-06-12,=5335.1150,=6167.4100,=40061491685663.7969,=30137370817281,=12193075368936.7305,=18.7854,=0.6721,=25.7997,=14.9887,=10.4315
2015-06-11,=5306.5900,=6133.8800,=39843032837712.4922,=29978169314222,=12118578024661.8457,=18.6829,=0.6707,=25.8032,=14.9876,=10.4306
2015-06-10,=5309.1120,=6135.8400,=39992585908466.3984,=30061229778551,=12124011409356.2012,=18.7531,=0.6714,=25.8032,=14.9849,=10.4306
2015-06-09,=5317.4610,=6144.3600,=40288054684063.3125,=30258937115584,=12133699911053.0859,=18.8916,=0.6737,=25.8032,=14.9821,=10.4306
2015-06-08,=5353.7510,=6186.0200,=40543501720888.7031,=30433049226041,=12198116023878.2930,=19.0122,=0.6744,=25.8032,=14.9758,=10.4306
2015-06-05,=5230.5520,=6043.5700,=38852753778500.6875,=29171951892614,=11919979972461.5664,=18.2193,=0.6686,=25.8032,=14.9695,=10.4306
2015-06-04,=5181.4160,=5986.6300,=38453538500707.0938,=28834100876522,=11813809487727.3496,=18.0321,=0.6660,=25.8163,=14.9637,=10.4220
2015-06-03,=5143.5900,=5942.7200,=37955047488473.2969,=28525623828808,=11712790719783.6055,=17.8002,=0.6634,=25.8163,=14.9579,=10.4220
2015-06-02,=5161.8700,=5959.8400,=38001631125015.8125,=28526307415679,=11757338911922.0645,=17.8205,=0.6637,=25.8163,=14.9571,=10.4220
2015-06-01,=5076.1790,=5860.7600,=37565961813265.7031,=28184977828833,=11569273022823.8672,=17.6162,=0.6619,=25.8163,=14.9562,=10.4220
2015-05-29,=4840.8290,=5588.8300,=35801311653620.3125,=26903236400016,=11025514414108.7305,=16.7887,=0.6427,=25.8163,=14.9547,=10.4220
2015-05-28,=4834.0070,=5580.9100,=35898281581223.6016,=27002922503543,=11008926457430.1855,=16.8342,=0.6454,=25.8269,=14.9532,=10.4164
2015-05-27,=5181.4340,=5980.5200,=38490316900890.4922,=29001566899648,=11805826570835.5195,=18.0497,=0.6656,=25.8269,=14.9505,=10.4164
2015-05-26,=5198.9180,=5997.4500,=38540903902360.7031,=29040918753515,=11843721903039.3984,=18.0734,=0.6663,=25.8269,=14.9479,=10.4164
2015-05-25,=5099.4950,=5882.4800,=37871102539187.2969,=28604868424735,=11613679105775.0137,=17.7593,=0.6633,=25.8269,=14.9472,=10.4164
2015-05-22,=4951.3350,=5711.5700,=36765655991676.5000,=27739041229555,=11270541585770.9414,=17.2409,=0.6546,=25.8269,=14.9465,=10.4164
2015-05-21,=4840.9760,=5583.6300,=35826349676156.5938,=27037644357772,=11012771762619.1211,=16.8004,=0.6447,=25.8418,=14.9457,=10.4121
2015-05-20,=4754.9190,=5483.9700,=35672075120798.3984,=26946750688018,=10929675636540.8691,=16.6791,=0.6421,=25.8418,=14.9448,=10.4121
2015-05-19,=4731.2220,=5455.7200,=35565722064436.2969,=26844755493507,=10875285736625.3652,=16.6294,=0.6407,=25.8418,=14.9312,=10.4121
2015-05-18,=4575.1400,=5275.5900,=34443942433180.3984,=25994012505207,=10514294516215.6270,=16.1049,=0.6141,=25.8418,=14.9175,=10.4121
2015-05-15,=4617.4700,=5324.1300,=34868591107255.4063,=26327249949576,=10608924497364.9570,=16.3034,=0.6266,=25.8418,=14.9129,=10.4121
2015-05-14,=4700.7780,=5419.8500,=35522244860856.3125,=26789049584648,=10797808550454.1895,=16.6090,=0.6387,=25.8949,=14.9084,=10.4035
2015-05-13,=4718.4360,=5439.7900,=35620112228516.3984,=26870421427840,=10836681621470.6797,=16.6548,=0.6410,=25.8949,=14.9008,=10.4035
2015-05-12,=4747.4210,=5472.9900,=35914407062631.2969,=27118225007030,=10911260916913.5176,=16.7924,=0.6437,=25.8949,=14.8932,=10.4035
2015-05-11,=4690.5320,=5407.1300,=35526371966896.2031,=26833382195233,=10774968932250.0078,=16.6110,=0.6394,=25.8949,=14.8889,=10.4035
2015-05-08,=4558.4040,=5254.6900,=34636715872674.6016,=26144794275584,=10468489257510.7676,=16.1985,=0.6201,=25.8949,=14.8846,=10.4035
2015-05-07,=4470.0890,=5152.3500,=33971910644630.1016,=25641320345134,=10266548615381.1270,=15.8876,=0.5987,=25.9135,=14.8818,=10.4014
2015-05-06,=4553.3270,=5248.2900,=34785105768344.8984,=26264584974955,=10459333373921.2109,=16.2679,=0.6239,=25.9135,=14.8790,=10.4014
2015-05-05,=4596.8370,=5298.4500,=35235221357613.0938,=26637502227711,=10556170722452.9805,=16.4776,=0.6339,=25.9135,=14.8776,=10.4014
2015-05-04,=4787.7410,=5518.4900,=36741456466412.2891,=27757792777843,=10995345134104.2695,=17.1820,=0.6506,=25.9135,=14.8762,=10.4014
2015-04-30,=4749.8860,=5474.6400,=36460390329804.8047,=27506465486855,=10907473859651.1328,=17.0525,=0.6484,=25.9135,=14.8722,=10.4014
2015-04-29,=4774.3260,=5500.8900,=36849231233484.4922,=27777602395638,=10769708006307.8379,=17.3512,=0.6548,=25.9626,=14.8681,=10.3955
2015-04-28,=4741.8610,=5463.3000,=37027260044444.0938,=27910384104550,=10674863351102.6191,=17.5239,=0.6583,=25.9626,=14.8634,=10.3955
2015-04-27,=4807.5920,=5539.0300,=37256974273705.8906,=28138867930865,=10757961742363.2266,=17.5142,=0.6582,=25.9626,=14.8587,=10.3955
2015-04-24,=4702.6410,=5418.1200,=36076453864140.4922,=27206122504242,=10481082814121.7266,=16.9033,=0.6474,=25.9626,=14.8539,=10.3955
2015-04-23,=4740.8920,=5462.1200,=36359768369229.6016,=27353344353113,=10562076869784.0547,=17.1197,=0.6501,=25.9626,=14.8491,=10.3955
2015-04-22,=4739.8140,=5460.8500,=36332384644281.8047,=27311455400884,=10555065708823.0371,=17.1494,=0.6504,=25.9790,=14.8468,=10.3906
2015-04-21,=4619.1640,=5321.7200,=35525759028506.0938,=26699192530059,=10310169776864.8984,=16.7782,=0.6449,=25.9790,=14.8445,=10.3906
2015-04-20,=4521.9190,=5209.6900,=34980685310216.8086,=26291138874476,=10075546417144.5098,=16.5102,=0.6382,=25.9790,=14.8410,=10.3906
2015-04-17,=4596.1360,=5295.1900,=35658149159539.7969,=26727854937510,=10239580984257.5137,=16.8262,=0.6463,=25.9790,=14.8375,=10.3906
2015-04-16,=4513.5460,=5200.0400,=34923532015935.1992,=26121733306594,=10055451150937.3340,=16.4830,=0.6375,=25.9790,=14.8342,=10.3906
2015-04-15,=4380.5130,=5046.7300,=33904667553806.4883,=25332605872228,=9758991064343.7148,=16.0035,=0.6114,=26.0389,=14.8309,=10.3894
2015-04-14,=4438.1840,=5112.6100,=34094838323008.1992,=25433679779673,=9885389248841.1895,=16.0963,=0.6179,=26.0389,=14.8298,=10.3894
2015-04-13,=4421.0730,=5092.5900,=34073198730212.1875,=25390286181920,=9851526050129.6621,=16.0831,=0.6169,=26.0389,=14.8287,=10.3894
2015-04-10,=4344.4160,=5003.8300,=33322251695836.4883,=24885627166187,=9684384272591.1816,=15.7324,=0.5875,=26.0389,=14.8284,=10.3894
2015-04-09,=4262.1380,=4909.0600,=32688384433465.8008,=24462819264168,=9498899515103.7148,=15.4349,=0.5498,=26.0389,=14.8281,=10.3894
2015-04-08,=4295.8030,=4947.4300,=32992121829429.8008,=24698038916666,=9578024169911.4199,=15.5863,=0.5694,=26.0657,=14.8166,=10.3875
2015-04-07,=4260.0440,=4906.2400,=32642319039470.6953,=24434764097376,=9498486378603.7207,=15.4207,=0.5478,=26.0657,=14.8051,=10.3875
2015-04-03,=4170.5380,=4803.1600,=31859813819173.3008,=23849684887715,=9297613204083.4629,=15.0464,=0.5163,=26.0657,=14.8027,=10.3875
2015-04-02,=4124.7760,=4750.4600,=31641137411885.0938,=23678182396054,=9185637915013.6738,=14.9448,=0.5066,=26.0657,=14.8004,=10.3875
2015-04-01,=4123.8950,=4749.4400,=31651759483307.1914,=23693167222259,=9183598254878.2109,=14.9479,=0.5072,=26.0657,=14.7957,=10.3875
2015-03-31,=4051.2040,=4665.7300,=31174180504696.3008,=23339465309058,=9019330618069.2852,=14.7202,=0.4967,=26.0906,=14.7909,=10.3850
2015-03-30,=4088.1780,=4708.3100,=31505799526169,=23588158784950,=9043766815220.1895,=14.9084,=0.5060,=26.0906,=14.7957,=10.3850
2015-03-27,=3971.6970,=4574.1600,=30601782415397.8047,=22913416035178,=8781149568996.3232,=14.5074,=0.4839,=26.0906,=14.7909,=10.3850
2015-03-26,=3949.9990,=4549.1700,=30554086007943.3008,=22880140050872,=8731952909002.1650,=14.3383,=0.4750,=26.0906,=14.7957,=10.3850
2015-03-25,=3940.4120,=4538.1300,=30330158874235.3984,=22686027723356,=8667533823575.5498,=14.1559,=0.4653,=26.0906,=14.8004,=10.3850
2015-03-24,=3973.0460,=4575.7100,=30731806345890.3047,=22977877322383,=8735556059550.7148,=14.3523,=0.4758,=26.0995,=14.8027,=10.3826
2015-03-23,=3972.0610,=4574.5800,=30718442732943.8984,=22948510509007,=8734070184590.8828,=14.3629,=0.4772,=26.0995,=14.8051,=10.3826
2015-03-20,=3892.5740,=4483.0300,=30167056641980.2031,=22525453360635,=8548716395011.9805,=13.9467,=0.4472,=26.0995,=14.8166,=10.3826
2015-03-19,=3839.7390,=4422.1800,=29850916885805.4102,=22291523292787,=8397911912483.8906,=13.8196,=0.4345,=26.0995,=14.8281,=10.3826
2015-03-18,=3846.0550,=4429.4600,=29934065743740.9883,=22322798583273,=8425646738372.5635,=13.8561,=0.4380,=26.0995,=14.8284,=10.3826
2015-03-17,=3757.1220,=4327.0400,=29251070674448.1914,=21827100803452,=8223627608155.3340,=13.5473,=0.4104,=26.1687,=14.8287,=10.3779
2015-03-16,=3705.6710,=4267.7800,=28846619807824.1016,=21525560970053,=8107937642703.2305,=13.3603,=0.3882,=26.1687,=14.8298,=10.3779
2015-03-13,=3617.6570,=4166.4100,=28265102824620.7031,=21070157198494,=7905764988487.5137,=13.0946,=0.3685,=26.1687,=14.8309,=10.3779
2015-03-12,=3592.8440,=4137.8400,=28135210566589.2109,=20941994945203,=7850165958429.8047,=13.0379,=0.3665,=26.1687,=14.8342,=10.3779
2015-03-11,=3524.6530,=4059.3000,=27512663682633.6953,=20495218205493,=7699591181393.8262,=12.7575,=0.3534,=26.1687,=14.8375,=10.3779
2015-03-10,=3520.6110,=4054.6500,=27441704907761.6055,=20318945884707,=7691522498206.0508,=12.7242,=0.3515,=26.1988,=14.8410,=10.3633
2015-03-09,=3537.7500,=4074.3900,=27691427633462.1016,=20495399401194,=7729745920517.6738,=12.8497,=0.3554,=26.1988,=14.8445,=10.3633
2015-03-06,=3478.5200,=4006.1700,=27085196883425.3984,=20080734039915,=7586364891680.4834,=12.5767,=0.3464,=26.1988,=14.8468,=10.3633
2015-03-05,=3496.3440,=4026.7000,=27144312715900.4961,=20116979490638,=7621503425398.2695,=12.6042,=0.3465,=26.1988,=14.8491,=10.3633
2015-03-04,=3530.8220,=4066.4100,=27503012702440.5117,=20369059410757,=7697269295621.8340,=12.7708,=0.3533,=26.1988,=14.8539,=10.3633
2015-03-03,=3507.9000,=4040.0100,=27408750515409.3984,=20289047032577,=7648091451047.1152,=12.7259,=0.3514,=26.2064,=14.8587,=10.3582
2015-03-02,=3601.2650,=4147.5400,=28205227836525.3984,=20883230271411,=7855161380089.3984,=13.1010,=0.3665,=26.2064,=14.8634,=10.3582
2015-02-27,=3572.8430,=4114.8000,=28065001983584.2930,=20776732388978,=7793552325397.5820,=13.0356,=0.3646,=26.2064,=14.8681,=10.3582
2015-02-26,=3566.2950,=4107.2600,=27994278263889.4063,=20728132892509,=7781237567511.5820,=13.0027,=0.3627,=26.2064,=14.8722,=10.3582
2015-02-25,=3478.7290,=4006.4100,=27321933841665.0039,=20252512855833,=7591601712937.9004,=12.6904,=0.3499,=26.2064,=14.8762,=10.3582
2015-02-17,=3522.3220,=4056.6200,=27573381315725.4063,=20378869292075,=7687908849623.3623,=12.8072,=0.3538,=26.2284,=14.8776,=10.3573
2015-02-16,=3499.4830,=4030.3200,=27381042518453.2891,=20222295866059,=7632996639052.8145,=12.7188,=0.3510,=26.2284,=14.8790,=10.3573
2015-02-13,=3469.8280,=3996.1600,=27261932442186.3047,=20132064581241,=7568843614412.9307,=12.6722,=0.3491,=26.2284,=14.8818,=10.3573
2015-02-12,=3442.8740,=3965.1200,=27021270615628.8125,=19984132590425,=7511296577140.1943,=12.5615,=0.3471,=26.2284,=14.8846,=10.3573
2015-02-11,=3434.1240,=3955.0400,=26932036174639.1016,=19905579870042,=7492371772843.1143,=12.5200,=0.3456,=26.2284,=14.8889,=10.3573
2015-02-10,=3406.9430,=3923.7400,=26792880656812.9922,=19798966513370,=7432770435271.3740,=12.4553,=0.3416,=26.2511,=14.8932,=10.3544
2015-02-09,=3345.9210,=3853.4600,=26330071667909.3086,=19445494925229,=7298440570164.3438,=12.2401,=0.3379,=26.2511,=14.9054,=10.3544
2015-02-06,=3312.4200,=3814.8800,=26085023552411.3047,=19256538072845,=7223869162026.4932,=12.1262,=0.3364,=26.2511,=14.9175,=10.3544
2015-02-05,=3366.9460,=3877.6700,=26607893994838.6992,=19638712002834,=7343660018880.4512,=12.3693,=0.3395,=26.2511,=14.9320,=10.3544
2015-02-04,=3401.7680,=3917.7800,=26941959270804.5000,=19883216488880,=7416568084251.1982,=12.5246,=0.3446,=26.2511,=14.9465,=10.3544
2015-02-03,=3437.4450,=3958.8700,=27272466175836.7070,=20122853951544,=7497789858253.6084,=12.6782,=0.3473,=26.2645,=14.9498,=10.3521
2015-02-02,=3353.9600,=3862.7200,=26538730111882.1914,=19574680230013,=7314289211509.0078,=12.3371,=0.3395,=26.2645,=14.9532,=10.3521
2015-01-30,=3434.3900,=3955.3500,=27358315601103.8945,=20159719537497,=7489999027380.5801,=12.7182,=0.3480,=26.2645,=14.9547,=10.3521
2015-01-29,=3481.7980,=4009.9500,=27790893839602.9102,=20479712179769,=7592815732753.6211,=12.9192,=0.3528,=26.2645,=14.9562,=10.3521
2015-01-28,=3525.3230,=4060.0700,=28210719110151.1016,=20796929212988,=7689429144573.8623,=13.1144,=0.3634,=26.2645,=14.9571,=10.3521
2015-01-27,=3574.9310,=4117.2100,=28693429793831.8984,=21136332118060,=7798416644077.4141,=13.3388,=0.3787,=26.2781,=14.9579,=10.3508
2015-01-26,=3607.9850,=4155.2700,=29069337784972.1914,=21403622493504,=7873466845986.3711,=13.5136,=0.3994,=26.2781,=14.9637,=10.3508
2015-01-23,=3571.7320,=4113.5200,=28747957754111.1992,=21306590356118,=7799588708475.7305,=13.3790,=0.3832,=26.2781,=14.9695,=10.3508
2015-01-22,=3567.6130,=4108.7800,=28640694087323.2969,=21219451570218,=7787905360931.9980,=13.3291,=0.3779,=26.2781,=14.9758,=10.3508
2015-01-21,=3548.8850,=4087.2100,=28566594685788.7969,=21149211468594,=7746642448528.3818,=13.2946,=0.3751,=26.2781,=14.9821,=10.3508
2015-01-20,=3396.2220,=3911.3900,=27152623390964.9844,=20113063871714,=7410671066613.4434,=12.6366,=0.3475,=26.2899,=14.9849,=10.3429
2015-01-19,=3355.1550,=3864.0900,=26792782955960.1953,=19821516922526,=7325210972483.9775,=12.4691,=0.3426,=26.2899,=14.9876,=10.3429
2015-01-16,=3635.1460,=4186.5600,=29231397452153.8984,=21603749840978,=7938814036777.7168,=13.6040,=0.4080,=26.2899,=14.9887,=10.3429
2015-01-15,=3604.1210,=4150.8200,=28871944624276.6992,=21339061860720,=7868606858668.4834,=13.4367,=0.3896,=26.2899,=14.9897,=10.3429
2015-01-14,=3502.4230,=4033.7000,=27805924687054.3984,=20532850237760,=7646880368364.1523,=12.9406,=0.3552,=26.2899,=14.9905,=10.3429
2015-01-13,=3514.0400,=4047.0800,=27873264471278,=20608276477511,=7668102607374.5566,=12.9719,=0.3575,=26.3026,=14.9913,=10.3400
2015-01-12,=3513.5760,=4046.5500,=27870478708367.1016,=20599344418380,=7668540924979.7891,=12.9706,=0.3572,=26.3026,=14.9933,=10.3400
2015-01-09,=3546.7230,=4084.7200,=28251810335270.5000,=20884697115071,=7741424731692.0859,=13.1481,=0.3646,=26.3026,=14.9953,=10.3400
2015-01-08,=3559.2590,=4098.2500,=28229386020072.8984,=20895024304934,=7767204500740.7061,=13.1377,=0.3643,=26.3026,=14.9993,=10.3400
2015-01-07,=3643.7900,=4195.5800,=29014575951200.5000,=21449311694474,=7955063146723.5820,=13.5031,=0.3944,=26.3026,=15.0033,=10.3400
2015-01-06,=3641.0590,=4192.4300,=28910152379343.4063,=21327526168716,=7947568349367.2256,=13.4545,=0.3891,=26.3440,=15.0057,=10.3396
2015-01-05,=3641.5410,=4192.9900,=28945804659202.3945,=21321512579092,=7950155494774.8506,=13.4711,=0.3901,=26.3440,=15.0081,=10.3396
2014-12-31,=3533.7050,=4068.8200,=27836439881929.0898,=20453638826360,=7715403575638.5098,=12.9548,=0.3569,=26.3440,=15.0118,=10.3396
2014-12-30,=3457.5540,=3981.1400,=27117141012736.6016,=19876256126601,=7543110334556.2285,=12.6299,=0.3486,=26.3440,=15.0155,=10.3396
2014-12-29,=3455.4550,=3978.7200,=26964526120434.8086,=19792724056227,=7532383726643.2354,=12.5588,=0.3479,=26.3440,=15.0186,=10.3396
2014-12-26,=3445.8390,=3967.6500,=26770289704084.4883,=19586382216661,=7514837812272.4111,=12.4684,=0.3442,=26.3588,=15.0216,=10.3370
2014-12-25,=3335.4190,=3840.4400,=25922446131019.3984,=18953642246879,=7270540801880.9404,=12.0735,=0.3388,=26.3588,=15.0233,=10.3370
2014-12-24,=3230.3850,=3719.5000,=24976506161274.5117,=18301866665845,=7040106608359.0615,=11.6329,=0.3246,=26.3588,=15.0250,=10.3370
2014-12-23,=3324.9240,=3828.3500,=25780595549206.8008,=18868319717397,=7249243218873.4502,=12.0074,=0.3379,=26.3588,=15.0266,=10.3370
2014-12-22,=3394.4810,=3908.4400,=26607351726345.3984,=19453681064071,=7402152383144.1797,=12.3925,=0.3427,=26.3588,=15.0281,=10.3370
2014-12-19,=3383.1670,=3895.4100,=26056514923284.8125,=19117405234122,=7371395408753.0850,=12.1397,=0.3398,=26.3773,=15.0282,=10.3337
2014-12-18,=3345.9270,=3852.5400,=25535009312519.8945,=18774047530594,=7292750524390.7344,=11.8968,=0.3370,=26.3773,=15.0283,=10.3337
2014-12-17,=3360.5980,=3869.4300,=25661823741822.1289,=18860898257458,=7330567057975.8691,=11.9558,=0.3376,=26.3773,=15.0288,=10.3337
2014-12-16,=3303.4020,=3803.5700,=25136251141489.7031,=18503825042471,=7197808208624.8311,=11.7110,=0.3318,=26.3773,=15.0293,=10.3337
2014-12-15,=3217.2280,=3704.3500,=24413952728980.3984,=17967780648966,=7005112266349.4063,=11.3745,=0.3017,=26.3773,=15.0333,=10.3337
2014-12-12,=3193.2270,=3676.5500,=23971163862267.4063,=17755608915919,=6841203164885.1709,=11.1850,=0.2832,=26.3946,=15.0374,=10.3304
2014-12-11,=3183.0120,=3664.7900,=23889812575319.4023,=17683241964161,=6818151500555.3232,=11.1470,=0.2778,=26.3946,=15.0386,=10.3304
2014-12-10,=3221.5460,=3709.1600,=24210705154571.3125,=17916304110496,=6908034331393.0996,=11.2967,=0.2966,=26.3946,=15.0399,=10.3304
2014-12-09,=3106.9130,=3577.1700,=23544215813125.0039,=17412555837341,=6666694802290.4023,=10.9858,=0.2580,=26.3946,=15.0411,=10.3304
2014-12-08,=3252.8810,=3745.2300,=25049127438048.5938,=18467256016577,=6980074146544.7109,=11.6882,=0.3275,=26.3946,=15.0422,=10.3304
2014-12-05,=3124.8850,=3597.8600,=24203251454118.9883,=17896207519976,=6707738973614.9326,=11.2935,=0.2961,=26.4105,=15.0432,=10.3131
2014-12-04,=3104.3510,=3574.2200,=23616626549144.4063,=17492756828795,=6657451011545.2344,=11.0206,=0.2613,=26.4105,=15.0441,=10.3131
2014-12-03,=2967.5490,=3416.7100,=22474985147899.3008,=16639267415766,=6361901856251.4629,=10.4878,=0.2213,=26.4105,=15.0459,=10.3131
2014-12-02,=2923.9400,=3366.5000,=22364075787210.3984,=16524217595991,=6271434125656.3135,=10.4361,=0.2129,=26.4105,=15.0478,=10.3131
2014-12-01,=2819.8120,=3246.6200,=21539023785807.7070,=15938953608797,=6042798655445.1094,=10.0511,=0.1737,=26.4105,=15.0507,=10.3131
2014-11-28,=2808.8190,=3233.9600,=21454485619515.5938,=15888287453482,=6016507253411.0801,=10.0116,=0.1725,=26.4152,=15.0535,=10.3131
2014-11-27,=2754.4900,=3171.4100,=20847720415976.5078,=15480946397910,=5898569490662.7383,=9.7282,=0.1568,=26.4152,=15.0547,=10.3304
2014-11-26,=2723.0180,=3135.1700,=20620108833314.1992,=15310446192995,=5827912162530.8477,=9.6220,=0.1496,=26.4152,=15.0558,=10.3337
2014-11-25,=2685.5610,=3092.0400,=20286413942296.3984,=15061677450133,=5745052770305.0488,=9.4663,=0.1398,=26.4152,=15.0579,=10.3370
2014-11-24,=2649.2580,=3050.2500,=20017175764795.8984,=14859630680969,=5668440801599.3760,=9.3406,=0.1305,=26.4152,=15.0599,=10.3396
2014-11-21,=2583.4550,=2974.4800,=19624046088725.8984,=14561617273458,=5530543641289.2129,=9.1595,=0.1121,=26.4489,=15.0605,=10.3396
2014-11-20,=2537.0990,=2921.1100,=19329690437133.5039,=14344452030605,=5429028617459.6680,=9.0221,=0.1006,=26.4489,=15.0610,=10.3400
2014-11-19,=2537.2230,=2921.2500,=19326986897165,=14341339193784,=5428542872659.1514,=9.0209,=0.0998,=26.4489,=15.0648,=10.3429
2014-11-18,=2541.4160,=2926.0800,=19379117871763.5000,=14383274137527,=5437429481853.0244,=9.0452,=0.1007,=26.4489,=15.0686,=10.3508
2014-11-17,=2567.1010,=2955.6500,=19605796929031.6992,=14535015361978,=5495163090587.7783,=9.1527,=0.1097,=26.4489,=15.0699,=10.3521
2014-11-14,=2581.0930,=2971.7600,=19745955794047.9102,=14621788275426,=5529002873332.2754,=9.2184,=0.1179,=26.4580,=15.0712,=10.3521
2014-11-13,=2579.7500,=2970.2200,=19741289764745.3984,=14624220595362,=5526740514340.3887,=9.2163,=0.1167,=26.4580,=15.0754,=10.3544
2014-11-12,=2594.3180,=2986.9500,=19791794443963.7969,=14667409395140,=5556877941763.8350,=9.2398,=0.1189,=26.4580,=15.0796,=10.3573
2014-11-11,=2558.6120,=2945.8400,=19672954806702.0938,=14562201234704,=5480464948087.7783,=9.1844,=0.1138,=26.4580,=15.0797,=10.3582
2014-11-10,=2565.7300,=2954.0400,=19514785029467.3945,=14453227980139,=5491581673910.2031,=9.1105,=0.1057,=26.4580,=15.0799,=10.3633
2014-11-07,=2502.1530,=2880.8400,=19046274993752.7031,=14094781719924,=5353055710618.7705,=8.8918,=0.0877,=26.4631,=15.0840,=10.3633
2014-11-06,=2506.0670,=2885.3500,=19076474621619.7031,=14125804933584,=5359174627260.2021,=8.9075,=0.0894,=26.4631,=15.0881,=10.3779
2014-11-05,=2503.4480,=2882.3300,=19065046828237.1055,=14121049078569,=5354420861396.9746,=8.9021,=0.0890,=26.4631,=15.0888,=10.3826
2014-11-04,=2513.1720,=2893.3500,=19167869054489.7031,=14198476319288,=5375180217636.8135,=8.9501,=0.0955,=26.4631,=15.0896,=10.3850
2014-11-03,=2512.5480,=2892.6300,=19144299779472.3945,=14189090872553,=5375055010523.8857,=8.9398,=0.0938,=26.4631,=15.0908,=10.3875
2014-10-31,=2508.3250,=2887.7700,=19152738444666.5938,=14189101572188,=5366842367735.5020,=8.9428,=0.0943,=26.4860,=15.0921,=10.3875
2014-10-30,=2468.9250,=2842.4100,=18833366808196.8945,=13956587346393,=5277759646331.0254,=8.8463,=0.0763,=26.4860,=15.0932,=10.3894
2014-10-29,=2451.3840,=2822.2200,=18673716238866.4961,=13838663852650,=5230881210596.7178,=8.8029,=0.0707,=26.4860,=15.0944,=10.3906
2014-10-28,=2416.6530,=2782.2300,=18419754812501.1953,=13654208073352,=5155339314579.5352,=8.6967,=0.0582,=26.4860,=15.0961,=10.3955
2014-10-27,=2368.8320,=2727.1800,=18096267684325.4961,=13413273846503,=5059076542050.4814,=8.5617,=0.0492,=26.4860,=15.0978,=10.4014
2014-10-24,=2390.7060,=2752.3600,=18269380062900,=13530793393030,=5107340362200.2988,=8.6379,=0.0535,=26.5069,=15.1002,=10.4014
2014-10-23,=2395.9360,=2758.3300,=18308958845663.9961,=13553417333146,=5112982705430.0244,=8.6972,=0.0574,=26.5069,=15.1027,=10.4035
2014-10-22,=2418.6410,=2784.4700,=18455436760007.7070,=13671045309372,=5155515923546.3721,=8.7721,=0.0635,=26.5069,=15.1030,=10.4121
2014-10-21,=2433.3910,=2801.4500,=18524432834315.5977,=13728431651356,=5186947377084.3525,=8.8043,=0.0687,=26.5069,=15.1033,=10.4164
2014-10-20,=2454.7110,=2825.9900,=18657791308979,=13831694643640,=5236750622002.6543,=8.8655,=0.0791,=26.5069,=15.1053,=10.4220
2014-10-17,=2441.7320,=2811.0500,=18575184544566.1016,=13770089781835,=5208461031483.7324,=8.8268,=0.0696,=26.5326,=15.1073,=10.4220
2014-10-16,=2444.3950,=2814.1200,=18633523204762.6953,=13807645530669,=5214336387930.7715,=8.8536,=0.0744,=26.5326,=15.1128,=10.4306
2014-10-15,=2463.8740,=2836.5400,=18705711683097.8047,=13874379659113,=5256262878658.6104,=8.8897,=0.0827,=26.5326,=15.1183,=10.4315
2014-10-14,=2446.5620,=2816.6100,=18593904505871.7070,=13787366957436,=5217013194731.8926,=8.8368,=0.0715,=26.5326,=15.1247,=10.4348
2014-10-13,=2454.9460,=2826.2600,=18640345290087.1953,=13826016825017,=5234721619866.6455,=8.8589,=0.0763,=26.5326,=15.1311,=10.4353
2014-10-10,=2466.7890,=2839.9000,=18744787656092.8047,=13900787368618,=5261197703881.6689,=8.9085,=0.0837,=26.5962,=15.1324,=10.4353
2014-10-09,=2481.9550,=2857.3200,=18855234271914.1992,=13983700203947,=5293329923878.6143,=8.9610,=0.0889,=26.5962,=15.1337,=10.4357
2014-10-08,=2478.3830,=2853.2100,=18815363293828.1016,=13960234907746,=5285592164821.8184,=8.9420,=0.0881,=26.5962,=15.1418,=10.4419
2014-09-30,=2450.9880,=2821.6700,=18684178306222.3984,=13857753009528,=5228649480561.6982,=8.8797,=0.0803,=26.5962,=15.1499,=10.4422
2014-09-29,=2447.7990,=2818,=18658163806264.9023,=13829209853728,=5214743567214.1484,=8.8665,=0.0782,=26.5962,=15.1562,=10.4459
2014-09-26,=2437.2010,=2805.7600,=18617137278428.5117,=13726245154153,=5192057841918.3330,=8.8470,=0.0730,=26.6111,=15.1626,=10.4459
2014-09-25,=2436.9650,=2805.4900,=18620572033273,=13729644058831,=5191225335390.2607,=8.8487,=0.0730,=26.6111,=15.1758,=10.4466
2014-09-24,=2441.8640,=2811.1300,=18635692573793.1016,=13734990099215,=5202755859208.2676,=8.8560,=0.0735,=26.6111,=15.1890,=10.4482
2014-09-23,=2399.4620,=2762.0600,=18352673866304.3945,=13528210346075,=5112092318009.9033,=8.7215,=0.0583,=26.6111,=15.1891,=10.4483
2014-09-22,=2378.9200,=2738.4200,=18235789972675.5938,=13434048483262,=5068318027066.0762,=8.6660,=0.0561,=26.6111,=15.1892,=10.4525
2014-09-19,=2425.2110,=2791.7000,=18595241680335.4922,=13700166691650,=5167749763463.5498,=8.8368,=0.0710,=26.6542,=15.1932,=10.4525
2014-09-18,=2408.6640,=2772.3300,=18521909793373.0898,=13645485622840,=5132786684941.3711,=8.8020,=0.0679,=26.6542,=15.1972,=10.4564
2014-09-17,=2401.3260,=2763.8800,=18472983888340.8984,=13600412301977,=5115822796973.7949,=8.7787,=0.0641,=26.6542,=15.1982,=10.4599
2014-09-16,=2388.7650,=2749.4200,=18406661860061.8008,=13550048444399,=5089438507946.6729,=8.7472,=0.0593,=26.6542,=15.1992,=10.4640
2014-09-15,=2437.1890,=2805.1600,=18678475464346.9063,=13765547006184,=5193421783975.5723,=8.8764,=0.0754,=26.6542,=15.1997,=10.4678
2014-09-12,=2438.3580,=2806.5000,=18692169018562.5000,=13751729136926,=5195385149117.0674,=8.8829,=0.0759,=26.6556,=15.2002,=10.4678
2014-09-11,=2423.4540,=2788.7500,=18569568674559.3047,=13659091444817,=5164153820870.0215,=8.8246,=0.0677,=26.6556,=15.2084,=10.4707
2014-09-10,=2432.4330,=2799.0900,=18644696578163.8945,=13711204873071,=5182656114982.2881,=8.8603,=0.0729,=26.6556,=15.2165,=10.4718
2014-09-09,=2445.2240,=2813.8100,=18755907642348.4063,=13789485956889,=5210573148342.3174,=8.9132,=0.0778,=26.6556,=15.2171,=10.4721
2014-09-05,=2449.2590,=2818.4500,=18800105394076.7031,=13819145867901,=5220074461077.2813,=8.9328,=0.0809,=26.6556,=15.2176,=10.4732
2014-09-04,=2426.2240,=2791.9400,=18640107483231.0039,=13687192311363,=5172206562625.9531,=8.8568,=0.0713,=26.6621,=15.2208,=10.4732
2014-09-03,=2408.8380,=2771.9300,=18512941373282.6016,=13578510289124,=5134726308839.8418,=8.7964,=0.0661,=26.6621,=15.2240,=10.4803
2014-09-02,=2386.4600,=2746.1800,=18315436721305.6992,=13440350854215,=5087411731395.3945,=8.7025,=0.0578,=26.6621,=15.2278,=10.4830
2014-09-01,=2355.3170,=2710.3500,=18091935919240.1016,=13274474490171,=5019682383841.9844,=8.5963,=0.0525,=26.6621,=15.2315,=10.4840
2014-08-29,=2338.2870,=2690.7500,=17995594779377.5000,=13164892744828,=4971738729934.5469,=8.5903,=0.0521,=26.6621,=15.2344,=10.4876
2014-08-28,=2311.2780,=2659.6700,=17824251736014.5000,=13037211957349,=4914957951443.9863,=8.5530,=0.0495,=26.6715,=15.2373,=10.4876
2014-08-27,=2327.5950,=2678.4500,=17940039499236,=13119289259525,=4946073000064.7900,=8.6405,=0.0530,=26.6715,=15.2391,=10.4946
2014-08-26,=2324.0920,=2674.3400,=17925394847689.1992,=13104874033984,=4937585214733.8691,=8.6682,=0.0548,=26.6715,=15.2408,=10.4955
2014-08-25,=2342.8630,=2695.9000,=18054454478136.9023,=13197881838866,=4969337318318.5322,=8.7359,=0.0557,=26.6715,=15.2422,=10.4967
2014-08-22,=2365.3640,=2721.7900,=18158289430880.4063,=13282193130595,=5012569740406.2295,=8.8246,=0.0641,=26.6715,=15.2435,=10.4990
2014-08-21,=2354.2440,=2708.9700,=18087053395280.8008,=13229216139508,=4991290757016.1533,=8.7915,=0.0624,=26.6833,=15.2517,=10.4990
2014-08-20,=2366.1400,=2722.6100,=18187510455640.8984,=13310965060401,=5011004602758.7227,=8.8441,=0.0659,=26.6833,=15.2598,=10.5003
2014-08-19,=2374.7680,=2732.1000,=18257846311865.8047,=13358632135987,=5035963219150.9355,=8.8916,=0.0712,=26.6833,=15.2599,=10.5005
2014-08-18,=2374.5620,=2731.7100,=18227407795854.1016,=13334431367227,=5038008733205.6494,=8.8860,=0.0704,=26.6833,=15.2600,=10.5017
2014-08-15,=2360.6350,=2715.6900,=18158702996084.8945,=13281559510365,=5011335117590.3311,=8.8527,=0.0660,=26.6833,=15.2620,=10.5023
2014-08-14,=2335.9450,=2686.5500,=17997743634075.8984,=13154828223462,=4958525605378.9092,=8.7779,=0.0607,=26.6877,=15.2640,=10.5023
2014-08-13,=2358.9010,=2712.9600,=18154029327012.6992,=13269190898161,=5009032975460.1846,=8.8706,=0.0687,=26.6877,=15.2668,=10.5046
2014-08-12,=2357.0520,=2710.7200,=18139927529609.6055,=13265508903751,=5005870696759.4863,=8.8646,=0.0674,=26.6877,=15.2697,=10.5091
2014-08-11,=2365.3490,=2720.2200,=18212015272027.5977,=13313781481995,=5022445685126.1924,=8.9004,=0.0701,=26.6877,=15.2736,=10.5125
2014-08-08,=2331.1340,=2680.8700,=17972821303965.5039,=13105891107251,=4950135653235.8984,=8.7854,=0.0613,=26.6877,=15.2774,=10.5159
2014-08-07,=2327.4570,=2675.6200,=17925261455349.8945,=13078170835255,=4941067377436.1152,=8.7628,=0.0591,=26.7431,=15.2810,=10.5159
2014-08-06,=2363.2210,=2716.7300,=18191958363891.7070,=13274861365092,=5017944221359.6982,=8.8958,=0.0684,=26.7431,=15.2846,=10.5169
2014-08-05,=2369.3530,=2723.5400,=18244118181598.8906,=13308304159096,=5030179425956.4180,=8.9213,=0.0702,=26.7431,=15.2852,=10.5182
2014-08-04,=2375.6200,=2730.5600,=18284709163151.3008,=13341639743161,=5040436068550.9365,=8.9461,=0.0720,=26.7431,=15.2859,=10.5294
2014-08-01,=2329.4020,=2677.4400,=17983823637187.7031,=13115925028054,=4942654613684.8887,=8.7989,=0.0623,=26.7431,=15.2863,=10.5309
2014-07-31,=2350.2510,=2701.3300,=18106205301973,=13204667806644,=4988340177506.9980,=8.8587,=0.0654,=26.7465,=15.2867,=10.5309
2014-07-30,=2322.0110,=2668.4800,=17923170533212.2070,=13074606061784,=4926600217508.0879,=8.7705,=0.0597,=26.7465,=15.2893,=10.5377
2014-07-29,=2331.3690,=2677.1800,=17967816724210.9023,=13093969130120,=4946117549896.4688,=8.7911,=0.0606,=26.7465,=15.2919,=10.5428
2014-07-28,=2323.8970,=2668.0900,=17937387760253.4063,=13079861380910,=4928019191352.4346,=8.7764,=0.0598,=26.7465,=15.2920,=10.5431
2014-07-25,=2260.4540,=2594.9200,=17453861588200.3965,=12739965617314,=4790566325278.6523,=8.5396,=0.0478,=26.7465,=15.2922,=10.5591
2014-07-24,=2237.0150,=2567.1500,=17273762510773.1992,=12604716049604,=4740932297059.0527,=8.4519,=0.0390,=26.7672,=15.2958,=10.5591
2014-07-23,=2197.8330,=2521.9200,=17001133673997.6035,=12405052463623,=4657031106646.0127,=8.3181,=0.0297,=26.7672,=15.2994,=10.5680
2014-07-22,=2192.6980,=2515.9100,=16954843381437.0977,=12371097943015,=4646100016981.8408,=8.2954,=0.0271,=26.7672,=15.3004,=10.5693
2014-07-21,=2166.2950,=2485.3600,=16789297976052.9004,=12250836631757,=4590395450165.6016,=8.2144,=0.0160,=26.7672,=15.3013,=10.5699
2014-07-18,=2164.1440,=2482.8900,=16808156227357.5996,=12261122349796,=4584201605906.2100,=8.2248,=0.0173,=26.7672,=15.3031,=10.5817
2014-07-17,=2157.0680,=2470.5700,=16774250636076,=12232706889821,=4569053312058.4277,=8.2082,=0.0147,=26.7699,=15.3048,=10.5817
2014-07-16,=2170.8680,=2483.5200,=16868563124244.0039,=12307333048955,=4597287124607.0293,=8.2550,=0.0209,=26.7699,=15.3060,=10.5822
2014-07-15,=2174.9760,=2487.3800,=16879130949153.5977,=12315045705379,=4604199139353.7959,=8.2602,=0.0222,=26.7699,=15.3072,=10.6225
2014-07-14,=2171.7580,=2483.4300,=16842107549651.9004,=12286295055573,=4596785822513.8281,=8.2420,=0.0191,=26.7699,=15.3102,=10.6230
2014-07-11,=2148.0090,=2454.7900,=16702554102990.6973,=12181597694910,=4546029387267.3906,=8.1737,=0.0125,=26.7699,=15.3132,=10.6502
2014-07-10,=2142.8470,=2440.6600,=16669087930950.8008,=12152175704150,=4536356243638.4111,=8.1574,=0.0093,=26.7780,=15.3137,=10.6502
2014-07-09,=2148.7100,=2444.3700,=16773204953380.3008,=12166585448251,=4549002276509.4619,=8.2083,=0.0138,=26.7780,=15.3143,=10.6574
2014-07-08,=2180.4730,=2479.4500,=16991188600249.4043,=12326464871923,=4616213866654.9912,=8.3150,=0.0249,=26.7780,=15.3169,=10.6623
2014-07-07,=2176.2890,=2474.6900,=16954664348742.0039,=12304720965088,=4607408847817.9053,=8.2971,=0.0236,=26.7780,=15.3195,=10.6700
2014-07-04,=2178.6950,=2477.0700,=16952978193560.4961,=12304013969455,=4612460868275.8809,=8.2963,=0.0232,=26.7780,=15.3237,=10.6781
2014-07-03,=2180.1920,=2478.0600,=16961026805371.0996,=12315074290655,=4614981081093.3027,=8.3002,=0.0232,=26.7805,=15.3279,=10.6781
2014-07-02,=2170.8670,=2465.1600,=16936407552042.9063,=12308804371443,=4595950557925.6641,=8.2882,=0.0223,=26.7805,=15.3281,=10.6830
2014-07-01,=2164.5590,=2457.4000,=16882214208138.3965,=12266231305110,=4582355025269.3779,=8.2617,=0.0205,=26.7805,=15.3282,=10.6850
2014-06-30,=2165.1180,=2457.3100,=16875661986491,=12268365269870,=4583451003142.0596,=8.2585,=0.0197,=26.7805,=15.3323,=10.6948
2014-06-27,=2150.2580,=2440.0200,=16788119311242.1914,=12192192513914,=4575301747462.4463,=8.2156,=0.0143,=26.7805,=15.3364,=10.7096
2014-06-26,=2149.0760,=2436.8000,=16846025567295.9004,=12227633298281,=4572613109203.9316,=8.2440,=0.0179,=26.7936,=15.3373,=10.7096
2014-06-25,=2133.3710,=2418.3700,=16753731507638.8008,=12160570853039,=4539685125561.3545,=8.1988,=0.0134,=26.7936,=15.3381,=10.7102
2014-06-24,=2144.8210,=2428.9100,=16821349421942.3047,=12207085924534,=4560799326659.8818,=8.2319,=0.0157,=26.7936,=15.3440,=10.7437
2014-06-23,=2134.1100,=2413,=16747285284586.4023,=12150407640389,=4538222271925.1631,=8.1956,=0.0125,=26.7936,=15.3498,=10.7469
2014-06-20,=2136.7290,=2414.6300,=16794507828463.6035,=12186199356613,=4544200773419.3115,=8.2187,=0.0134,=26.7936,=15.3499,=10.7469
2014-06-19,=2126.9070,=2400.9600,=16795095474316.7969,=12191025745580,=4523477894602.3389,=8.2190,=0.0134,=26.8445,=15.3499,=10.7469
2014-06-18,=2160.2390,=2438.2200,=17023179777868.6992,=12357422907996,=4594037130768.6143,=8.3306,=0.0202,=26.8445,=15.3506,=10.7535
2014-06-17,=2169.6740,=2447.6500,=17104636906219.5996,=12419158359797,=4615079052885.0479,=8.3705,=0.0233,=26.8445,=15.3512,=10.7593
2014-06-16,=2191.8550,=2470.6500,=17273847661675.8984,=12540728944870,=4662298349467.7637,=8.4533,=0.0274,=26.8445,=15.3523,=10.7718
2014-06-13,=2176.2420,=2452.2500,=16859321293429.5977,=12337728978020,=4573241090370.8623,=8.2925,=0.0184,=26.8445,=15.3533,=10.7962
2014-06-12,=2153.4100,=2425.6900,=16690069784492.6992,=12220619133160,=4524747321344.3701,=8.2093,=0.0130,=26.8563,=15.3562,=10.7962
2014-06-11,=2160.7660,=2433.3400,=16730678892369.4004,=12251417044391,=4538463904516.5059,=8.2292,=0.0130,=26.8563,=15.3592,=10.8047
2014-06-10,=2161.2680,=2433.9100,=16734414134594.2949,=12252667044606,=4539823949526.1309,=8.2311,=0.0130,=26.8563,=15.3607,=10.8057
2014-06-09,=2134.2810,=2403.5200,=16536803322244.3008,=12107774560262,=4481902260923.8789,=8.1315,=0.0076,=26.8563,=15.3623,=10.8122
2014-06-06,=2134.7160,=2403.9000,=16508038881125.0938,=12091345309212,=4482891409383.3877,=8.1174,=0.0063,=26.8563,=15.3638,=10.8143
2014-06-05,=2150.6020,=2419.7000,=16612456855100.0957,=12167752270624,=4516490340300.4424,=8.1687,=0.0104,=26.8583,=15.3653,=10.8143
2014-06-04,=2128.2740,=2394.1500,=16483395404619.6035,=12062901019919,=4469473869172.9688,=8.1053,=0.0054,=26.8583,=15.3694,=10.8184
2014-06-03,=2149.9180,=2418.5000,=16601170794970.8008,=12149527189179,=4513961706147.3047,=8.1632,=0.0086,=26.8583,=15.3735,=10.8219
2014-05-30,=2156.4640,=2425.4200,=16595163562749.1992,=12151389468247,=4527884620420.3379,=8.1602,=0.0081,=26.8583,=15.3767,=10.8292
2014-05-29,=2155.1640,=2423.8200,=16604396376412.5059,=12157770369894,=4523366585835.0586,=8.1659,=0.0081,=26.8583,=15.3799,=10.8447
2014-05-28,=2169.3520,=2439.7500,=16669805774245.0996,=12206628457100,=4553506233073.2266,=8.1981,=0.0095,=26.8697,=15.3822,=10.8447
2014-05-27,=2147.2800,=2414.6700,=16530259900731.4043,=12108202235974,=4506731080757.7461,=8.1295,=0.0059,=26.8697,=15.3845,=10.8461
2014-05-26,=2155.9760,=2424.1800,=16565799493423.6055,=12146439249735,=4525794275271.0068,=8.1469,=0.0072,=26.8697,=15.3871,=10.8480
2014-05-23,=2148.4140,=2415.2500,=16532316951290.8008,=12125931416453,=4510375025889.5693,=8.1305,=0.0059,=26.8697,=15.3897,=10.8562
2014-05-22,=2130.8680,=2394.7100,=16433631789806.0039,=12049928299536,=4473449749027.3408,=8.0819,=0.0027,=26.8697,=15.3905,=10.8613
2014-05-21,=2135.9050,=2399.5200,=16451407175421.2969,=12075842834332,=4483269123240.7637,=8.0905,=0.0032,=26.9010,=15.3912,=10.8613
2014-05-20,=2115.7710,=2376.7400,=16308413434058.1992,=11969515680505,=4441371286171.4570,=8.0202,=0.0005,=26.9010,=15.3915,=10.8686
2014-05-19,=2115.1430,=2376.0300,=16290428659605.8008,=11956049687253,=4439915109136.1143,=8.0113,=0,=26.9010,=15.3917,=10.8740
2014-05-16,=2145.9520,=2410.3700,=16472298042343.5000,=12096493084527,=4505579648930.2520,=8.1007,=0.0032,=26.9010,=15.3929,=10.8746
2014-05-15,=2144.0840,=2407.8600,=16454634616713.6953,=12084915971974,=4502232457508.6826,=8.0921,=0.0023,=26.9010,=15.3941,=10.8771
2014-05-14,=2172.3720,=2439.5800,=16606465094697,=12206004500023,=4562166710781.8828,=8.1667,=0.0041,=26.9141,=15.3948,=10.8771
2014-05-13,=2174.8520,=2441.7900,=16620706401290.1992,=12216606948688,=4567450673345.1514,=8.1737,=0.0041,=26.9141,=15.3955,=10.9013
2014-05-12,=2180.0540,=2447.6300,=16642578625576.3047,=12231156296589,=4578857137245.2471,=8.1845,=0.0041,=26.9141,=15.3966,=10.9094
2014-05-09,=2133.9110,=2395.7800,=16333004152516.9023,=11991304474803,=4482182777011.1377,=8.0322,=0.0009,=26.9141,=15.3976,=10.9116
2014-05-08,=2135.4960,=2397.5600,=16332292829013.9004,=11979119469112,=4485068521010.0918,=8.0319,=0.0005,=26.9141,=15.4013,=10.9131
2014-05-07,=2137.3160,=2397.1200,=16312783732577.5039,=11966491405729,=4488904913208.4180,=8.0223,=0,=26.9369,=15.4051,=10.9131
2014-05-06,=2157.3280,=2419.5100,=16429550944964.9004,=12051889193937,=4530341316193.5068,=8.0797,=0,=26.9369,=15.4079,=10.9131
2014-05-05,=2156.4700,=2418.4500,=16441574123958.5996,=12060306174516,=4527937226399.7285,=8.0851,=0,=26.9369,=15.4108,=10.9186
2014-04-30,=2158.6590,=2420.9000,=16466688651557.5977,=12080708962922,=4530077706432.7324,=8.0978,=0,=26.9369,=15.4127,=10.9201
2014-04-29,=2158.4700,=2419.9800,=16461399159691.6953,=12071811216165,=4513693212699.3086,=8.1419,=0.0005,=26.9369,=15.4147,=10.9233
2014-04-28,=2134.9690,=2393.6300,=16339208966467.6992,=11977535608240,=4457919475821.2275,=8.1114,=0,=26.9397,=15.4160,=10.9233
2014-04-25,=2167.8260,=2430.4400,=16521433363231.9043,=12107983890957,=4525253512600.2861,=8.2358,=0.0005,=26.9397,=15.4173,=10.9251
2014-04-24,=2190.4740,=2455.7200,=16640747813348.2012,=12210932754511,=4575753602215.5742,=8.3371,=0.0059,=26.9397,=15.4183,=10.9265
2014-04-23,=2194.6680,=2459.8200,=16684477845099.3945,=12245243765116,=4584948985107.6699,=8.3734,=0.0082,=26.9397,=15.4194,=10.9288
2014-04-22,=2196.7950,=2462.1300,=16720457191637.6934,=12265098668223,=4587361385307.3350,=8.3913,=0.0082,=26.9397,=15.4224,=10.9338
2014-04-21,=2187.2480,=2451.4100,=16635057967785.5996,=12200205501926,=4559712671159.7109,=8.3526,=0.0068,=26.9535,=15.4254,=10.9338
2014-04-18,=2224.4790,=2493.1400,=16876728156038.8008,=12382939910598,=4633728812796.4033,=8.4722,=0.0132,=26.9535,=15.4260,=10.9342
2014-04-17,=2224.8030,=2493.5100,=16904816053512.0039,=12400349202153,=4632790757889.2510,=8.4865,=0.0132,=26.9535,=15.4266,=10.9386
2014-04-16,=2232.5260,=2502.1600,=16959508615056.1953,=12435156505398,=4647379772920.1465,=8.5200,=0.0169,=26.9535,=15.4269,=10.9451
2014-04-15,=2229.4630,=2498.5800,=16932885649306.4004,=12409920101852,=4640009445708.8857,=8.5039,=0.0137,=26.9535,=15.4271,=10.9482
2014-04-14,=2268.6130,=2542.4500,=17207821314988.6992,=12615248965145,=4718585545982.4092,=8.6463,=0.0233,=26.9587,=15.4292,=10.9482
2014-04-11,=2270.6660,=2544.6900,=17223912142560.5059,=12627758398939,=4723187817267.4287,=8.6522,=0.0233,=26.9587,=15.4314,=10.9490
2014-04-10,=2273.7610,=2548.1400,=17254676946463.7988,=12640292329204,=4729437255609.3730,=8.6688,=0.0238,=26.9587,=15.4314,=10.9516
2014-04-09,=2238.6200,=2508.7600,=16994810974878.0039,=12453924928497,=4655683969491.7852,=8.5417,=0.0174,=26.9587,=15.4314,=10.9545
2014-04-08,=2237.3160,=2507.3000,=16963674889257.8984,=12430661628063,=4653707973238.3906,=8.5264,=0.0165,=26.9587,=15.4339,=10.9578
2014-04-04,=2185.4720,=2449.1900,=16579169493143.2969,=12169955443945,=4542324104233.6680,=8.3336,=0.0055,=26.9740,=15.4365,=10.9578
2014-04-03,=2165.0080,=2426.2600,=16461450637096.4004,=12086096061513,=4500226229946.1182,=8.2732,=0.0032,=26.9740,=15.4426,=10.9612
2014-04-02,=2180.7270,=2443.8800,=16593519394303.4980,=12180987559282,=4531678058924.1670,=8.3397,=0.0050,=26.9740,=15.4487,=10.9619
2014-04-01,=2163.1150,=2424.1400,=16483085513368.4023,=12098462876999,=4495381481767.0449,=8.2828,=0.0032,=26.9740,=15.4492,=10.9630
2014-03-31,=2146.3050,=2405.3000,=16387365905546.5098,=12027634689074,=4459910766104.1162,=8.2410,=0.0005,=26.9740,=15.4497,=10.9630
2014-03-28,=2151.9650,=2411.6400,=16408931851898.2051,=12042504954422,=4446325045629.5889,=8.3285,=0.0032,=27.0055,=15.4517,=10.9630
2014-03-27,=2155.7070,=2415.8400,=16376128911134.9063,=12024600019650,=4453670088192.1465,=8.3655,=0.0046,=27.0055,=15.4536,=10.9780
2014-03-26,=2171.0470,=2432.7700,=16484248122595.3008,=12115791264263,=4481446624458.6143,=8.4358,=0.0064,=27.0055,=15.4541,=10.9819
2014-03-25,=2174.4400,=2436.5800,=16494122104977.5078,=12137454601310,=4487740770650.0342,=8.4255,=0.0055,=27.0055,=15.4546,=10.9903
2014-03-24,=2176.5540,=2438.9400,=16520461992489.7051,=12152136864795,=4493448940607.4473,=8.4468,=0.0064,=27.0055,=15.4559,=10.9920
2014-03-21,=2158.7980,=2419.0500,=16390211199826.0039,=12057416845632,=4457703796967.5273,=8.3610,=0.0041,=27.0115,=15.4572,=10.9920
2014-03-20,=2086.9670,=2338.5600,=15922548563855.4023,=11709896284056,=4305396240295.7852,=8.1469,=0,=27.0115,=15.4578,=10.9946
2014-03-19,=2120.8700,=2376.5500,=16108663218054.3047,=11850480415458,=4374374853873.6250,=8.2593,=0.0014,=27.0115,=15.4585,=11.0017
2014-03-18,=2138.1330,=2395.8900,=16169191471825.8008,=11904205244334,=4410756644393.6826,=8.3099,=0.0018,=27.0115,=15.4606,=11.0052
2014-03-17,=2143.0380,=2401.3900,=16194253659896,=11917509340494,=4421999661811.5781,=8.3292,=0.0018,=27.0115,=15.4628,=11.0097
2014-03-14,=2122.8360,=2378.7500,=16068295917250.8008,=11825580322679,=4376139394523.8291,=8.2653,=0.0014,=27.0131,=15.4636,=11.0097
2014-03-13,=2140.3330,=2398.3600,=16206951762201.5000,=11924455437830,=4411575025248.7500,=8.3424,=0.0014,=27.0131,=15.4645,=11.0148
2014-03-12,=2114.1340,=2369,=16023877749884.1016,=11786978357760,=4357349585330.8452,=8.2452,=0.0005,=27.0131,=15.4647,=11.0225
2014-03-11,=2108.6610,=2362.8700,=16040952491490.8027,=11804007589383,=4345498004288.4380,=8.2568,=0.0005,=27.0131,=15.4648,=11.0231
2014-03-10,=2097.7870,=2350.6800,=16014714187547.5000,=11780485257456,=4323413083702.4229,=8.2433,=0,=27.0131,=15.4672,=11.0295
2014-03-07,=2168.3580,=2429.7600,=16437850435885,=12102048548810,=4467326221933.1260,=8.4605,=0.0019,=27.0234,=15.4695,=11.0295
2014-03-06,=2173.6340,=2435.6700,=16441332943715.5938,=12096872706276,=4478542756227.2822,=8.4704,=0.0032,=27.0234,=15.4700,=11.0320
2014-03-05,=2163.9760,=2424.8500,=16374107119167.9961,=12045802682530,=4458823015963.1533,=8.4357,=0.0009,=27.0234,=15.4705,=11.0345
2014-03-04,=2184.2730,=2447.5900,=16530566375808.1055,=12165979585705,=4501309545317.5088,=8.5161,=0.0051,=27.0234,=15.4742,=11.0383
2014-03-03,=2190.3700,=2454.4300,=16584441599391.2051,=12205354943805,=4513011191290.2920,=8.5434,=0.0065,=27.0234,=15.4779,=11.0441
2014-02-28,=2178.9710,=2441.6500,=16520690889056.8066,=12139399307430,=4490508338939.0811,=8.5106,=0.0037,=27.0488,=15.4796,=11.0441
2014-02-27,=2154.1080,=2413.7900,=16440934796247.2969,=12077942699404,=4439214569550.7656,=8.4700,=0.0023,=27.0488,=15.4812,=11.0448
2014-02-26,=2163.4050,=2424.2100,=16381704833509.5000,=12034531269050,=4456958414424.0098,=8.4402,=0.0009,=27.0488,=15.4817,=11.0503
2014-02-25,=2157.9090,=2418.0500,=16335278956221.1992,=12000054919744,=4445700795693.9873,=8.4163,=0.0005,=27.0488,=15.4821,=11.0511
2014-02-24,=2214.5090,=2481.4800,=16626329725497.5977,=12221289938337,=4561036426417.3613,=8.5704,=0.0056,=27.0488,=15.4827,=11.0613
2014-02-21,=2264.2940,=2537.2600,=16978179427889.8945,=12484687738236,=4663049756339.4346,=8.7518,=0.0116,=27.0543,=15.4833,=11.0613
2014-02-20,=2287.4360,=2563.1900,=17180641074367.9063,=12638642244017,=4710708421004.1230,=8.8562,=0.0167,=27.0543,=15.4856,=11.0660
2014-02-19,=2308.6560,=2586.9700,=17200398364238.4004,=12642024994640,=4755515303912.7627,=8.8663,=0.0177,=27.0543,=15.4880,=11.0698
2014-02-18,=2282.4420,=2557.6000,=16956664280302.0996,=12465912974113,=4700398088225.7402,=8.7407,=0.0102,=27.0543,=15.4889,=11.0712
2014-02-17,=2311.6470,=2590.3200,=17155646011230.0039,=12585976874346,=4761687134064.3594,=8.8430,=0.0158,=27.0543,=15.4898,=11.0718
2014-02-14,=2295.5750,=2572.3100,=17037068014797.3984,=12499340522590,=4729659797316.1484,=8.7818,=0.0126,=27.0646,=15.4946,=11.0718
2014-02-13,=2279.5540,=2554.3600,=16953946319330.9004,=12429138006384,=4697964775908.6074,=8.7390,=0.0098,=27.0646,=15.4993,=11.0735
2014-02-12,=2291.2460,=2567.4600,=16993933717947.4941,=12468976021214,=4720932843986.0371,=8.7596,=0.0112,=27.0646,=15.5015,=11.0803
2014-02-11,=2285.5620,=2560.9600,=16977351846894.7969,=12451648052236,=4709347015447.8252,=8.7511,=0.0103,=27.0646,=15.5036,=11.0818
2014-02-10,=2267.5340,=2540.7600,=16822494305063.9961,=12339794648530,=4671464130564.2627,=8.6712,=0.0093,=27.0646,=15.5040,=11.0835
2014-02-07,=2212.4830,=2479.0700,=16507820802023.7988,=12108475160916,=4559602193923.7275,=8.5090,=0.0019,=27.0729,=15.5043,=11.0835
2014-01-30,=2202.4500,=2467.8300,=16476755644778,=12075236886178,=4539670059888.3770,=8.4930,=0.0014,=27.0729,=15.5045,=11.0842
2014-01-29,=2227.7810,=2496.2200,=16639846702208.4023,=12190228274396,=4591358271848.9619,=8.5771,=0.0051,=27.0729,=15.5046,=11.0854
2014-01-28,=2219.8550,=2487.3400,=16573386899937.3945,=12141922064276,=4573626581500.7754,=8.5428,=0.0033,=27.0729,=15.5076,=11.0857
2014-01-27,=2215.9190,=2482.9200,=16519096164543.4023,=12111870925734,=4565467366361.5615,=8.5149,=0.0014,=27.0729,=15.5106,=11.0860
2014-01-24,=2245.6780,=2516.2700,=16725883713143.7988,=12264178314594,=4623456191958.2891,=8.6214,=0.0047,=27.0814,=15.5108,=11.0860
2014-01-23,=2231.8890,=2500.8200,=16651539624358.9004,=12203884497653,=4595351221674.5098,=8.5831,=0.0042,=27.0814,=15.5110,=11.0868
2014-01-22,=2243.7960,=2514.1400,=16755210319379.8008,=12285768636158,=4620309536208.5430,=8.6366,=0.0047,=27.0814,=15.5154,=11.1018
2014-01-21,=2187.4100,=2450.9600,=16420433672123.6055,=12031770470331,=4505396346095.4531,=8.4640,=0.0005,=27.0814,=15.5197,=11.1051
2014-01-20,=2165.9930,=2426.9700,=16303957015528.0996,=11949491479198,=4461193667992.2754,=8.4040,=0,=27.0814,=15.5209,=11.1081
2014-01-17,=2178.4880,=2440.9700,=16423105479845.6934,=12028424213864,=4486515001928.5449,=8.4654,=0,=27.1214,=15.5222,=11.1081
2014-01-16,=2211.8440,=2478.3400,=16565293119146.6992,=12135897530734,=4553851283467.8584,=8.5387,=0.0009,=27.1214,=15.5225,=11.1112
2014-01-15,=2208.9410,=2475.0700,=16581762422647.2969,=12144146816536,=4548085706849.6777,=8.5472,=0.0009,=27.1214,=15.5227,=11.1128
2014-01-14,=2212.8460,=2479.4500,=16627612514703.7012,=12178497017713,=4556798231682.6787,=8.5708,=0.0014,=27.1214,=15.5240,=11.1163
2014-01-13,=2193.6790,=2457.9700,=16521098412602.5000,=12094042336797,=4518139223989.2998,=8.5159,=0,=27.1214,=15.5252,=11.1172
2014-01-10,=2204.8510,=2470.4900,=16527924139862.0039,=12106315886088,=4537033032785.3457,=8.5199,=0,=27.1247,=15.5300,=11.1172
2014-01-09,=2222.2210,=2489.9500,=16622093543658,=12164580643883,=4571955927177.8848,=8.5684,=0,=27.1247,=15.5347,=11.1188
2014-01-08,=2241.9110,=2512.0200,=16739482867441.5000,=12264200306966,=4612920353035.4531,=8.6289,=0,=27.1247,=15.5360,=11.1251
2014-01-07,=2238.0010,=2507.6300,=16763824993139.4082,=12285904690724,=4603353587956.6328,=8.6415,=0,=27.1247,=15.5373,=11.1310
2014-01-06,=2238.6370,=2508.3500,=16796937235513.9004,=12281174303034,=4605643622455.4932,=8.6586,=0,=27.1247,=15.5388,=11.1325
2014-01-03,=2290.7790,=2566.7700,=17050449787517.5078,=12478813812165,=4709955791554.1719,=8.7927,=0.0014,=27.1633,=15.5403,=11.1325
2014-01-02,=2321.9780,=2601.7300,=17256888988034.4023,=12632987104217,=4774180927698.6992,=8.8992,=0.0061,=27.1633,=15.5405,=11.1342
2013-12-31,=2330.0260,=2610.7500,=17318187444897.6895,=12677547566802,=4791288878756.3672,=8.9308,=0.0085,=27.1633,=15.5408,=11.1358
2013-12-30,=2299.4580,=2576.5000,=17133024980506.0996,=12538938621672,=4724675428633.2686,=8.8353,=0.0033,=27.1633,=15.5410,=11.1409
2013-12-27,=2303.4780,=2581,=17198634245979.8008,=12578098104162,=4733917631728.2734,=8.8691,=0.0042,=27.1633,=15.5412,=11.1474
2013-12-26,=2265.3340,=2538.2600,=16967670744991.9961,=12409995258056,=4655804149954.3594,=8.7495,=0,=27.1806,=15.5418,=11.1474
2013-12-25,=2305.1100,=2582.8300,=17234859203690.0039,=12600841356354,=4737115795555.5313,=8.8873,=0.0043,=27.1806,=15.5425,=11.1524
2013-12-24,=2288.2480,=2563.9300,=17133431454731.5078,=12524162394690,=4702600759364.7793,=8.8350,=0.0024,=27.1806,=15.5428,=11.1579
2013-12-23,=2284.6020,=2559.8500,=17118815876416.5996,=12513889163562,=4694947839486.2012,=8.8275,=0.0014,=27.1806,=15.5431,=11.1676
2013-12-20,=2278.1360,=2552.6000,=16997534932925.9004,=12459180106311,=4681123513351.1289,=8.7649,=0.0005,=27.1806,=15.5460,=11.1721
2013-12-19,=2332.4100,=2613.4200,=17413884058257.8008,=12738913630182,=4793362037627.1211,=8.9796,=0.0062,=27.1885,=15.5489,=11.1721
2013-12-18,=2357.2260,=2641.2200,=17561187105782.6992,=12850023711020,=4844151743745.1846,=9.0556,=0.0095,=27.1885,=15.5517,=11.1737
2013-12-17,=2356.3760,=2640.2700,=17580444609790.0039,=12832690946969,=4841578649165.2480,=9.0655,=0.0104,=27.1885,=15.5544,=11.1751
2013-12-16,=2367.9230,=2653.2100,=17660360782005.5977,=12887350656386,=4864483388084.0098,=9.1067,=0.0128,=27.1885,=15.5561,=11.1761
2013-12-13,=2406.6390,=2696.5900,=17570975746059.6055,=12875705099910,=4848893307780.7021,=9.1045,=0.0119,=27.1885,=15.5578,=11.1770
2013-12-12,=2410.0150,=2700.3700,=17643959900343.0977,=12926111103001,=4854031288769.2959,=9.1423,=0.0152,=27.2171,=15.5621,=11.1770
2013-12-11,=2412.7630,=2703.4500,=17669144884144.8945,=12945876197399,=4859489576273.6934,=9.1554,=0.0161,=27.2171,=15.5664,=11.1805
2013-12-10,=2453.3220,=2748.9000,=17952176556232.3047,=13151525981281,=4942008089591.8906,=9.3020,=0.0309,=27.2171,=15.5674,=11.1814
2013-12-09,=2450.8720,=2746.1500,=17969319469137,=13167017457556,=4936027742745.0771,=9.3109,=0.0309,=27.2171,=15.5683,=11.1835
2013-12-06,=2452.2870,=2747.7400,=17989617552248.2930,=13179032872613,=4938463053774.7656,=9.3209,=0.0319,=27.2171,=15.5706,=11.1908
2013-12-05,=2468.1970,=2765.5600,=18055783371212.1016,=13233970398174,=4972561646984.1650,=9.3552,=0.0343,=27.2379,=15.5729,=11.1908
2013-12-04,=2475.1350,=2773.3400,=18120708133694.2969,=13283987220590,=4987087476881.4102,=9.3888,=0.0371,=27.2379,=15.5732,=11.1932
2013-12-03,=2442.7840,=2737.0900,=17949936047547.9961,=13147067030551,=4922385152769.7090,=9.3004,=0.0305,=27.2379,=15.5734,=11.1969
2013-12-02,=2418.7880,=2710.2000,=17879664264139.5977,=13091561779080,=4877184464237.1904,=9.2639,=0.0272,=27.2379,=15.5770,=11.1977
2013-11-29,=2438.9440,=2732.7900,=17807625059063.7969,=13042571359018,=4912451344717.5586,=9.2266,=0.0243,=27.2379,=15.5806,=11.1994
2013-11-28,=2439.5300,=2733.4300,=17835022887007.4883,=13053579542140,=4913527891559.0801,=9.2408,=0.0248,=27.2685,=15.5810,=11.1994
2013-11-27,=2414.4810,=2705.3700,=17677001213034.0039,=12934158244478,=4864860928478.5098,=9.1589,=0.0162,=27.2685,=15.5813,=11.2091
2013-11-26,=2387.4160,=2675.0400,=17534640188961.4980,=12829427795869,=4809762015359.7070,=9.0852,=0.0105,=27.2685,=15.5814,=11.2231
2013-11-25,=2388.6290,=2676.4000,=17574896911513.5977,=12861123769024,=4811350351515.7168,=9.1060,=0.0115,=27.2685,=15.5815,=11.2261
2013-11-22,=2397.9620,=2686.8600,=17686687774886.4961,=12938420597436,=4830264473900.1182,=9.1640,=0.0153,=27.2685,=15.5815,=11.2298
2013-11-21,=2409.9890,=2700.3400,=17725805196653.6055,=12983430761113,=4854309279424.7607,=9.1842,=0.0172,=27.2766,=15.5815,=11.2298
2013-11-20,=2424.8500,=2716.9900,=17742653949552.1953,=12988791622349,=4885042835935.2471,=9.1930,=0.0177,=27.2766,=15.5828,=11.2304
2013-11-19,=2412.1630,=2702.7700,=17654191864979.1992,=12926435866229,=4859582521805.6992,=9.1471,=0.0144,=27.2766,=15.5841,=11.2316
2013-11-18,=2428.9030,=2721.5300,=17726050779395.9922,=12975566299413,=4893890941500.2129,=9.1843,=0.0168,=27.2766,=15.5853,=11.2324
2013-11-15,=2350.7340,=2633.9400,=17235967513013.3066,=12614154346572,=4732377483005.4639,=8.9304,=0.0048,=27.2766,=15.5865,=11.2343
2013-11-14,=2304.5010,=2582.1400,=16981111790178.6055,=12413424466087,=4637905749363.4307,=8.7984,=0.0005,=27.2942,=15.5878,=11.2343
2013-11-13,=2288.1160,=2563.7800,=16903764417962.8027,=12360266958268,=4605980017850.1934,=8.7583,=0,=27.2942,=15.5891,=11.2359
2013-11-12,=2340,=2621.9100,=17220467465437.8984,=12591409297475,=4711310833458.9199,=8.9224,=0.0034,=27.2942,=15.5900,=11.2372
2013-11-11,=2315.8890,=2594.9000,=17094223741893.3008,=12480329527522,=4661420561362.6426,=8.8570,=0.0005,=27.2942,=15.5909,=11.2380
2013-11-08,=2307.9450,=2586,=17043472615327.5977,=12448753683125,=4645503457484.0938,=8.8307,=0,=27.2942,=15.5983,=11.2401
2013-11-07,=2340.5520,=2622.5300,=17211419145207.6035,=12578737830004,=4711137548358.2119,=8.9177,=0.0014,=27.3062,=15.6057,=11.2401
2013-11-06,=2353.5680,=2637.1200,=17251323372476.8008,=12605458886468,=4737198813800.0342,=8.9384,=0.0019,=27.3062,=15.6060,=11.2497
2013-11-05,=2383.7690,=2670.9600,=17402765602102.1953,=12707633488943,=4797244319899.8105,=9.0168,=0.0038,=27.3062,=15.6064,=11.2580
2013-11-04,=2380.4540,=2667.2400,=17383659112983.3027,=12697317608342,=4791677376118.2725,=9.0069,=0.0034,=27.3062,=15.6087,=11.2585
2013-11-01,=2384.9600,=2672.2900,=17411595102457.3008,=12715195225849,=4801188742905.6553,=9.0214,=0.0034,=27.3062,=15.6109,=11.2605
2013-10-31,=2373.7180,=2659.6900,=17314700231391.8047,=12651005184650,=4777605846072.9063,=8.9712,=0.0019,=27.3299,=15.6130,=11.2605
2013-10-30,=2407.4710,=2697.5100,=17447168327428.8926,=12745003189975,=4837383438041.7617,=9.1763,=0.0101,=27.3299,=15.6151,=11.2613
2013-10-29,=2372.0530,=2657.8300,=17205913615459.9004,=12557931532072,=4771589495462.1143,=9.1256,=0.0067,=27.3299,=15.6169,=11.2643
2013-10-28,=2365.9540,=2650.9900,=17119315344011.6953,=12504122867807,=4748587106175.7725,=9.0994,=0.0053,=27.3299,=15.6187,=11.2649
2013-10-25,=2368.5590,=2653.8700,=17113120024313.4941,=12488570268950,=4746681090539.6758,=9.1745,=0.0087,=27.3299,=15.6205,=11.2667
2013-10-24,=2400.5110,=2689.6700,=17327874977051.9941,=12641953877020,=4805209870342.1084,=9.2967,=0.0164,=27.3362,=15.6223,=11.2667
2013-10-23,=2418.4910,=2709.8200,=17486169392719.1973,=12753312152754,=4839305770722.1777,=9.3982,=0.0237,=27.3362,=15.6250,=11.2816
2013-10-22,=2445.8910,=2740.5200,=17640845021001.1055,=12873770185658,=4890617199824.0967,=9.5034,=0.0304,=27.3362,=15.6277,=11.2824
2013-10-21,=2471.3220,=2769.0200,=17787720323509.8008,=12976217369891,=4942338944270.8701,=9.5841,=0.0353,=27.3362,=15.6279,=11.2824
2013-10-18,=2426.0540,=2718.2900,=17534909105134.0957,=12789758687120,=4852673100026.6289,=9.4530,=0.0276,=27.3362,=15.6281,=11.2833
2013-10-17,=2413.3300,=2703.9900,=17486697382597.0996,=12758188162596,=4826813517803.2021,=9.4277,=0.0261,=27.3455,=15.6302,=11.2833
2013-10-16,=2421.3710,=2713,=17511102086723.7988,=12775793327249,=4843817529087.8340,=9.4408,=0.0266,=27.3455,=15.6323,=11.2846
2013-10-15,=2467.5170,=2764.7000,=17747116763129.8008,=12953974327190,=4936470390976.6279,=9.5701,=0.0334,=27.3455,=15.6341,=11.2848
2013-10-14,=2472.5420,=2770.3300,=17823401901191.7070,=12993846117927,=4947172323606.0049,=9.6118,=0.0349,=27.3455,=15.6360,=11.2970
2013-10-11,=2468.5080,=2765.8100,=17787933167418.8008,=12954379503249,=4964102139152.1387,=9.5943,=0.0334,=27.3455,=15.6362,=11.2994
2013-10-10,=2429.3170,=2721.9000,=17528030401235.1035,=12775670799516,=4886605804531.3154,=9.4541,=0.0267,=27.3477,=15.6365,=11.2994
2013-10-09,=2453.5830,=2749.0600,=17682799174444.4063,=12895599036472,=4936257771239.0039,=9.5375,=0.0315,=27.3477,=15.6378,=11.3097
2013-10-08,=2441.8110,=2735.8700,=17626334445536.0938,=12841994227607,=4911574364823.8096,=9.5071,=0.0286,=27.3477,=15.6390,=11.3255
2013-09-30,=2409.0370,=2699.1200,=17449665320494.1055,=12709423063988,=4847100084650.5078,=9.4118,=0.0243,=27.3477,=15.6400,=11.3302
2013-09-27,=2394.9710,=2683.3700,=17371251771789.9063,=12634264075368,=4809424519261.0723,=9.3695,=0.0228,=27.3477,=15.6409,=11.3344
2013-09-26,=2384.4430,=2671.5700,=17316070165530.1953,=12589182986619,=4787344769712.6709,=9.3397,=0.0194,=27.3480,=15.6411,=11.3344
2013-09-25,=2429.0300,=2721.5300,=17591684975061.7012,=12788261825734,=4876846520115.6094,=9.4872,=0.0253,=27.3480,=15.6414,=11.3505
2013-09-24,=2443.8850,=2738.1700,=17676460943991.6016,=12849573904394,=4906464728763.6201,=9.5329,=0.0287,=27.3480,=15.6474,=11.3507
2013-09-23,=2472.2880,=2769.9900,=17855318841829.3047,=12973169243127,=4965255074882.3115,=9.6294,=0.0316,=27.3480,=15.6533,=11.3607
2013-09-18,=2432.5100,=2725.4200,=17634499555273.5000,=12815478177655,=4885629423175.2988,=9.5103,=0.0268,=27.3480,=15.6537,=11.3732
2013-09-17,=2427.3220,=2719.6100,=17611900905761.1992,=12834910347069,=4872792022689.1572,=9.5006,=0.0258,=27.3486,=15.6542,=11.3732
2013-09-16,=2478.3900,=2776.8300,=17955474860939.1016,=13092118948422,=4975609446599.9697,=9.6909,=0.0332,=27.3486,=15.6554,=11.3746
2013-09-13,=2488.9020,=2788.6100,=18014740868479.0938,=13142041436091,=4995604265701.1748,=9.7229,=0.0371,=27.3486,=15.6566,=11.3798
2013-09-12,=2507.4550,=2809.3900,=18173652527679.5078,=13249734976012,=5033266089944.9346,=9.8086,=0.0410,=27.3486,=15.6572,=11.3843
2013-09-11,=2482.8890,=2781.3100,=18031934773100.1992,=13160075725391,=4980967073173.8428,=9.7321,=0.0371,=27.3486,=15.6579,=11.3855
2013-09-10,=2474.8940,=2772.3600,=17988497807683,=13119605469015,=4968064331002.3682,=9.7040,=0.0332,=27.3535,=15.6624,=11.3855
2013-09-09,=2440.6090,=2731.6800,=17850494013256.2031,=12996568888032,=4899952491861.8408,=9.6296,=0.0308,=27.3535,=15.6670,=11.3879
2013-09-06,=2357.7820,=2638.9700,=17185019641113.4980,=12531918595776,=4728821352982.1260,=9.2706,=0.0152,=27.3535,=15.6677,=11.3909
2013-09-05,=2341.7350,=2621.0100,=17095008931559.0996,=12442612837490,=4696120709717.9746,=9.2233,=0.0127,=27.3535,=15.6684,=11.3965
2013-09-04,=2350.6990,=2631.0500,=17131999587692.3965,=12472464066425,=4691557156249.9443,=9.2433,=0.0137,=27.3535,=15.6684,=11.4127
2013-09-03,=2354.5020,=2635.3000,=17140140311786.0938,=12479450949151,=4700305784510.8818,=9.2477,=0.0137,=27.3974,=15.6685,=11.4127
2013-09-02,=2320.3440,=2597.0700,=16929281167162.9004,=12324946536918,=4632649882866.2441,=9.1339,=0.0064,=27.3974,=15.6686,=11.4171
2013-08-30,=2313.9100,=2589.8700,=16902397132940.1016,=12314611683029,=4605706586365.0264,=9.1411,=0.0069,=27.3974,=15.6688,=11.4173
2013-08-29,=2318.3110,=2594.8000,=16913245240329.3984,=12322600015039,=4615385461484.4746,=9.2351,=0.0118,=27.3974,=15.6693,=11.4266
2013-08-28,=2328.0560,=2605.7000,=16976854476833.4902,=12373786264689,=4631081808766.1758,=9.3272,=0.0152,=27.3974,=15.6698,=11.4277
2013-08-27,=2340.8810,=2620.0100,=17044105617524.8965,=12418003619314,=4658986916506.4600,=9.3576,=0.0167,=27.3997,=15.6710,=11.4277
2013-08-26,=2335.6160,=2614.1200,=17040285656699.8008,=12409712035194,=4646654553150.1289,=9.3625,=0.0172,=27.3997,=15.6721,=11.4328
2013-08-23,=2286.9290,=2559.6300,=16752200028520.7969,=12197532821493,=4522330658929.3711,=9.2168,=0.0108,=27.3997,=15.6731,=11.4412
2013-08-22,=2303.9320,=2578.6600,=16852478243891.3926,=12278793960314,=4554826937454.4766,=9.3144,=0.0143,=27.3997,=15.6741,=11.4475
2013-08-21,=2308.5890,=2583.4200,=16908228667339.1992,=12317670076562,=4561575184414.3994,=9.3596,=0.0157,=27.3997,=15.6756,=11.4507
2013-08-20,=2312.4650,=2587.5400,=16924132206502.8965,=12329239213552,=4569180914102.7969,=9.3655,=0.0157,=27.4052,=15.6771,=11.4507
2013-08-19,=2331.4300,=2608.6500,=17057121884992.8965,=12432095637904,=4601036284441.4746,=9.4183,=0.0172,=27.4052,=15.6776,=11.4540
2013-08-16,=2304.1440,=2577.8400,=16956284479595,=12290162541649,=4546456796448.1826,=9.3708,=0.0158,=27.4052,=15.6781,=11.4632
2013-08-15,=2321.5760,=2597.0600,=17020474081315.9941,=12344950097128,=4571109140728.6426,=9.4122,=0.0163,=27.4052,=15.6787,=11.4675
2013-08-14,=2349.0800,=2627.6900,=17167683556264.5059,=12455261958804,=4623653604933.5762,=9.4973,=0.0173,=27.4052,=15.6792,=11.4718
2013-08-13,=2359.0680,=2638.8600,=17215880935200.6934,=12490344111564,=4642100604955.5850,=9.5246,=0.0183,=27.4096,=15.6802,=11.4718
2013-08-12,=2352.7940,=2631.8100,=17199802460792.8965,=12449513171915,=4629244957020.4385,=9.5266,=0.0183,=27.4096,=15.6811,=11.4766
2013-08-09,=2286.0100,=2557.1100,=16789162144133.7012,=12136342739891,=4496777251307.3135,=9.2979,=0.0128,=27.4096,=15.6814,=11.4771
2013-08-08,=2276.7820,=2546.5400,=16737553784484.5000,=12095964450467,=4481164700034.9561,=9.2732,=0.0119,=27.4096,=15.6817,=11.4821
2013-08-07,=2280.6230,=2549.7300,=16753208099037.4043,=12114381302178,=4488902068551.2217,=9.2811,=0.0119,=27.4096,=15.6821,=11.4884
2013-08-06,=2293.6410,=2564.2900,=16866065321719.4980,=12196936563803,=4514385941849.0078,=9.3511,=0.0138,=27.4125,=15.6824,=11.4884
2013-08-05,=2278.3290,=2546.9800,=16797091622832.2012,=12147176615826,=4486122017759.8564,=9.3125,=0.0124,=27.4125,=15.6864,=11.4969
2013-08-02,=2247.2630,=2512.0300,=16623309379883.9961,=12027604603909,=4424919790156.8779,=9.2162,=0.0104,=27.4125,=15.6905,=11.4985
2013-08-01,=2245.3640,=2509.8200,=16629957336542.9941,=12028175665327,=4422404484086.6201,=9.2184,=0.0104,=27.4125,=15.6948,=11.5010
2013-07-31,=2193.0210,=2451.3100,=16348489071501.9004,=11822550092411,=4319198991866.3818,=9.0624,=0.0040,=27.4125,=15.6991,=11.5105
2013-07-30,=2189.3880,=2446.5800,=16330215532609.6953,=11804623325765,=4316358537607.0151,=9.0626,=0.0040,=27.4212,=15.7014,=11.5105
2013-07-29,=2175.9700,=2431.5900,=16185152354804.6992,=11704525613443,=4289117216382.4561,=8.9840,=0.0020,=27.4212,=15.7037,=11.5167
2013-07-26,=2224.0080,=2485.1500,=16482966326403.7988,=11916030144617,=4383731967971.7178,=9.1480,=0.0055,=27.4212,=15.7057,=11.5212
2013-07-25,=2237.6830,=2500.1200,=16578438396029.8984,=11987498661808,=4408757451916.2227,=9.2008,=0.0074,=27.4212,=15.7077,=11.5291
2013-07-24,=2249.1510,=2511.9200,=16651302253646.4004,=12029942557510,=4431266564557.3574,=9.2412,=0.0079,=27.4212,=15.7108,=11.5380
2013-07-23,=2265.8450,=2529.3400,=16754109873433.3984,=12111276952919,=4464752954316.8535,=9.2983,=0.0080,=27.4224,=15.7139,=11.5380
2013-07-22,=2202.1890,=2458.2600,=16434438990603.8008,=11865574823237,=4340463293667.8301,=9.1209,=0.0045,=27.4224,=15.7143,=11.5463
2013-07-19,=2190.4780,=2442.4300,=16381168875468.9004,=11821675820770,=4318061663988.2891,=9.0913,=0.0035,=27.4224,=15.7148,=11.5465
2013-07-18,=2245.3280,=2503.4100,=16598250222122.4004,=11989890553966,=4424844430834.7227,=9.2118,=0.0065,=27.4224,=15.7171,=11.5497
2013-07-17,=2282.8360,=2544.5200,=16813150290570.9004,=12147841636524,=4499894034849.6318,=9.3310,=0.0065,=27.4224,=15.7193,=11.5498
2013-07-16,=2317.8480,=2582.9100,=17009499509235.4004,=12274911732161,=4569284955509.8623,=9.4400,=0.0080,=27.4432,=15.7202,=11.5498
2013-07-15,=2307.2970,=2570.9600,=16974235871569.8027,=11605339126670,=4548915332746.5518,=9.4204,=0.0075,=27.4432,=15.7210,=11.5508
2013-07-12,=2275.3730,=2535.2600,=16838972610420.3047,=11497896554889,=4486358368631.2148,=9.3454,=0.0065,=27.4432,=15.7231,=11.5547
2013-07-11,=2326.6880,=2592.2200,=17138586778253.2031,=11705622147646,=4589502053329.1719,=9.5117,=0.0075,=27.4432,=15.7251,=11.5766
2013-07-10,=2224.0650,=2473.0900,=16575689412989.7012,=11310835618291,=4385588632764.7559,=9.1993,=0.0060,=27.4432,=15.7288,=11.5768
2013-07-09,=2162.6690,=2404.5900,=16260593124736.3965,=11071289387854,=4265817307378.5479,=9.0244,=0.0025,=27.4746,=15.7325,=11.5768
2013-07-08,=2163.6190,=2405.4800,=16219518497682.0996,=11040430332302,=4267581723947.4482,=9.0016,=0.0020,=27.4746,=15.7350,=11.5848
2013-07-05,=2226.8490,=2473.3500,=16572790775874.6992,=11301952628245,=4387786770395.8560,=9.1976,=0.0045,=27.4746,=15.7375,=11.5878
2013-07-04,=2221.9790,=2466.8200,=16515623140766.7969,=11273810518458,=4378343087869.8242,=9.1659,=0.0035,=27.4746,=15.7388,=11.5885
2013-07-03,=2203.8280,=2445.7600,=16425611323868.4004,=11206752343520,=4343828450398.9268,=9.1160,=0.0025,=27.4746,=15.7402,=11.5925
2013-07-02,=2221.9840,=2463.4200,=16541133071664.3008,=11275228976815,=4375678235585.3418,=9.1801,=0.0030,=27.4754,=15.7458,=11.5925
2013-07-01,=2213.3170,=2453.7600,=16463659074547.5996,=11224569541100,=4360166224360.9678,=9.1371,=0.0025,=27.4754,=15.7515,=11.6029
2013-06-28,=2200.6390,=2438.2500,=16100740492211.0996,=11051506379809,=4305546677182.6211,=9.0470,=0.0020,=27.4754,=15.7542,=11.6095
2013-06-27,=2160.7350,=2391.7700,=15802856335825.5977,=10811402470134,=4226543393850.0718,=8.8796,=0.0005,=27.4754,=15.7570,=11.6138
2013-06-26,=2168.2970,=2398.0700,=15766689036345.2031,=10805941638679,=4241267990806.8301,=8.8593,=0,=27.4754,=15.7571,=11.6148
2013-06-25,=2165.4210,=2392.4900,=15863264765802.1055,=10888542251204,=4237065090978.9419,=8.9135,=0,=27.5164,=15.7571,=11.6148
2013-06-24,=2171.2100,=2398.4800,=15870922964785.8008,=10915781543335,=4247040302960.6909,=8.9178,=0,=27.5164,=15.7584,=11.6172
2013-06-21,=2317.3940,=2559.8000,=16743110987245.2969,=11539298973612,=4534573449683.6074,=9.4079,=0,=27.5164,=15.7596,=11.6182
2013-06-20,=2321.4660,=2562.6500,=16911538238557.4004,=11588303296809,=4539834751069.4336,=9.5026,=0,=27.5164,=15.7604,=11.6189
2013-06-19,=2400.7650,=2649.6900,=17402075658612.3965,=11926557526249,=4693418056144.9453,=9.7782,=0.0106,=27.5164,=15.7613,=11.6194
2013-06-18,=2418.7450,=2668.3600,=17538291245304.0996,=12014324181030,=4728164749658.0898,=9.8547,=0.0141,=27.5219,=15.7623,=11.6194
2013-06-17,=2403.8390,=2650.3700,=17514868339231.8984,=12001677766525,=4697682071923.6445,=9.8417,=0.0126,=27.5219,=15.7634,=11.6225
2013-06-14,=2416.7710,=2664.2000,=17598769411763.4922,=12049448140739,=4720952918521.9453,=9.8888,=0.0171,=27.5219,=15.7639,=11.6244
2013-06-13,=2399.9370,=2645.1700,=17507776447852.9004,=11992851437841,=4688245996787.1260,=9.8377,=0.0121,=27.5219,=15.7643,=11.6259
2013-06-07,=2484.1600,=2732.8900,=18015529340355.3008,=12360956072317,=4853103599581.3486,=10.1230,=0.0333,=27.5219,=15.7664,=11.6397
2013-06-06,=2527.8450,=2777.7300,=18263255960988.8047,=12543750278266,=4937923925832.6182,=10.2622,=0.0474,=27.5220,=15.7685,=11.6397
2013-06-05,=2560.5390,=2812.1100,=18469163437439.5039,=12693875824489,=5002322442399.0459,=10.3779,=0.0606,=27.5220,=15.7690,=11.6445
2013-06-04,=2565.6660,=2816.4500,=18489513666150.0039,=12708019234673,=5013802221841.2803,=10.3894,=0.0621,=27.5220,=15.7695,=11.6449
2013-06-03,=2602.6230,=2856.5700,=18680555885050.3047,=12846667147925,=5085831698584.6455,=10.4967,=0.0788,=27.5220,=15.7711,=11.6503
2013-05-31,=2606.4260,=2856.7600,=18676793235159.4063,=12842388526432,=5092108960180.2285,=10.4946,=0.0779,=27.5220,=15.7727,=11.6520
2013-05-30,=2634.3230,=2886.8200,=18831771807437.3984,=12952030036145,=5146112255470.3652,=10.5817,=0.0885,=27.5387,=15.7733,=11.6520
2013-05-29,=2642.5610,=2895.6400,=18905281031394,=12997708048586,=5161898455156.3496,=10.6230,=0.0896,=27.5387,=15.7740,=11.6787
2013-05-28,=2644.3590,=2897.5700,=18904440915911.8984,=13003396439822,=5166510500417.7529,=10.6225,=0.0891,=27.5387,=15.7758,=11.6838
2013-05-27,=2599.5870,=2848.3400,=18632351881387.5977,=12770982046602,=5076650696936.3828,=10.4707,=0.0740,=27.5387,=15.7776,=11.6855
2013-05-24,=2597.2280,=2845.3400,=18634387515917.3008,=12771925126315,=5070767688270.3809,=10.4718,=0.0740,=27.5387,=15.7806,=11.6893
2013-05-23,=2582.8490,=2829.1600,=18569313482769.9883,=12720227022483,=5042396842443.5732,=10.4353,=0.0674,=27.5412,=15.7836,=11.6893
2013-05-22,=2618.0340,=2866.7400,=18805482007878.1016,=12872042443754,=5112311410866.0557,=10.5680,=0.0857,=27.5412,=15.7861,=11.7005
2013-05-21,=2614.8530,=2862.8000,=18808913793793.2969,=12876394306029,=5106122602580.3623,=10.5699,=0.0863,=27.5412,=15.7886,=11.7039
2013-05-20,=2609.6070,=2857,=18789675756194.5039,=12863565659442,=5098144435096.3506,=10.5591,=0.0853,=27.5412,=15.7917,=11.7062
2013-05-17,=2592.0480,=2836.8700,=18676530446975.6992,=12777734958952,=5061720714007.5137,=10.4955,=0.0767,=27.5412,=15.7948,=11.7068
2013-05-16,=2552.7090,=2793.6500,=18382662961884.4961,=12585072759121,=4985946380958.1084,=10.3304,=0.0549,=27.5422,=15.7968,=11.7068
2013-05-15,=2506.9250,=2742.3500,=18137347060327.7969,=12406969393856,=4895215489935.2500,=10.1925,=0.0422,=27.5422,=15.7987,=11.7100
2013-05-14,=2493.3380,=2727.3000,=18082541759898.6953,=12368487239326,=4869574417345.8438,=10.1617,=0.0397,=27.5422,=15.7997,=11.7142
2013-05-13,=2530.7680,=2768.0700,=18316383503624.9961,=12533693838499,=4942738532293.2754,=10.2931,=0.0504,=27.5422,=15.8007,=11.7251
2013-05-10,=2540.8360,=2779.0500,=18394376996514.2109,=12584121642342,=4963386998194.3301,=10.3370,=0.0540,=27.5422,=15.8021,=11.7296
2013-05-09,=2527.7940,=2764.7500,=18314585357221.0977,=12526796880151,=4938216617993.2656,=10.2921,=0.0489,=27.5535,=15.8035,=11.7296
2013-05-08,=2542.7980,=2781.0700,=18421320778843.6953,=12604725482512,=4967897461423.9268,=10.3521,=0.0556,=27.5535,=15.8106,=11.7359
2013-05-07,=2529.9380,=2767,=18315193775436.8047,=12549389047178,=4943718186315.2070,=10.2925,=0.0490,=27.5535,=15.8177,=11.7403
2013-05-06,=2525.9830,=2762.6200,=18298027095311.7031,=12533942819350,=4937656700893.0488,=10.2828,=0.0480,=27.5535,=15.8181,=11.7411
2013-05-03,=2492.9120,=2726.4600,=18102523095178.6953,=12377597305117,=4873287361807.8896,=10.1730,=0.0403,=27.5535,=15.8185,=11.7432
2013-05-02,=2449.6390,=2678.4900,=17846542978079,=12204342624111,=4786766088181.9336,=10.0271,=0.0235,=27.5881,=15.8186,=11.7432
2013-04-26,=2447.3060,=2675.9300,=17854332708982.7969,=12211283283071,=4769009511396.4043,=10.1613,=0.0389,=27.5881,=15.8187,=11.7492
2013-04-25,=2467.8750,=2698.3600,=18002087370416.6016,=12307833318765,=4796306090851.9072,=10.2984,=0.0481,=27.5881,=15.8290,=11.8211
2013-04-24,=2495.5790,=2728.6500,=18133461942193.5977,=12404181708287,=4843904197263.4785,=10.3955,=0.0568,=27.5881,=15.8394,=11.8241
2013-04-23,=2449.4710,=2678.2400,=17874245141212.7969,=12219230217865,=4753493323590.2158,=10.2606,=0.0451,=27.5881,=15.8403,=11.8710
2013-04-22,=2530.6700,=2766.9900,=18333173273437.6992,=12551172198430,=4908214920592.6816,=10.5431,=0.0774,=27.5944,=15.8412,=11.8710
2013-04-19,=2533.8270,=2770.3100,=18367247376260.1016,=12581883057791,=4905764548061.0684,=10.5693,=0.0774,=27.5944,=15.8431,=11.8859
2013-04-18,=2464.8510,=2694.9000,=17964221197476.8047,=12311260576021,=4770825887496.5195,=10.3400,=0.0508,=27.5944,=15.8450,=11.9447
2013-04-17,=2458.4730,=2687.9200,=17936489284385.3945,=12289621552513,=4757666603756.8320,=10.3396,=0.0503,=27.5944,=15.8451,=12.0711
2013-04-16,=2459.5920,=2689.1500,=17969118580748.1016,=12294918856414,=4761129318698.8633,=10.3582,=0.0524,=27.5944,=15.8451,=12.1030
2013-04-15,=2436.8180,=2664.2200,=17867870503138.9023,=12213949515347,=4714576571451.9912,=10.3001,=0.0478,=27.6017,=15.8458,=12.1030
2013-04-12,=2462.1120,=2691.7700,=18047911148154.6016,=12356648620470,=4761213072892.3389,=10.4035,=0.0550,=27.6017,=15.8464,=12.1070
2013-04-11,=2477.8760,=2708.8200,=18135711132961.3984,=12418114404394,=4791595856366.5713,=10.4640,=0.0632,=27.6017,=15.8466,=12.1161
2013-04-10,=2485.3090,=2716.8500,=18173699291789.6055,=12452385011230,=4805289591973.2178,=10.4840,=0.0658,=27.6017,=15.8467,=12.1570
2013-04-09,=2489.4300,=2721.3500,=18175822036628.4023,=12443750274587,=4813258726197.0449,=10.4876,=0.0659,=27.6017,=15.8497,=12.2178
2013-04-08,=2472.2990,=2702.6200,=18082622337140.1055,=12373436345602,=4784115329848.5566,=10.4357,=0.0582,=27.6057,=15.8526,=12.2178
2013-04-03,=2483.5470,=2714.9200,=18188809831721.3047,=12454150201878,=4806736809950.8184,=10.5003,=0.0659,=27.6057,=15.8599,=12.2854
2013-04-02,=2486.3910,=2718,=18177706074629.8008,=12448799084675,=4810457091473.7119,=10.5023,=0.0670,=27.6057,=15.8671,=12.2971
2013-04-01,=2493.1870,=2725.4300,=18191384017393.5000,=12469000957110,=4806916456470.6396,=10.5169,=0.0691,=27.6057,=15.8677,=12.3174
2013-03-29,=2495.0830,=2727.5100,=18222749789702.1094,=12440502639509,=4814096766690.9561,=10.5182,=0.0691,=27.6057,=15.8683,=12.3746
2013-03-28,=2499.3020,=2732.1200,=18227299087084.7070,=12450864578066,=4819172666895.1621,=10.4525,=0.0614,=27.6130,=15.8696,=12.3746
2013-03-27,=2583.5300,=2824.1900,=18741833586388.5000,=12792341163953,=4985260538153.4873,=10.7469,=0.0770,=27.6130,=15.8708,=12.4186
2013-03-26,=2575.0500,=2814.9200,=18723560142196.7031,=12771459558379,=4959813309843.9131,=10.8292,=0.0827,=27.6130,=15.8730,=12.4765
2013-03-25,=2613.0970,=2856.5100,=18983404219667.5039,=12938504198180,=5032216687604.5371,=10.9819,=0.1003,=27.6130,=15.8751,=12.4842
2013-03-22,=2618.3080,=2862.2100,=18985021534220.1016,=12960594617166,=5048647808506.5020,=11.0660,=0.1097,=27.6130,=15.8753,=12.4881
2013-03-21,=2614.9880,=2858.5800,=18961005422207.3008,=12942477350790,=5040509301061.3262,=11.0503,=0.1082,=27.6131,=15.8756,=12.4881
2013-03-20,=2610.1740,=2853.2200,=18932156159401.9063,=12914373660214,=5031258750867.6992,=11.0345,=0.1062,=27.6131,=15.8763,=12.4920
2013-03-19,=2525.0970,=2760.2200,=18418107212635.4023,=12573649921070,=4858940553574.9434,=10.7469,=0.0772,=27.6131,=15.8770,=12.4995
2013-03-18,=2502.4930,=2735.4100,=18271265286866.1055,=12469347492990,=4816953204952.7705,=10.6623,=0.0726,=27.6131,=15.8831,=12.5011
2013-03-15,=2539.8730,=2776.2700,=18615146963867.0039,=12691938741525,=4891661382478.8652,=10.8613,=0.0840,=27.6131,=15.8893,=12.5125
2013-03-14,=2534.2730,=2770.1500,=18518863226861.3984,=12638613693400,=4881451701248.9912,=10.8047,=0.0789,=27.6342,=15.8933,=12.5125
2013-03-13,=2527.4860,=2762.7300,=18453437733754,=12614384519593,=4868257632547.9121,=10.7718,=0.0779,=27.6342,=15.8973,=12.5477
2013-03-12,=2555.6150,=2793.4800,=18625210189088.9023,=12741888135544,=4921727104743.4912,=10.8740,=0.0836,=27.6342,=15.9007,=12.5683
2013-03-11,=2592.3720,=2833.6500,=18778812406626.1953,=12846840761184,=4992697717997.5781,=10.9630,=0.0967,=27.6342,=15.9041,=12.6436
2013-03-08,=2606.9270,=2849.5600,=18855878828123.1055,=12898687759142,=5021677596837.9092,=11.0097,=0.0998,=27.6342,=15.9054,=12.6856
2013-03-07,=2619.4790,=2863.2800,=18887491557750.1055,=12930928552792,=5036325474445.2402,=11.0320,=0.1020,=27.6408,=15.9066,=12.6856
2013-03-06,=2650.2020,=2896.8700,=19093593652741.2031,=13045598976393,=5098195923745.3076,=11.1524,=0.1187,=27.6408,=15.9101,=12.7169
2013-03-05,=2622.8070,=2866.9200,=18955658727586.3945,=12933398220854,=5045841336569.6113,=11.0718,=0.1057,=27.6408,=15.9135,=12.7207
2013-03-04,=2545.7150,=2782.6600,=18511106959882.1992,=12646877566852,=4895249754562.3613,=10.8122,=0.0792,=27.6408,=15.9164,=12.7393
2013-03-01,=2668.8360,=2917.2300,=19228849913473.1992,=13141578935100,=5134912594202.3203,=11.2316,=0.1283,=27.6408,=15.9193,=12.7396
2013-02-28,=2673.3270,=2922.1400,=19319563520626.3984,=13195912145392,=5144988015934.9707,=11.2846,=0.1377,=27.6409,=15.9223,=12.7396
2013-02-27,=2594.6770,=2836.1700,=18879919829586,=12895765431525,=4992288510406.9893,=11.0383,=0.1018,=27.6409,=15.9252,=12.7460
2013-02-26,=2567.5950,=2806.5700,=18700122022985.1992,=12772584876441,=4940468476612.5674,=10.9342,=0.0909,=27.6409,=15.9275,=12.7693
2013-02-25,=2604.9600,=2847.4100,=18961066907436.7969,=12922294035345,=5011689342778.6582,=11.0868,=0.1087,=27.6409,=15.9299,=12.8042
2013-02-22,=2596.6040,=2838.2800,=18900042205246.1992,=12875324297982,=4995726499285.2383,=11.0511,=0.1025,=27.6409,=15.9311,=12.8201
2013-02-21,=2610.5490,=2853.5200,=19015804525022.8984,=12943278444157,=5023521326677.5908,=11.1188,=0.1119,=27.6414,=15.9323,=12.8201
2013-02-20,=2702.6350,=2954.1800,=19627814799189.8945,=13304418066148,=5202233950148.7412,=11.4766,=0.1518,=27.6414,=15.9346,=12.8682
2013-02-19,=2685.6060,=2935.5700,=19552808611511.1016,=13239035356480,=5170881584018.9209,=11.4328,=0.1476,=27.6414,=15.9369,=12.8699
2013-02-18,=2737.4710,=2992.2600,=19870052836951.2969,=13464390861217,=5269911768322.0186,=11.6194,=0.1671,=27.6414,=15.9417,=12.8898
2013-02-08,=2771.7250,=3029.7000,=20008708901640.9961,=13554152429338,=5337212489291.5537,=11.7005,=0.1735,=27.6414,=15.9464,=12.8973
2013-02-07,=2759.8700,=3016.7400,=19913657656979.6016,=13474465224655,=5317653849915.3486,=11.6449,=0.1699,=27.6987,=15.9482,=12.8973
2013-02-06,=2775.8440,=3034.2000,=20081791432005.6992,=13565790516459,=5350113232177.6563,=11.7432,=0.1784,=27.6987,=15.9500,=12.9198
2013-02-05,=2771.6750,=3029.6500,=20078088310129.1992,=13575259922520,=5338132845820.6992,=11.7411,=0.1780,=27.6987,=15.9545,=12.9300
2013-02-04,=2748.0280,=3003.8000,=20069298793024.1016,=13530654455306,=5296733986603.5000,=11.7359,=0.1770,=27.6987,=15.9590,=12.9331
2013-02-01,=2743.3240,=2998.6600,=19989588308913.8984,=13494171001987,=5287507158755.0313,=11.6893,=0.1729,=27.6987,=15.9596,=12.9331
2013-01-31,=2686.8820,=2936.9600,=19660479079832.4961,=13286626784061,=5173752515688.1611,=11.4969,=0.1535,=27.6997,=15.9602,=12.9331
2013-01-30,=2688.7110,=2938.9600,=19617594513581.5977,=13279101434523,=5175515480224.4902,=11.4718,=0.1515,=27.6997,=15.9611,=12.9515
2013-01-29,=2675.8660,=2924.9200,=19375427551792.3984,=13141983269114,=5149176294304.6133,=11.3302,=0.1389,=27.6997,=15.9620,=12.9603
2013-01-28,=2651.8630,=2898.6800,=19293773893445.4961,=13076748725825,=5102016445697.1719,=11.2824,=0.1353,=27.6997,=15.9637,=12.9702
2013-01-25,=2571.6740,=2811.0300,=18836152923575.8047,=12763726727731,=4946827461544.4111,=11.0148,=0.1001,=27.6997,=15.9653,=12.9802
2013-01-24,=2582.7550,=2823.1400,=18953632848499.8984,=12829678594661,=4970468143300.1475,=11.0835,=0.1060,=27.7132,=15.9663,=12.9802
2013-01-23,=2607.4560,=2850.1400,=19034846226411.1953,=12907774760319,=5016757161610.2949,=11.1310,=0.1123,=27.7132,=15.9673,=12.9806
2013-01-22,=2596.8980,=2838.6000,=18984825386321.5938,=12883941530802,=4995513828224.5215,=11.1018,=0.1082,=27.7132,=15.9674,=12.9868
2013-01-21,=2610.8980,=2853.9000,=19043024254433.3945,=12946031529698,=5020361152245.0889,=11.1358,=0.1130,=27.7132,=15.9674,=13.0097
2013-01-18,=2595.4390,=2837.0100,=18990567514524.2031,=12894405282469,=4993074186465.1797,=11.1051,=0.1083,=27.7132,=15.9706,=13.0103
2013-01-17,=2552.7580,=2790.3500,=18733039125275.8047,=12715301412256,=4909935614202.6426,=10.9545,=0.0946,=27.7386,=15.9737,=13.0103
2013-01-16,=2577.0920,=2816.9500,=18936497263559.8008,=12854482323645,=4958238695689.7070,=11.0735,=0.1042,=27.7386,=15.9759,=13.0177
2013-01-15,=2595.8560,=2837.4600,=19105117912550.3984,=12954985924145,=4995700155186.8164,=11.1721,=0.1138,=27.7386,=15.9781,=13.0209
2013-01-14,=2577.7250,=2817.6400,=19040195474219.1055,=12909581842041,=4960502045141.9199,=11.1342,=0.1112,=27.7386,=15.9781,=13.0485
2013-01-11,=2483.2300,=2714.3500,=18462333413104.1992,=12510425211369,=4776047174643.7813,=10.7962,=0.0794,=27.7386,=15.9781,=13.0556
2013-01-10,=2530.5690,=2766.1000,=18738573151075.5000,=12714955018021,=4867746523809.8008,=10.9578,=0.0943,=27.7705,=15.9891,=13.0556
2013-01-09,=2526.1260,=2761.2400,=18674107513085.6992,=12676871802626,=4858260738305.0957,=10.9201,=0.0885,=27.7705,=16.0001,=13.0805
2013-01-08,=2525.3300,=2760.3700,=18685032802559.1055,=12671969579621,=4857927105093.5703,=10.9265,=0.0897,=27.7705,=16.0023,=13.0849
2013-01-07,=2535.9850,=2772.0200,=18813662633387.1016,=12747427621249,=4881200209064.5029,=11.0017,=0.0971,=27.7705,=16.0045,=13.1040
2013-01-04,=2524.4090,=2759.3700,=18744396273514.8008,=12691441174040,=4858147640080.8896,=10.9612,=0.0935,=27.7705,=16.0058,=13.1088
2012-12-31,=2522.9520,=2757.7700,=18481676343192.7930,=12620524187142,=4820589292391.1084,=11.0052,=0.0967,=27.7740,=16.0071,=13.1088
2012-12-28,=2480.0490,=2710.8800,=18173975183503.6953,=12370722437315,=4723902785104.6582,=10.8219,=0.0813,=27.7740,=16.0095,=13.1143
2012-12-27,=2444.5940,=2672.1200,=17960424759461.4961,=12211366155340,=4654245818371.8096,=10.6948,=0.0766,=27.7740,=16.0118,=13.1181
2012-12-26,=2457.6190,=2686.3600,=18059118437859.6953,=12269677535928,=4680690524683.1514,=10.7535,=0.0782,=27.7740,=16.0152,=13.1270
2012-12-25,=2448.3950,=2676.2800,=18042667651041.6992,=12251085024298,=4663775257071.6582,=10.7437,=0.0777,=27.7740,=16.0185,=13.1544
2012-12-24,=2381.2170,=2602.8500,=17579302577604.6992,=11942085975675,=4535570024580.4111,=10.4678,=0.0645,=27.7871,=16.0260,=13.1544
2012-12-21,=2372.0020,=2592.7700,=17542465842197.0996,=11903644131163,=4517104501515.4111,=10.4459,=0.0613,=27.7871,=16.0335,=13.1558
2012-12-20,=2384.8160,=2606.7800,=17682767450199.7969,=11987091736319,=4541535008312.8037,=10.5294,=0.0699,=27.7871,=16.0338,=13.1561
2012-12-19,=2371.1090,=2591.8000,=17636202968280.7031,=11947891854533,=4514829155259.6992,=10.5017,=0.0672,=27.7871,=16.0341,=13.1759
2012-12-18,=2368.1200,=2588.5300,=17631716671238.3945,=11941483398959,=4509541969716.7695,=10.4990,=0.0662,=27.7871,=16.0390,=13.1800
2012-12-17,=2366.7000,=2586.9800,=17600265184389.1055,=11929231359222,=4506372514386.5996,=10.4803,=0.0652,=27.8462,=16.0439,=13.1800
2012-12-14,=2355.8650,=2575.1300,=17546309294513.5000,=11816895835421,=4485596447543.7373,=10.4482,=0.0620,=27.8462,=16.0441,=13.1833
2012-12-13,=2242.6350,=2451.3700,=16805220051309.8008,=11321166605457,=4266221640638.7900,=10.0069,=0.0241,=27.8462,=16.0444,=13.1856
2012-12-12,=2267.7670,=2478.8400,=16965305717239.5000,=11436001636239,=4314827717217.9482,=10.1022,=0.0300,=27.8462,=16.0481,=13.1920
2012-12-11,=2258.5000,=2468.7100,=16895865396290.6992,=11380739181642,=4297028956139.6270,=10.0609,=0.0252,=27.8462,=16.0517,=13.1950
2012-12-10,=2271.0460,=2482.4200,=16956365592912.2051,=11426420631779,=4320629219678.3188,=10.0969,=0.0273,=27.9078,=16.0586,=13.1950
2012-12-07,=2246.7570,=2455.8700,=16798841188157.9004,=11328681067825,=4273718553649.0029,=10.0031,=0.0230,=27.9078,=16.0655,=13.2041
2012-12-06,=2203.6020,=2408.7000,=16564224333015.5977,=11156735140489,=4191287948913.6602,=9.8634,=0.0150,=27.9078,=16.0663,=13.2330
2012-12-05,=2207.8780,=2413.3700,=16583083866337,=11176182662603,=4199030583277.5308,=9.8746,=0.0156,=27.9078,=16.0670,=13.2393
2012-12-04,=2131.4730,=2329.8600,=16130432342188.6992,=10868602154976,=4052196859477.9321,=9.6051,=0.0016,=27.9078,=16.0699,=13.2444
2012-12-03,=2108.8500,=2305.1300,=16018727473577.0938,=10778494779044,=4008950777499.8911,=9.5386,=0,=27.9090,=16.0729,=13.2444
2012-11-30,=2139.6610,=2338.8100,=16156342366024.4004,=10887706769321,=4065889863847.0601,=9.6205,=0.0016,=27.9090,=16.0785,=13.2569
2012-11-29,=2115.6760,=2312.5900,=16042861023455.2969,=10798959756254,=4019596429949.5659,=9.5529,=0,=27.9090,=16.0840,=13.2589
2012-11-28,=2129.1610,=2327.3300,=16114381389408.5000,=10849165804015,=4046769186922.2422,=9.5955,=0,=27.9090,=16.0870,=13.2593
2012-11-27,=2150.6380,=2350.8100,=16203522012605.1992,=10925447640999,=4087590021843.7598,=9.6486,=0.0005,=27.9090,=16.0899,=13.2634
2012-11-26,=2175.5990,=2378.0900,=16317337945251.6035,=11005935661732,=4135563755740.9063,=9.7164,=0.0032,=27.9126,=16.0947,=13.2634
2012-11-23,=2192.6760,=2396.7600,=16400183200294.4023,=11068892989023,=4167807520845.3179,=9.7657,=0.0059,=27.9126,=16.0994,=13.2684
2012-11-22,=2177.5460,=2380.2200,=16306653358599.1934,=10998329007820,=4138437082587.2402,=9.7100,=0.0027,=27.9126,=16.1014,=13.2715
2012-11-21,=2194.8960,=2399.1800,=16413316791540.2012,=11074415313833,=4170553250754.7808,=9.7735,=0.0054,=27.9126,=16.1034,=13.2753
2012-11-20,=2164.8810,=2366.3800,=16247337624735.4004,=10954940229457,=4112369532840.9702,=9.6747,=0.0011,=27.9126,=16.1131,=13.2915
2012-11-19,=2174.9850,=2377.4200,=16318972365031.8086,=10999101315952,=4132800104419.1489,=9.7173,=0.0022,=27.9503,=16.1227,=13.2915
2012-11-16,=2177.2400,=2379.8800,=16327592324502.1992,=10988445335895,=4137691960679.0122,=9.7225,=0.0032,=27.9503,=16.1299,=13.2943
2012-11-15,=2193.6230,=2397.7900,=16456002817643.7949,=11088469806872,=4168744842177.5591,=9.7989,=0.0043,=27.9503,=16.1371,=13.3018
2012-11-14,=2223.1100,=2430.0200,=16639025907112.4004,=11216545738534,=4223769556906.3218,=9.9079,=0.0103,=27.9503,=16.1446,=13.3034
2012-11-13,=2212.4400,=2418.3600,=16579992711523.6992,=11166540119378,=4203574414206.3892,=9.8728,=0.0076,=27.9503,=16.1520,=13.3093
2012-11-12,=2251.8480,=2461.4400,=16803176879578.5020,=11332869034285,=4278866784927.2280,=10.0057,=0.0135,=27.9739,=16.1561,=13.3093
2012-11-09,=2240.9240,=2449.5000,=16738812912647.5977,=11284859810242,=4258273377371.0889,=9.9673,=0.0119,=27.9739,=16.1602,=13.3093
2012-11-08,=2245.4050,=2454.3500,=16757440895669.5000,=11305733094045,=4266688151030.6182,=9.9784,=0.0119,=27.9739,=16.1655,=13.3149
2012-11-07,=2287.5050,=2500.3700,=16989779136784.4023,=11480788798036,=4346674299165.7012,=10.1168,=0.0201,=27.9739,=16.1709,=13.3181
2012-11-06,=2292.2060,=2505.5100,=16994102790939.0977,=11479745550526,=4355591363301.9409,=10.1195,=0.0201,=27.9739,=16.1737,=13.3332
2012-11-05,=2301.8800,=2516.0800,=17042159461683.9961,=11505992876717,=4372838998133.5190,=10.1481,=0.0228,=28.0029,=16.1766,=13.3332
2012-11-02,=2306.7740,=2521.4300,=17075289127116.5996,=11520867669011,=4382983518670.5708,=10.1678,=0.0255,=28.0029,=16.1768,=13.3381
2012-11-01,=2297.8840,=2511.6600,=16983007224404.0957,=11464225686588,=4366612660942.0518,=10.1128,=0.0179,=28.0029,=16.1770,=13.3399
2012-10-31,=2254.8200,=2464.5900,=16690457436848.6074,=11264505650163,=4284358313313.9624,=9.9386,=0.0109,=28.0029,=16.1789,=13.3458
2012-10-30,=2239.8820,=2448.2600,=16631606957050.8965,=11222800237225,=4247379655958.1870,=9.9180,=0.0098,=28.0029,=16.1808,=13.3466
2012-10-29,=2235.8540,=2443.8600,=16595321752023.4004,=11194557260996,=4214822555552.9541,=9.8633,=0.0071,=28.0105,=16.1819,=13.3466
2012-10-26,=2247.9070,=2457.0300,=16659906776546.3965,=11236974094476,=4222608801263.5059,=9.9054,=0.0087,=28.0105,=16.1830,=13.3482
2012-10-25,=2291.2390,=2504.4000,=16926148177680.1953,=11420551786683,=4307834618340.0190,=10.0971,=0.0136,=28.0105,=16.1860,=13.3485
2012-10-24,=2307.7790,=2522.4800,=17028010955042.3965,=11493018967984,=4337541758484.6421,=10.1348,=0.0180,=28.0105,=16.1889,=13.3621
2012-10-23,=2312.0770,=2527.1700,=17036028268308.2012,=11498479185056,=4344525327171.0469,=10.1470,=0.0185,=28.0105,=16.1926,=13.3683
2012-10-22,=2341.5920,=2559.4000,=17198157371129.5000,=11604727719462,=4397691230262.0571,=10.2388,=0.0262,=28.0131,=16.1963,=13.3683
2012-10-19,=2332.4700,=2549.4300,=17161782187204.1016,=11572932693949,=4379532472961.6230,=10.2192,=0.0240,=28.0131,=16.1977,=13.3683
2012-10-18,=2336.0770,=2553.2400,=17184960134500.0039,=11588572051977,=4385840818936.0459,=10.2357,=0.0251,=28.0131,=16.1992,=13.3740
2012-10-17,=2300.8030,=2514.6300,=16987525911553.0996,=11443856714058,=4317725304833.8184,=10.1166,=0.0164,=28.0131,=16.2073,=13.3770
2012-10-16,=2298.1620,=2511.7500,=16944478730953.1992,=11411380411587,=4313269975531.6421,=10.0923,=0.0120,=28.0131,=16.2153,=13.3798
2012-10-15,=2294.8570,=2508.1300,=16946375423723.5996,=11413840733363,=4307344179816.7969,=10.0935,=0.0126,=28.0155,=16.2189,=13.3798
2012-10-12,=2304.5310,=2518.7100,=16983496110917.5996,=11422464004439,=4324730129931.0181,=10.1156,=0.0142,=28.0155,=16.2225,=13.3914
2012-10-11,=2302.5330,=2516.5200,=16945690641861.4043,=11410185216085,=4320889577356.1299,=10.0931,=0.0121,=28.0155,=16.2234,=13.3969
2012-10-10,=2324.1170,=2540.1100,=17056843629837.0020,=11493309227119,=4361536954331.8838,=10.1593,=0.0181,=28.0155,=16.2243,=13.3972
2012-10-09,=2320.1570,=2535.7900,=17041791700193.4941,=11480615730942,=4355324473827.5571,=10.1503,=0.0159,=28.0155,=16.2271,=13.3992
2012-10-08,=2270.0540,=2481.0300,=16722401137048.3965,=11264042061675,=4261478515532.8101,=9.9601,=0.0093,=28.0726,=16.2300,=13.3992
2012-09-28,=2293.1060,=2506.2200,=16837110978396.5957,=11356262454239,=4302845373720.4902,=10.0284,=0.0099,=28.0726,=16.2326,=13.4018
2012-09-27,=2251.7170,=2460.9300,=16591942015989.4004,=11185381908580,=4226712124906.7866,=9.8824,=0.0071,=28.0726,=16.2352,=13.4023
2012-09-26,=2184.8910,=2387.8900,=16142104576443.9004,=10874764861865,=4101316225646.6641,=9.6144,=0,=28.0726,=16.2372,=13.4036
2012-09-25,=2210.1540,=2415.2300,=16302355127692.8008,=10996683153873,=4148170855142.9131,=9.7099,=0.0011,=28.0726,=16.2393,=13.4075
2012-09-24,=2215.5160,=2421.0900,=16317494662633.2891,=11001110316718,=4157548777162.3540,=9.7189,=0.0011,=28.0812,=16.2414,=13.4075
2012-09-21,=2199.0630,=2403.1100,=16264242873359.8008,=10959731592776,=4126225693729.4980,=9.6872,=0.0006,=28.0812,=16.2435,=13.4150
2012-09-20,=2195.9510,=2399.7100,=16237512432018.9980,=10923453093415,=4121099732888.6221,=9.6713,=0,=28.0812,=16.2512,=13.4170
2012-09-19,=2246.2360,=2454.6600,=16540921341193.2031,=11141656809458,=4213900287272.4619,=9.8520,=0.0033,=28.0812,=16.2589,=13.4170
2012-09-18,=2235.2390,=2442.6400,=16494342260091.2969,=11107037097735,=4193316955129.4590,=9.8242,=0.0022,=28.0812,=16.2635,=13.4182
2012-09-17,=2258.7050,=2468,=16670372303928.3066,=11226009358557,=4236339819931.8374,=9.9291,=0.0044,=28.0958,=16.2682,=13.4182
2012-09-14,=2315.5420,=2529.8700,=17007083654330.2988,=11459471022090,=4342596141268.4639,=10.1296,=0.0088,=28.0958,=16.2739,=13.4187
2012-09-13,=2298.4610,=2511.2100,=16876257416376.1992,=11371843168360,=4310830140527.5518,=10.0517,=0.0050,=28.0958,=16.2796,=13.4220
2012-09-12,=2320.0710,=2534.8200,=16984688405611.3008,=11451525693929,=4351104396577.3223,=10.1163,=0.0072,=28.0958,=16.2820,=13.4229
2012-09-11,=2311.8900,=2525.8800,=16960685962207.5996,=11430343544246,=4336352997656.3130,=10.1020,=0.0061,=28.0958,=16.2843,=13.4352
2012-09-10,=2326.6660,=2542.0300,=17083770639178.3047,=11513836759252,=4364685820235.3359,=10.1753,=0.0094,=28.0967,=16.2844,=13.4352
2012-09-07,=2317.1790,=2531.6300,=17050153078349.6055,=11481265058071,=4347611859244.3711,=10.1553,=0.0083,=28.0967,=16.2846,=13.4535
2012-09-06,=2217.8230,=2423.0800,=16416867318578.5020,=11051372981253,=4161650251708.8042,=9.7781,=0.0011,=28.0967,=16.2864,=13.4615
2012-09-05,=2199.8750,=2403.4700,=16318119012517.7012,=10983631864623,=4128056948590.8042,=9.7193,=0,=28.0967,=16.2883,=13.4660
2012-09-04,=2204.4070,=2408.4200,=16391998937075.6992,=11024795765496,=4136669062853.6792,=9.7633,=0,=28.0967,=16.2900,=13.4712
2012-09-03,=2228.3690,=2434.6000,=16539244424740.6895,=11114606120935,=4181299627097.1221,=9.8510,=0.0006,=28.1018,=16.2916,=13.4712
2012-08-31,=2204.8680,=2407.0700,=16462614729066.6016,=11047637393469,=4137527951319.5098,=9.8053,=0,=28.1018,=16.2937,=13.4736
2012-08-30,=2211.3700,,=16526741330191.4023,=11086805565138,=4144480891113.5518,=9.8594,=0,=28.1018,=16.2958,=13.4767
2012-08-29,=2214.8140,,=16492232381368.9004,=11069254115923,=4144416616086.9990,=9.8850,=0,=28.1018,=16.2968,=13.4779
2012-08-28,=2238.4110,,=16653816111650.9063,=11191302874142,=4191516769613.3232,=9.9880,=0.0006,=28.1018,=16.2977,=13.4791
2012-08-27,=2228.2040,,=16529511474810.5996,=11098145743577,=4168709010832.8550,=9.8984,=0,=28.1157,=16.3050,=13.4791
2012-08-24,=2275.6770,,=16794994787023.4043,=11284613503855,=4251128454493.1128,=10.0653,=0,=28.1157,=16.3123,=13.4811
2012-08-23,=2302.1990,,=16916515116617.8027,=11385615495438,=4297658029529.9199,=10.1280,=0.0011,=28.1157,=16.3198,=13.4817
2012-08-22,=2295.5860,,=16875979936182.3965,=11371284799793,=4293603815387.7100,=10.0989,=0,=28.1157,=16.3273,=13.4875
2012-08-21,=2313.7030,,=16965622779628.3965,=11436819872006,=4327567405047.2109,=10.1454,=0.0006,=28.1157,=16.3367,=13.4987
2012-08-20,=2301.7880,,=16910975895886,=11395471924884,=4303763558093.7310,=10.1081,=0,=28.1339,=16.3460,=13.4987
2012-08-17,=2313.4760,,=16984279734157.9004,=11419633111462,=4332402862672.9224,=10.1525,=0,=28.1339,=16.3551,=13.5062
2012-08-16,=2319.6700,,=16992245791029.0059,=11425457166629,=4344017931960.1870,=10.1589,=0,=28.1339,=16.3641,=13.5079
2012-08-15,=2331.6150,,=17047539480520.1914,=11464779368566,=4365763496505.1528,=10.1988,=0.0006,=28.1339,=16.3645,=13.5082
2012-08-14,=2357.0160,,=17217241246453.7949,=11580548899984,=4413964845151.9248,=10.3022,=0.0062,=28.1339,=16.3648,=13.5104
2012-08-13,=2351.9310,,=17191052836053.2969,=11545501657097,=4406348153590.4102,=10.2836,=0.0045,=28.1379,=16.3657,=13.5104
2012-08-10,=2399.7510,,=17418546860573.3008,=11710905959112,=4498808940047.7256,=10.4164,=0.0134,=28.1379,=16.3666,=13.5108
2012-08-09,=2411.7000,,=17472167730683.0996,=11744898509156,=4518625351634.2813,=10.4721,=0.0190,=28.1379,=16.3774,=13.5154
2012-08-08,=2389.7950,,=17371448556799.6992,=11675542420685,=4478422172542.5889,=10.4121,=0.0129,=28.1379,=16.3881,=13.5155
2012-08-07,=2388.8730,,=17328611285657.6953,=11650558348019,=4475478365645.3115,=10.3826,=0.0101,=28.1379,=16.3886,=13.5249
2012-08-06,=2385.6110,,=17338729187705.7012,=11656519135884,=4470496007298.2637,=10.3906,=0.0112,=28.1518,=16.3890,=13.5249
2012-08-03,=2353.7370,,=17199051625077.7012,=11552615043204,=4411873365711.0703,=10.3065,=0.0056,=28.1518,=16.4013,=13.5280
2012-08-02,=2334.8820,,=17072152807599.7949,=11454492057978,=4379908918449.6138,=10.2309,=0.0017,=28.1518,=16.4136,=13.5298
2012-08-01,=2358.6510,,=17181875309008.2988,=11541405705250,=4423706597077.7705,=10.2966,=0.0045,=28.1518,=16.4216,=13.5388
2012-07-31,=2332.9220,,=17035208119408.5020,=11433066192052,=4416803866843.8477,=10.2109,=0.0011,=28.1518,=16.4296,=13.5404
2012-07-30,=2335.7930,,=16979164819106.1973,=11428251080533,=4418795492935.0059,=10.1780,=0,=28.1532,=16.4371,=13.5404
2012-07-27,=2349.1080,,=17074036300744.5000,=11432928707156,=4446160126052.9609,=10.2342,=0.0006,=28.1532,=16.4446,=13.5469
2012-07-26,=2347.4880,,=17026508750332.1992,=11383826036061,=4443176012959.3047,=10.2055,=0,=28.1532,=16.4449,=13.5502
2012-07-25,=2360.0830,,=17094575170255.5039,=11432535496473,=4466473129155.0029,=10.2463,=0,=28.1532,=16.4452,=13.5524
2012-07-24,=2375.9920,,=17172403642231.8984,=11472070916030,=4494765650442.0508,=10.2930,=0.0011,=28.1532,=16.4493,=13.5540
2012-07-23,=2365.4310,,=17150150968943,=11446485256728,=4476109988207.7705,=10.2801,=0.0006,=28.1879,=16.4533,=13.5540
2012-07-20,=2398.4550,,=17386922383213.0996,=11602194331682,=4539351652704.8242,=10.4220,=0.0062,=28.1879,=16.4603,=13.5581
2012-07-19,=2424.3220,,=17539473389899.4004,=11707764905644,=4587480906532.6943,=10.5125,=0.0141,=28.1879,=16.4673,=13.5592
2012-07-18,=2414.3350,,=17445800957949.3027,=11646223482273,=4567135716187.7881,=10.4564,=0.0102,=28.1879,=16.4704,=13.5619
2012-07-17,=2414.2010,,=17422043303838.8008,=11629453249047,=4566835328603.7725,=10.4422,=0.0085,=28.1879,=16.4735,=13.5657
2012-07-16,=2399.7310,,=17326651529459.7988,=11570975566890,=4537454912303.9697,=10.3850,=0.0045,=28.1918,=16.4742,=13.5657
2012-07-13,=2450.6330,,=17570110318468.4004,=11740663913431,=4630717417862.2832,=10.5309,=0.0130,=28.1918,=16.4749,=13.5700
2012-07-12,=2449.1810,,=17545019534910.9980,=11720850127345,=4627160002304.3271,=10.5159,=0.0125,=28.1918,=16.4765,=13.5729
2012-07-11,=2425.5720,,=17473762186410.2988,=11663823408260,=4586275301862.9727,=10.4732,=0.0096,=28.1918,=16.4780,=13.5765
2012-07-10,=2406.7060,,=17404185207474.9063,=11594768656830,=4551586305972.1670,=10.4315,=0.0062,=28.1918,=16.4829,=13.5769
2012-07-09,=2416.0360,,=17429393596427.0996,=11612186646588,=4567280592213.0791,=10.4466,=0.0074,=28.2148,=16.4878,=13.5769
2012-07-06,=2472.6140,,=17823885865757.3008,=11889745569046,=4671149480992.5234,=10.6830,=0.0148,=28.2148,=16.4896,=13.5879
2012-07-05,=2430.3700,,=17655737166771.4023,=11757979624397,=4594669333129.2578,=10.5822,=0.0119,=28.2148,=16.4914,=13.5884
2012-07-04,=2464.9190,,=17815645747703.7969,=11869405391077,=4657050857990.0596,=10.6781,=0.0136,=28.2148,=16.5066,=13.5892
2012-07-03,=2468.7210,,=17827198690639.3945,=11876821540480,=4665404998100.6729,=10.6850,=0.0137,=28.2148,=16.5218,=13.5973
2012-07-02,=2465.2380,,=17802120575838.1016,=11851434530101,=4660065245652.2461,=10.6700,=0.0131,=28.2165,=16.5224,=13.5973
2012-06-29,=2461.6120,,=17448465561489.5000,=11774253688020,=4536982821388.5215,=10.5377,=0.0108,=28.2165,=16.5230,=13.6057
2012-06-28,=2425.7290,,=17222788235542.8027,=11622982916138,=4469027703926.9785,=10.4014,=0.0051,=28.2165,=16.5233,=13.6140
2012-06-27,=2447.1950,,=17357939613035.7988,=11715561156702,=4506507358966.2959,=10.4830,=0.0080,=28.2165,=16.5237,=13.6141
2012-06-26,=2454.9150,,=17386879146778.1973,=11738252099979,=4519992774998.1729,=10.5005,=0.0080,=28.2165,=16.5321,=13.6152
2012-06-25,=2456.5180,,=17401163550777.0996,=11748416790259,=4522283713195.3486,=10.5091,=0.0086,=28.2550,=16.5404,=13.6152
2012-06-21,=2512.1850,,=17734183741685.8008,=11945162451685,=4623125857020.5010,=10.7102,=0.0109,=28.2550,=16.5459,=13.6161
2012-06-20,=2552.6110,,=17975902732012.6992,=12124395502675,=4698289382539.7100,=10.8562,=0.0149,=28.2550,=16.5514,=13.6228
2012-06-19,=2558.6210,,=18006295598072,=12127058726614,=4709523011125.7910,=10.8746,=0.0154,=28.2550,=16.5654,=13.6236
2012-06-18,=2581.2120,,=18123100340540.8086,=12218814293975,=4750865250764.0615,=10.9451,=0.0223,=28.2550,=16.5794,=13.6333
2012-06-15,=2568.0540,,=18063922463775.1055,=12181012790521,=4725924364950.8770,=10.9094,=0.0166,=28.2599,=16.5924,=13.6333
2012-06-14,=2560.4210,,=17962356283067.1016,=12122875517808,=4710260786887.4043,=10.8480,=0.0143,=28.2599,=16.6055,=13.6365
2012-06-13,=2580.6360,,=18150828885835.3945,=12259936037780,=4746774270190.8350,=10.9619,=0.0229,=28.2599,=16.6104,=13.6405
2012-06-12,=2540.1780,,=17956793838676.2031,=12124701639291,=4669427306976.3916,=10.8447,=0.0132,=28.2599,=16.6153,=13.6420
2012-06-11,=2558.2650,,=18079225012106.6016,=12206530226897,=4701179104119.8408,=10.9186,=0.0172,=28.2599,=16.6191,=13.6548
2012-06-08,=2524.3290,,=17906470093301.9961,=12079907453148,=4637024343193.7471,=10.8143,=0.0121,=28.2661,=16.6229,=13.6548
2012-06-07,=2542.1840,,=18010436616566.4023,=12152738584137,=4670251382376.5596,=10.8771,=0.0138,=28.2661,=16.6246,=13.6577
2012-06-06,=2557.4010,,=18133822207452.8008,=12246323463718,=4711782709816.1904,=10.9516,=0.0201,=28.2661,=16.6263,=13.6613
2012-06-05,=2558.8420,,=18131488831717.8008,=12253306540285,=4712751202955.9150,=10.9490,=0.0196,=28.2661,=16.6357,=13.6717
2012-06-04,=2559.0260,,=18106363585560.9961,=12235200792840,=4713789332713.4717,=10.9338,=0.0178,=28.2661,=16.6451,=13.6809
2012-06-01,=2632.9980,,=18562155607661.8047,=12554731724348,=4850238525374.0293,=11.2091,=0.0432,=28.3163,=16.6586,=13.6809
2012-05-31,=2632.0420,,=18546214188488.8008,=12540941183264,=4846745852698.4375,=11.1994,=0.0426,=28.3163,=16.6721,=13.6838
2012-05-30,=2642.2580,,=18647354566971.9961,=12598541197457,=4865646306803.4346,=11.2605,=0.0501,=28.3163,=16.6944,=13.6919
2012-05-29,=2650.8540,,=18707875581204.8984,=12635293231685,=4880825120294.1270,=11.2970,=0.0548,=28.3163,=16.7166,=13.6971
2012-05-28,=2614.6890,,=18505844520987.4922,=12503723299484,=4813126108134.7197,=11.1751,=0.0369,=28.3163,=16.7335,=13.7096
2012-05-25,=2573.1030,,=18290091968274.3984,=12351923928972,=4737130424642.8672,=11.0448,=0.0242,=28.3266,=16.7504,=13.7096
2012-05-24,=2595.2600,,=18410126087310.6992,=12434453673354,=4780729436499.7549,=11.1172,=0.0318,=28.3266,=16.7516,=13.7133
2012-05-23,=2616.8690,,=18509144746519.3008,=12511243792750,=4820051396712.1416,=11.1770,=0.0364,=28.3266,=16.7528,=13.7176
2012-05-22,=2627.5250,,=18596585808821.5938,=12567600309420,=4839464138515.8691,=11.2298,=0.0416,=28.3266,=16.7644,=13.7207
2012-05-21,=2587.2310,,=18408530619180.4023,=12433274590268,=4764940147978.0293,=11.1163,=0.0313,=28.3266,=16.7760,=13.7311
2012-05-18,=2573.9760,,=18333800479311.2031,=12378887630108,=4742268710880.6533,=11.0712,=0.0255,=28.3463,=16.7890,=13.7311
2012-05-17,=2613.9420,,=18597463109758.8047,=12557318961763,=4815683897244.8477,=11.2304,=0.0406,=28.3463,=16.8019,=13.7335
2012-05-16,=2574.6470,,=18357926598553.7070,=12393276326729,=4742044024172.4336,=11.0857,=0.0278,=28.3463,=16.8033,=13.7364
2012-05-15,=2617.3740,,=18613578484721.0039,=12563681879271,=4820800844281.4434,=11.2401,=0.0429,=28.3463,=16.8046,=13.7401
2012-05-14,=2615.5340,,=18648677816529.0977,=12585006956586,=4815060202385.3564,=11.2613,=0.0447,=28.3463,=16.8084,=13.7516
2012-05-11,=2636.9170,,=18796393144062.7031,=12671136341733,=4854512545668.7012,=11.3505,=0.0511,=28.3480,=16.8122,=13.7516
2012-05-10,=2657.2140,,=18924248463311.6016,=12759654794505,=4891470393091.5557,=11.4277,=0.0593,=28.3480,=16.8288,=13.7604
2012-05-09,=2657.5140,,=18925480211839,=12763368125253,=4891657375748.1445,=11.4266,=0.0587,=28.3480,=16.8455,=13.7664
2012-05-08,=2709.1160,,=19244087798122.6016,=12991583517360,=4985934696220.2490,=11.6189,=0.0785,=28.3480,=16.8456,=13.7696
2012-05-07,=2717.7780,,=19293725776319.2070,=13035529473010,=5003111370991.1279,=11.6445,=0.0809,=28.3480,=16.8458,=13.7733
2012-05-04,=2715.8790,,=19303243609134.6016,=13045555245026,=5001265214273.9834,=11.6503,=0.0810,=28.3687,=16.8695,=13.7733
2012-05-03,=2691.5180,,=19200885016492.8008,=12971646034655,=4958224666127.0215,=11.5885,=0.0740,=28.3687,=16.8932,=13.7777
2012-05-02,=2683.4870,,=19194726123852.3906,=12962984208276,=4942052147245.8467,=11.5848,=0.0729,=28.3687,=16.9071,=13.7791
2012-04-27,=2626.1570,,=18845198858309.8008,=12699853088702,=4818571949099.2529,=11.5291,=0.0671,=28.3687,=16.9211,=13.7869
2012-04-26,=2631.4870,,=18865968732020.0898,=12719017844124,=4819324591035.5049,=11.5212,=0.0665,=28.3687,=16.9235,=13.7886
2012-04-25,=2625.9900,,=18861648719710.1055,=12711815545129,=4801859292552.0615,=11.5167,=0.0660,=28.3936,=16.9258,=13.7886
2012-04-24,=2604.8660,,=18752714414668.8984,=12633214249053,=4765554499349.7314,=11.4507,=0.0602,=28.3936,=16.9440,=13.7918
2012-04-23,=2606.0380,,=18720483824515.8984,=12621191024727,=4758500704179.3164,=11.4173,=0.0585,=28.3936,=16.9622,=13.7956
2012-04-20,=2626.8390,,=18855575867263.7031,=12715782758758,=4793237983791.4072,=11.5105,=0.0644,=28.3936,=16.9679,=13.7968
2012-04-19,=2596.0560,,=18642536739624.9023,=12562806296116,=4717247967142.8936,=11.3879,=0.0556,=28.3936,=16.9737,=13.7995
2012-04-18,=2599.9080,,=18677177737348.8984,=12585429312035,=4719786187715.0889,=11.4171,=0.0574,=28.4036,=17.0197,=13.7995
2012-04-17,=2541.8830,,=18335364846602.1016,=12349474063914,=4611828887446.1260,=11.1969,=0.0381,=28.4036,=17.0658,=13.8169
2012-04-16,=2574.0440,,=18495757516800.4961,=12467319790172,=4651400469754.4219,=11.2816,=0.0463,=28.4036,=17.0700,=13.8174
2012-04-13,=2580.4540,,=18544886089737.7070,=12474128490716,=4663549954700.4395,=11.3097,=0.0487,=28.4036,=17.0741,=13.8276
2012-04-12,=2570.4360,,=18504320149071.6016,=12443364333333,=4645431655209.4258,=11.2848,=0.0476,=28.4036,=17.1198,=13.8318
2012-04-11,=2520.0360,,=18182775089641.3984,=12224048012751,=4548139860654.8516,=11.0860,=0.0282,=28.4114,=17.1655,=13.8318
2012-04-10,=2519.7880,,=18183655478764.8047,=12218164086994,=4543363376541.1563,=11.0854,=0.0276,=28.4114,=17.1787,=13.8328
2012-04-09,=2495.1460,,=18028774256318.3984,=12117110765547,=4497516955131.1543,=10.9920,=0.0212,=28.4114,=17.1919,=13.8415
2012-04-06,=2519.8300,,=18186920940992.3125,=12220163573031,=4541664812988.5488,=11.0818,=0.0259,=28.4114,=17.1997,=13.8444
2012-04-05,=2512.8320,,=18181010633252.8086,=12201043742257,=4528732457636.7168,=11.0803,=0.0253,=28.4114,=17.2075,=13.8450
2012-03-30,=2454.8990,,=17916857724411.4922,=12003605032972,=4422701659330.9336,=10.9288,=0.0177,=28.4309,=17.2150,=13.8450
2012-03-29,=2443.1220,,=17794545793353.6992,=11935860049018,=4373913676174.7031,=10.8184,=0.0124,=28.4309,=17.2225,=13.8516
2012-03-28,=2474.9000,,=18012510875209.8008,=12098837135015,=4433243233603.4639,=10.9630,=0.0183,=28.4309,=17.2293,=13.8522
2012-03-27,=2547.1430,,=18414053275981.7031,=12393692599202,=4561457739793.8486,=11.1761,=0.0301,=28.4309,=17.2361,=13.8590
2012-03-26,=2555.4420,,=18439791831009.2031,=12411015285890,=4585573558507.1006,=11.1409,=0.0272,=28.4309,=17.2385,=13.8647
2012-03-23,=2552.9400,,=18409600015879.6016,=12395797252039,=4580160382432.7949,=11.1325,=0.0266,=28.4336,=17.2409,=13.8647
2012-03-22,=2583.7470,,=18583302389301.3008,=12515318834043,=4635130434426.8887,=11.2324,=0.0337,=28.4336,=17.2414,=13.8671
2012-03-21,=2587.7930,,=18597579612763.5000,=12530120656105,=4641269074494.0635,=11.2372,=0.0349,=28.4336,=17.2419,=13.8730
2012-03-20,=2584.4450,,=18593222535069.8984,=12532546758409,=4635833753947.7061,=11.2343,=0.0337,=28.4336,=17.2450,=13.8755
2012-03-19,=2630.0130,,=18832005252363.3008,=12693284809297,=4715197167659.4287,=11.3855,=0.0450,=28.4336,=17.2481,=13.8886
2012-03-16,=2623.5200,,=18823791823309.5977,=12685867784768,=4705808302340.5479,=11.3798,=0.0439,=28.4606,=17.2529,=13.8886
2012-03-15,=2585.5460,,=18630170781920.2930,=12542126222350,=4638900347158.5996,=11.2833,=0.0391,=28.4606,=17.2578,=13.8896
2012-03-14,=2605.1060,,=18718872989118.3008,=12600059977736,=4673675324498.5889,=11.3344,=0.0404,=28.4606,=17.2826,=13.8909
2012-03-13,=2681.0730,,=19137403342382.1016,=12894621237160,=4807292239969.6836,=11.5878,=0.0564,=28.4606,=17.3073,=13.9003
2012-03-12,=2654.4020,,=18970380241101.5977,=12780238552340,=4759003188848.4209,=11.5010,=0.0505,=28.4606,=17.3119,=13.9074
2012-03-09,=2664.3020,,=19044479365372,=12826642739244,=4777141857302.2422,=11.5497,=0.0523,=28.4674,=17.3164,=13.9074
2012-03-08,=2635.7910,,=18912537218787.4922,=12727352146478,=4728182336014.8145,=11.4771,=0.0482,=28.4674,=17.3346,=13.9118
2012-03-07,=2603.0050,,=18742779542662.1016,=12605219773275,=4666305830238.0752,=11.3746,=0.0423,=28.4674,=17.3527,=13.9132
2012-03-06,=2621.0520,,=18866119545158.2930,=12689340266449,=4699085459981.6953,=11.4475,=0.0453,=28.4674,=17.3598,=13.9170
2012-03-05,=2662.6980,,=19133420784103.2930,=12886773272476,=4771768425314.7598,=11.6095,=0.0548,=28.4674,=17.3668,=13.9199
2012-03-02,=2679.9340,,=19293714935900.5977,=12999855485884,=4804567075007.5371,=11.7068,=0.0632,=28.4767,=17.3925,=13.9199
2012-03-01,=2633.3450,,=19034479683519.3008,=12814102140502,=4722314713659.3428,=11.5508,=0.0513,=28.4767,=17.4181,=13.9244
2012-02-29,=2634.1430,,=19079592457174.2070,=12836841017102,=4724129279735.0986,=11.5766,=0.0519,=28.4767,=17.4384,=13.9260
2012-02-28,=2662.4630,,=19253520886028.3008,=12953923838964,=4775108599957.2070,=11.6838,=0.0597,=28.4767,=17.4587,=13.9273
2012-02-27,=2656.5730,,=19199967174947.5039,=12921288182145,=4763722272032.6680,=11.6520,=0.0586,=28.4767,=17.4588,=13.9283
2012-02-24,=2648.0170,,=19138642895864.2969,=12875397295102,=4749042673283.6494,=11.6148,=0.0544,=28.4959,=17.4590,=13.9283
2012-02-23,=2606.2560,,=18902343289023.1992,=12686537187839,=4674782779983.5537,=11.4675,=0.0467,=28.4959,=17.4776,=13.9301
2012-02-22,=2597.4760,,=18859259122669.4961,=12648053536379,=4660397629502.1465,=11.4412,=0.0449,=28.4959,=17.4962,=13.9388
2012-02-21,=2562.4530,,=18711721223585.8008,=12538110002751,=4599005469380.6064,=11.3507,=0.0407,=28.4959,=17.4971,=13.9423
2012-02-20,=2540.7060,,=18575138658082.2969,=12443670821589,=4558196857444.2695,=11.2649,=0.0378,=28.4959,=17.4979,=13.9498
2012-02-17,=2537.0860,,=18530635567623.5000,=12387389988760,=4551214942785.0615,=11.2380,=0.0348,=28.5140,=17.5182,=13.9498
2012-02-16,=2536.0740,,=18510703225881.9063,=12372623137918,=4548703907270.8105,=11.2261,=0.0336,=28.5140,=17.5384,=13.9523
2012-02-15,=2549.6070,,=18603655799330.6992,=12436850141858,=4573296779557.5762,=11.2824,=0.0372,=28.5140,=17.5448,=13.9638
2012-02-14,=2522.1070,,=18452579516416.7031,=12332181668841,=4524699490499.1104,=11.1908,=0.0313,=28.5140,=17.5511,=13.9760
2012-02-13,=2531.9810,,=18526893196422.1992,=12381474968704,=4543947883976.4785,=11.2359,=0.0331,=28.5140,=17.5606,=13.9806
2012-02-10,=2533.6240,,=18564194731252.9023,=12405669227696,=4547724637349.4541,=11.2585,=0.0343,=28.5175,=17.5700,=13.9806
2012-02-09,=2529.2310,,=18573834848961.3984,=12403985552727,=4540528945985.5693,=11.2643,=0.0343,=28.5175,=17.5718,=13.9835
2012-02-08,=2528.2360,,=18563337619254.3945,=12404160487840,=4537943052341.1191,=11.2580,=0.0337,=28.5175,=17.5735,=13.9844
2012-02-07,=2457.9540,,=18128473304747.0977,=12096411954601,=4411077398667.4775,=10.9946,=0.0199,=28.5175,=17.6285,=13.9882
2012-02-06,=2504.3220,,=18436428546749.5977,=12308685075645,=4493933261539.1084,=11.1814,=0.0296,=28.5175,=17.6835,=13.9977
2012-02-03,=2506.0900,,=18463387429414.3984,=12321779913619,=4498809670789.4785,=11.1977,=0.0308,=28.5518,=17.7032,=13.9977
2012-02-02,=2486.2380,,=18343580949753.3945,=12247246472774,=4462409935591.3877,=11.1251,=0.0260,=28.5518,=17.7228,=13.9981
2012-02-01,=2428.9940,,=17972241790588.3984,=12007258948983,=4355365767024.2822,=10.9013,=0.0139,=28.5518,=17.7446,=13.9987
2012-01-31,=2464.2600,,=18172069906702.9023,=12136618835075,=4418999426618.1504,=11.0225,=0.0193,=28.5518,=17.7663,=14.0039
2012-01-30,=2460.7200,,=18118979073019.8984,=12104032543954,=4413256053536.8506,=10.9903,=0.0188,=28.5518,=17.7944,=14.0106
2012-01-20,=2504.0860,,=18437439241535.1016,=12306969602120,=4490837405344.9971,=11.1835,=0.0272,=28.5899,=17.8225,=14.0106
2012-01-19,=2468.3500,,=18250088515879.9063,=12176893953368,=4425707195017.7383,=11.0698,=0.0212,=28.5899,=17.8359,=14.0110
2012-01-18,=2422.1890,,=17991743864453.5039,=11993793349653,=4341698760694.4902,=10.9131,=0.0152,=28.5899,=17.8493,=14.0151
2012-01-17,=2460.6010,,=18236002627887.8984,=12171341277173,=4409893537923.7002,=11.0613,=0.0200,=28.5899,=17.8589,=14.0153
2012-01-16,=2345.6490,,=17558176478425.6992,=11687566098623,=4205889917417.2510,=10.6502,=0.0097,=28.5899,=17.8685,=14.0238
2012-01-13,=2394.3340,,=17814611094534.3984,=11878928677903,=4291019054876.4819,=10.8057,=0.0115,=28.5969,=17.9408,=14.0238
2012-01-12,=2435.2190,,=17989272498494.3984,=11998560822181,=4362904693392.2622,=10.9116,=0.0128,=28.5969,=18.0130,=14.0254
2012-01-11,=2435.6080,,=18008477765422.3008,=12004326647969,=4362658819447.1289,=10.9233,=0.0134,=28.5969,=18.0172,=14.0255
2012-01-10,=2447.3490,,=18098741492609.3984,=12068624216552,=4384054157147.8511,=10.9780,=0.0152,=28.5969,=18.0214,=14.0294
2012-01-09,=2368.5700,,=17656111422330,=11758525001465,=4244033557641.2300,=10.7096,=0.0103,=28.5969,=18.0375,=14.0485
2012-01-06,=2290.6010,,=17196184357326.4023,=11444287728109,=4106977067955.6812,=10.4306,=0.0055,=28.6159,=18.0536,=14.0485
2012-01-05,=2276.3850,,=17064579346563.6953,=11348671116902,=4082049096208.0669,=10.3508,=0.0024,=28.6159,=18.0980,=14.0526
2012-01-04,=2298.7530,,=17125171391568.2988,=11410267032870,=4119039275770.7109,=10.3875,=0.0043,=28.6159,=18.1424,=14.0576
2011-12-30,=2345.7420,,=17155623947458.9980,=11556234521516,=4167701058550.1382,=10.4483,=0.0055,=28.6159,=18.1457,=14.0600
2011-12-29,=2311.3610,,=16967481459716.4004,=11430074758879,=4105912899527.1299,=10.3337,=0.0012,=28.6159,=18.1491,=14.0651
2011-12-28,=2307.9280,,=16933633189230.4023,=11400642320023,=4100394462585.7095,=10.3131,=0.0006,=28.6452,=18.1514,=14.0651
2011-12-27,=2305.0350,,=16859143106827.8984,=11363795797337,=4095827555479.4375,=10.2678,=0,=28.6452,=18.1537,=14.0678
2011-12-26,=2335.7020,,=17006083312728.9004,=11472023799665,=4147889896448.1411,=10.3573,=0.0012,=28.6452,=18.2108,=14.0699
2011-12-23,=2359.1590,,=17133489512983.8047,=11560318982985,=4188445658598.2490,=10.4348,=0.0018,=28.6452,=18.2678,=14.0752
2011-12-22,=2341.3350,,=17001365410886.6055,=11462597585829,=4158076008332.4111,=10.3544,=0.0006,=28.6452,=18.2689,=14.0782
2011-12-21,=2339.1080,,=16982487968979.4941,=11446050638530,=4154683880996.6616,=10.3429,=0,=28.6985,=18.2699,=14.0782
2011-12-20,=2377.0730,,=17145126028992.2012,=11560216477791,=4222885540810.2510,=10.4419,=0.0006,=28.6985,=18.2748,=14.0801
2011-12-19,=2384.4080,,=17174657860029.3984,=11555463049417,=4234411031893.1489,=10.4599,=0.0006,=28.6985,=18.2797,=14.0809
2011-12-16,=2390.1290,,=17248038367869.4004,=11596037273982,=4242858540775.4102,=10.5046,=0.0006,=28.6985,=18.3135,=14.0817
2011-12-15,=2340.7880,,=17016073814734.3047,=11436737466690,=4155701003125.3320,=10.3633,=0,=28.6985,=18.3472,=14.0825
2011-12-14,=2397.4800,,=17310726887002.8066,=11623686068740,=4254089350357.7979,=10.5428,=0,=28.7529,=18.4134,=14.0825
2011-12-13,=2421.9280,,=17498863763480.8027,=11741412496204,=4296487352292.0210,=10.6574,=0,=28.7529,=18.4796,=14.0832
2011-12-12,=2477.6920,,=17666189560228.6992,=11859270096030,=4394752475703.3521,=10.7593,=0,=28.7529,=18.4876,=14.0892
2011-12-09,=2503.4610,,=17845655703678.6016,=11973594491177,=4439282664146.9814,=10.8686,=0.0006,=28.7529,=18.4956,=14.0969
2011-12-08,=2525.0010,,=17938537852921.4063,=12047506893479,=4476517979351.5088,=10.9251,=0.0012,=28.7529,=18.5798,=14.0977
2011-12-07,=2528.2280,,=17960628252588.7930,=12066967709222,=4481828734282.7686,=10.9386,=0.0012,=28.7726,=18.6639,=14.0977
2011-12-06,=2516.3410,,=17918776201580.8047,=12031315672070,=4458903520376.7109,=10.9131,=0.0006,=28.7726,=18.6856,=14.1084
2011-12-05,=2521.3850,,=17981812738540.8984,=12062938564379,=4468386049001.9775,=10.9482,=0.0006,=28.7726,=18.7074,=14.1197
2011-12-02,=2557.3110,,=18104782524027.4023,=12130007146662,=4529697107125.4863,=11.0231,=0.0006,=28.7726,=18.7325,=14.1197
2011-12-01,=2583.6130,,=18244488704055.5977,=12224822563885,=4574567323434.4785,=11.1081,=0.0025,=28.7726,=18.7576,=14.1199
2011-11-30,=2521.5200,,=17814195380867.8984,=11935005082385,=4462188795451.9678,=10.8461,=0,=28.7761,=18.7891,=14.1199
2011-11-29,=2608.5690,,=18342218668007.1953,=12309802751743,=4615446532125.3896,=11.1676,=0.0043,=28.7761,=18.8206,=14.1212
2011-11-28,=2573.3210,,=18139341890192.2031,=12170265291249,=4552979698576.0898,=11.0441,=0.0006,=28.7761,=18.8329,=14.1273
2011-11-25,=2569.9730,,=18115348425173.2969,=12148818125419,=4547704808822.7471,=11.0295,=0,=28.7761,=18.8452,=14.1280
2011-11-24,=2588.9150,,=18249539777730.9023,=12233223061991,=4581221152964.5566,=11.1112,=0.0006,=28.7761,=18.8588,=14.1569
2011-11-23,=2584.0110,,=18205105996191.1055,=12200452689360,=4571751047943.5215,=11.0842,=0,=28.8234,=18.8723,=14.1569
2011-11-22,=2609.4750,,=18326514274881.8008,=12301856509186,=4616183349851.0859,=11.1579,=0.0012,=28.8234,=18.8736,=14.1653
2011-11-21,=2609.6870,,=18352523433607.0977,=12313615562349,=4616094165487.8105,=11.1737,=0.0012,=28.8234,=18.8749,=14.1667
2011-11-18,=2606.4950,,=18363720167786.1016,=12306952846793,=4610008142218.2363,=11.1805,=0.0012,=28.8234,=18.9238,=14.1700
2011-11-17,=2662.0170,,=18680252586850.3047,=12522545413020,=4707355310421.2988,=11.3732,=0.0056,=28.8234,=18.9726,=14.1770
2011-11-16,=2670.1160,,=18709313847321.6016,=12549494578793,=4722425517561.9648,=11.3909,=0.0062,=28.8306,=19.0090,=14.1770
2011-11-15,=2744.6800,,=19182167146204.2969,=12873587862208,=4854318385024.5596,=11.6787,=0.0199,=28.8306,=19.0454,=14.1940
2011-11-14,=2750.1950,,=19223643381235.3008,=12898783756253,=4866011931647.9395,=11.7039,=0.0206,=28.8306,=19.0769,=14.1985
2011-11-11,=2695.0020,,=18869749755375.3008,=12650884444537,=4769313591413.7891,=11.4884,=0.0094,=28.8306,=19.1085,=14.1996
2011-11-10,=2699.5880,,=18859263478043.1055,=12648612691070,=4777513504674.8555,=11.4821,=0.0087,=28.8306,=19.1172,=14.2042
2011-11-09,=2751.6540,,=19227333619921.1055,=12890728820960,=4870178196252.6543,=11.7062,=0.0194,=28.8425,=19.1259,=14.2042
2011-11-08,=2727.7100,,=19089850794806.6016,=12795395386827,=4827269746060.9658,=11.6225,=0.0162,=28.8425,=19.1542,=14.2239
2011-11-07,=2736.2480,,=19093071564174.4961,=12795574558809,=4841875901425.8174,=11.6244,=0.0163,=28.8425,=19.1826,=14.2300
2011-11-04,=2763.7460,,=19258461584074.2969,=12908959539145,=4891842910780.1279,=11.7251,=0.0194,=28.8425,=19.1885,=14.2313
2011-11-03,=2744.3010,,=19095468761190.8008,=12805364245986,=4857932695343.9209,=11.6259,=0.0163,=28.8425,=19.1944,=14.2498
2011-11-02,=2742.3900,,=19075602473656.9023,=12777986524175,=4855053074625.9365,=11.6138,=0.0144,=28.8718,=19.2123,=14.2498
2011-11-01,=2697.5340,,=18828300749208.9023,=12597472044422,=4775012243854.9023,=11.4632,=0.0081,=28.8718,=19.2301,=14.2526
2011-10-31,=2695.3070,,=18813215045743,=12583379602771,=4769002103441.1963,=11.4540,=0.0075,=28.8718,=19.2359,=14.2529
2011-10-28,=2709.0170,,=18883889312966.8008,=12636632745604,=4779692554885.3291,=11.6182,=0.0138,=28.8718,=19.2417,=14.2811
2011-10-27,=2657.4780,,=18620875768485.0039,=12445800047373,=4683117193592.6777,=11.5547,=0.0107,=28.8718,=19.2442,=14.2891
2011-10-26,=2651.6520,,=18544824647171,=12407756748746,=4650256205718.1543,=11.6029,=0.0119,=28.8821,=19.2467,=14.2891
2011-10-25,=2625.4250,,=18416681997547.5938,=12310379643541,=4602977086727.9902,=11.5498,=0.0101,=28.8821,=19.2499,=14.2920
2011-10-24,=2576.6690,,=18134108455755.2031,=12125691233630,=4501183285782.3613,=11.3843,=0.0057,=28.8821,=19.2532,=14.2943
2011-10-21,=2507.8770,,=17718745894939.6953,=11834285108070,=4376563675348.3359,=11.1128,=0,=28.8821,=19.2576,=14.3016
2011-10-20,=2520.5320,,=17783396415750.5117,=11890551761945,=4395560447113.9980,=11.1474,=0,=28.8821,=19.2621,=14.3040
2011-10-19,=2583.0810,,=18119617068035.3047,=12102078725459,=4502780441305.8760,=11.3607,=0.0038,=29.1371,=19.2659,=14.3040
2011-10-18,=2592.2090,,=18169534382623.8008,=12127658371757,=4518908544472.8672,=11.3965,=0.0038,=29.1371,=19.2696,=14.3265
2011-10-17,=2666.9510,,=18551122364655.5977,=12410873514944,=4651232280362.2803,=11.6397,=0.0088,=29.1371,=19.2734,=14.3330
2011-10-14,=2653.7820,,=18476292609016.2031,=12347999322082,=4627946564899.9248,=11.5925,=0.0076,=29.1371,=19.2772,=14.3403
2011-10-13,=2662.6010,,=18515663170289.0977,=12386169113803,=4643052696790.1260,=11.6172,=0.0076,=29.1371,=19.2857,=14.3461
2011-10-12,=2644.7580,,=18402285494987.2031,=12282875460981,=4610243516727.6855,=11.5465,=0.0063,=29.1426,=19.2942,=14.3461
2011-10-11,=2551.9940,,=17886868949546.8984,=11933412219470,=4447672837442.3115,=11.2231,=0.0006,=29.1426,=19.3012,=14.3525
2011-10-10,=2557.0820,,=17839323973140.5977,=11929628595568,=4452232996828.8223,=11.1932,=0,=29.1426,=19.3082,=14.3615
2011-09-30,=2581.3510,,=17929323212214.1992,=12011379875252,=4493321991298.4492,=11.2497,=0,=29.1426,=19.3234,=14.3621
2011-09-29,=2588.1850,,=17956401750713.7031,=12035343834174,=4504001325521.7246,=11.2667,=0,=29.1426,=19.3385,=14.3712
2011-09-28,=2610.5900,,=18050154321221.5938,=12103495965614,=4543208471542.4961,=11.3255,=0.0006,=29.1705,=19.3494,=14.3712
2011-09-27,=2637.8790,,=18189066855878.1016,=12192056215405,=4590742423883.7305,=11.4127,=0.0006,=29.1705,=19.3602,=14.3813
2011-09-26,=2610.9190,,=18008436533898.6016,=12064145823263,=4543892827558.7324,=11.2994,=0,=29.1705,=19.3629,=14.3853
2011-09-23,=2669.4780,,=18325898200932.3086,=12274815394361,=4651535895872.6582,=11.4985,=0,=29.1705,=19.3656,=14.4079
2011-09-22,=2685.6880,,=18402023404056.1016,=12328105916922,=4681222485039.2793,=11.5463,=0.0006,=29.1705,=19.3669,=14.4123
2011-09-21,=2771.0110,,=18919460033039.4922,=12686688596558,=4830144805544.8164,=11.8710,=0.0064,=29.1925,=19.3682,=14.4123
2011-09-20,=2689.8450,,=18450662732976.1914,=12362172537302,=4690391768715.2217,=11.5768,=0.0006,=29.1925,=19.3875,=14.4234
2011-09-19,=2679.2700,,=18388781267755.2031,=12319273946692,=4671439228823.0869,=11.5380,=0,=29.1925,=19.4069,=14.4265
2011-09-16,=2733.9870,,=18711234244644.8008,=12540247137595,=4766692094181.9014,=11.7403,=0.0025,=29.1925,=19.4377,=14.4469
2011-09-15,=2729.0510,,=18669575654907.3945,=12514265235841,=4757564491732.1777,=11.7142,=0.0013,=29.1925,=19.4685,=14.4516
2011-09-14,=2733.1080,,=18725331737191.6055,=12543484709813,=4765260581888.4258,=11.7492,=0.0019,=29.4390,=19.4902,=14.4516
2011-09-13,=2720.2830,,=18662923972358.2969,=12496712895989,=4743868873971.5674,=11.7100,=0.0006,=29.4390,=19.5119,=14.4597
2011-09-09,=2751.0950,,=18844678569348.1016,=12621204269257,=4797302654318.2461,=11.8241,=0.0019,=29.4390,=19.5203,=14.4636
2011-09-08,=2756.1050,,=18839909545590.6992,=12621748837880,=4804800446587.3574,=11.8211,=0.0013,=29.4390,=19.5287,=14.4709
2011-09-07,=2779.0900,,=18943197543807.3984,=12697992532960,=4844058685722.8623,=11.8859,=0.0013,=29.4390,=19.5536,=14.4806
2011-09-06,=2723.3030,,=18623922446512.1016,=12471442837829,=4747273366724.1709,=11.6855,=0,=29.5955,=19.5785,=14.4806
2011-09-05,=2743.8170,,=18694142823520.2031,=12528203144603,=4782161951031.9287,=11.7296,=0,=29.5955,=19.5826,=14.4993
2011-09-02,=2803.8540,,=19036916733019.1992,=12774044479332,=4886392229653.5322,=11.9447,=0,=29.5955,=19.5868,=14.5101
2011-09-01,=2834.5350,,=19238488868172.3008,=12906056754215,=4939316154785.3359,=12.0711,=0,=29.5955,=19.5898,=14.5166
2011-08-31,=2846.7760,,=19314735827559.4023,=12956300289941,=4958688126014.4951,=12.1030,=0,=29.5955,=19.5927,=14.5204
2011-08-30,=2841.7400,,=19254925628246.1992,=12915362470439,=4945028376088.9346,=12.1161,=0.0006,=29.7665,=19.5954,=14.5204
2011-08-29,=2852.8090,,=19289598230407.0039,=12943607297638,=4966220749747.5977,=12.1570,=0.0006,=29.7665,=19.5981,=14.5276
2011-08-26,=2901.2160,,=19580679415069.6992,=13135871465054,=5047169773933.3154,=12.3746,=0.0032,=29.7665,=19.6008,=14.5299
2011-08-25,=2903.8370,,=19618591234317,=13157885679855,=5045045004465.4258,=12.5477,=0.0084,=29.7665,=19.6034,=14.5363
2011-08-24,=2810.0160,,=19025758645467.3008,=12755412245991,=4882643759070.3350,=12.2178,=0.0006,=29.7665,=19.6051,=14.5457
2011-08-23,=2821.0030,,=19116524846082.3047,=12818397861359,=4904678632192.5117,=12.2854,=0.0006,=29.7778,=19.6068,=14.5457
2011-08-22,=2777.7870,,=18857487145788.1055,=12647666073124,=4837512876032.5791,=12.1070,=0,=29.7778,=19.6158,=14.5774
2011-08-19,=2807.6640,,=19024598721194.1016,=12767031594999,=4885945719118.2598,=12.3174,=0.0006,=29.7778,=19.6248,=14.5810
2011-08-18,=2834.2540,,=19220970678630.0039,=12891657490721,=4936221474177.0986,=12.4920,=0.0032,=29.7778,=19.6258,=14.5895
2011-08-17,=2886.0130,,=19513966351168.3984,=13026193879654,=5025485209422.8896,=12.6856,=0.0065,=29.7778,=19.6268,=14.5984
2011-08-16,=2897.5810,,=19560302341800.9023,=13066371928411,=5045155907197.0938,=12.7460,=0.0090,=29.7908,=19.6359,=14.5984
2011-08-15,=2917.8830,,=19700488494393.3984,=13159366563240,=5081818833767.8604,=12.8973,=0.0129,=29.7908,=19.6449,=14.6082
2011-08-12,=2875.3650,,=19453924365912.6094,=12994053103719,=5005518172568.4727,=12.7396,=0.0084,=29.7908,=19.6553,=14.6128
2011-08-11,=2866.9240,,=19396065583402.5039,=12956458446995,=4982509872013.4385,=12.7169,=0.0065,=29.7908,=19.6656,=14.6219
2011-08-10,=2824.1200,,=19167987710881.6992,=12794593633670,=4906381216298.8574,=12.5683,=0.0052,=29.7908,=19.6665,=14.6369
2011-08-09,=2798.1900,,=19020798249950.3945,=12684912465544,=4858675399085.2568,=12.4765,=0.0013,=29.8581,=19.6674,=14.6369
2011-08-08,=2793.8970,,=19000595365123.8047,=12674852245803,=4848283140352.8018,=12.4842,=0.0013,=29.8581,=19.6784,=14.6424
2011-08-05,=2897.4170,,=19652631079651.0977,=13136578140821,=5027267239746.9346,=12.9331,=0.0117,=29.8581,=19.6895,=14.6453
2011-08-04,=2960.3090,,=20048424443889.5977,=13415332230140,=5138063137370.7383,=13.1950,=0.0292,=29.8581,=19.6923,=14.6493
2011-08-03,=2954.8700,,=20030641942796.6953,=13397662601661,=5129309969127.6953,=13.1833,=0.0273,=29.8581,=19.6952,=14.6554
2011-08-02,=2956.3830,,=20043954836112.0938,=13399172505661,=5134821140879.0605,=13.1920,=0.0280,=29.8906,=19.6995,=14.6554
2011-08-01,=2977.7210,,=20219112616003.0039,=13523023450363,=5171543251887.2031,=13.3093,=0.0378,=29.8906,=19.7037,=14.6574
2011-07-29,=2972.0790,,=20227422843704.9922,=13526644666392,=5159104686228.8223,=13.3181,=0.0391,=29.8906,=19.7072,=14.6606
2011-07-28,=2981.0020,,=20244084005244.2930,=13552322433172,=5173175738683.6729,=13.3332,=0.0391,=29.8906,=19.7108,=14.6652
2011-07-27,=3000.0520,,=20348335223308.3008,=13603663154034,=5209242993329.8135,=13.4018,=0.0496,=29.8906,=19.7109,=14.6744
2011-07-26,=2977.7660,,=20246078329618,=13522158376076,=5172393205628.5781,=13.3381,=0.0392,=29.8990,=19.7111,=14.6744
2011-07-25,=2968.2890,,=20143446313793.0039,=13439164016507,=5155245968187.1709,=13.2715,=0.0340,=29.8990,=19.7114,=14.6768
2011-07-22,=3067.9850,,=20692490123017.6914,=13811655882815,=5327705796662.4307,=13.6333,=0.0863,=29.8990,=19.7117,=14.6862
2011-07-21,=3059.1390,,=20673939502302.9063,=13781099245072,=5313090137928.7100,=13.6236,=0.0857,=29.8990,=19.7173,=14.6952
2011-07-20,=3091.5670,,=20850669343524,=13900981198291,=5369974443301.6396,=13.7401,=0.0975,=29.8990,=19.7229,=14.7005
2011-07-19,=3095.1250,,=20869693189797.3008,=13917001144461,=5375021729921.8135,=13.7516,=0.0976,=29.9540,=19.7366,=14.7005
2011-07-18,=3122.6000,,=21010571885270,=14009264278513,=5422668244101.0264,=13.8450,=0.1101,=29.9540,=19.7503,=14.7036
2011-07-15,=3128.8890,,=21056900267585.5000,=14049404089553,=5433396477062.8555,=13.8755,=0.1141,=29.9540,=19.7582,=14.7091
2011-07-14,=3115.7450,,=20992077506146.1016,=13992525623730,=5409537638010.2158,=13.8328,=0.1083,=29.9540,=19.7661,=14.7134
2011-07-13,=3106.2470,,=20910556871500.4063,=13944005789738,=5394267068602.4980,=13.7791,=0.1011,=29.9540,=19.7666,=14.7189
2011-07-12,=3056.9050,,=20620341900240.1992,=13756549067507,=5308653281514.7402,=13.5879,=0.0795,=30.0322,=19.7671,=14.7189
2011-07-11,=3113.2060,,=20967893780529.5039,=13985036236627,=5405555499047.7510,=13.8169,=0.1045,=30.0322,=19.7754,=14.7418
2011-07-08,=3109.1830,,=20968617378080.4961,=13975906821485,=5399301046463.9756,=13.8174,=0.1046,=30.0322,=19.7837,=14.7489
2011-07-07,=3101.6800,,=20929781698012.5000,=13952403848598,=5386977615103.7207,=13.7918,=0.1020,=30.0322,=19.7846,=14.7499
2011-07-06,=3113.7120,,=21044132165477.1055,=14024315167452,=5405871752494.2422,=13.8671,=0.1094,=30.0322,=19.7855,=14.7653
2011-07-05,=3122.5000,,=21119837480635.6992,=14052725924386,=5420047393511.4951,=13.9170,=0.1147,=30.1625,=19.7908,=14.7653
2011-07-04,=3121.9800,,=21139669143186.5938,=14049623970038,=5420656563787.7568,=13.9301,=0.1181,=30.1625,=19.7960,=14.7718
2011-07-01,=3049.7450,,=20765941089514.1016,=13779163864825,=5293068203996.9248,=13.6838,=0.0911,=30.1625,=19.7994,=14.7781
2011-06-30,=3044.0890,,=20509461175077.6016,=13804664665663,=5264461077801.1172,=13.5892,=0.0806,=30.1625,=19.8028,=14.7859
2011-06-29,=3000.1690,,=20257070057660.5078,=13589444148840,=5191760213211.7900,=13.4220,=0.0542,=30.1625,=19.8084,=14.7909
2011-06-28,=3041.7340,,=20464249595439.9961,=13731894499344,=5263762571196.6533,=13.5592,=0.0747,=30.1810,=19.8140,=14.7909
2011-06-27,=3036.4910,,=20462565431027,=13729643990402,=5253658529017.9346,=13.5581,=0.0741,=30.1810,=19.8171,=14.8004
2011-06-24,=3027.4700,,=20412422173528.0039,=13709499065798,=5239523385161.4063,=13.5249,=0.0682,=30.1810,=19.8202,=14.8051
2011-06-23,=2957.6290,,=20035758932931.1992,=13428918832159,=5113721328974.5352,=13.2753,=0.0345,=30.1810,=19.8339,=14.8281
2011-06-22,=2908.5820,,=19741774697509.0977,=13229510482778,=5028121760145.4248,=13.0805,=0.0199,=30.1810,=19.8475,=14.8287
2011-06-21,=2909.0730,,=19693366458925.1055,=13212448918448,=5028017212775.7471,=13.0485,=0.0186,=30.4137,=19.8478,=14.8287
2011-06-20,=2874.8960,,=19514635361644.3984,=13082061719208,=4971006032988.4463,=12.9300,=0.0106,=30.4137,=19.8481,=14.8309
2011-06-17,=2892.1570,,=19651741063789.1016,=13192516537658,=5000774130741.6055,=13.0209,=0.0173,=30.4137,=19.8511,=14.8375
2011-06-16,=2917.5780,,=19748334571305.3984,=13258122378344,=5045617050803.2275,=13.0849,=0.0180,=30.4137,=19.8542,=14.8445
2011-06-15,=2963.1190,,=19989028845689.9102,=13439826528348,=5122788951524.1016,=13.2444,=0.0273,=30.4137,=19.8584,=14.8491
2011-06-14,=2993.5590,,=20176068631229.6016,=13573010381959,=5176131347624.7529,=13.3683,=0.0386,=30.4787,=19.8626,=14.8491
2011-06-13,=2950.3480,,=19981445031877.3984,=13422880490600,=5103371105114.7471,=13.2393,=0.0266,=30.4787,=19.8644,=14.8587
2011-06-10,=2961.9320,,=20011621848083.6016,=13448939220507,=5122092543606.2129,=13.2593,=0.0280,=30.4787,=19.8661,=14.8681
2011-06-09,=2951.8890,,=20011046226480.5000,=13443430924440,=5105464688756.9385,=13.2589,=0.0274,=30.4787,=19.8683,=14.8762
2011-06-08,=3008.6520,,=20304624295868.7969,=13650515231408,=5203691121939.0391,=13.4535,=0.0487,=30.4787,=19.8706,=14.8790
2011-06-07,=3004.2620,,=20277015522329.3906,=13623541093440,=5196902930741.7148,=13.4352,=0.0481,=30.5929,=19.8798,=14.8790
2011-06-03,=2986.3490,,=20176135687811.1016,=13543372337312,=5165490233103.5127,=13.3683,=0.0368,=30.5929,=19.8890,=14.8846
2011-06-02,=2955.7050,,=20025275682384.1016,=13443373422777,=5111162189394.0127,=13.2684,=0.0281,=30.5929,=19.8998,=14.8932
2011-06-01,=3004.1730,,=20339680734211.2969,=13638816467714,=5198540952026.7695,=13.4767,=0.0495,=30.5929,=19.9105,=14.9175
2011-05-31,=3001.5560,,=20372968778661.4961,=13668868466989,=5195923556736.9014,=13.4987,=0.0529,=30.5929,=19.9176,=14.9465
2011-05-30,=2954.5060,,=20142149774257.6992,=13506396109325,=5114675746398.5674,=13.3458,=0.0328,=30.6764,=19.9246,=14.9465
2011-05-27,=2963.3080,,=20075739561991.8984,=13457534707863,=5129837535800.2246,=13.3018,=0.0295,=30.6764,=19.9252,=14.9532
2011-05-26,=2978.3810,,=20143360436406.1953,=13492880832089,=5154802018644.0801,=13.3466,=0.0322,=30.6764,=19.9258,=14.9562
2011-05-25,=2990.3430,,=20146136002840.8047,=13504911521670,=5172906777891.8848,=13.3485,=0.0329,=30.6764,=19.9311,=14.9579
2011-05-24,=3026.2230,,=20343287927575.6016,=13621106169040,=5235473953638.9287,=13.4791,=0.0477,=30.6764,=19.9363,=14.9695
2011-05-23,=3022.9800,,=20398110924419.6992,=13658346843265,=5231021028198.6641,=13.5154,=0.0531,=30.7863,=19.9377,=14.9695
2011-05-20,=3121.5960,,=20978961676762.4063,=14050582112006,=5402430330955.7539,=13.9003,=0.0949,=30.7863,=19.9390,=14.9821
2011-05-19,=3120.6390,,=20961364013679.4063,=14046309020604,=5400337445201.7100,=13.8886,=0.0929,=30.7863,=19.9396,=14.9876
2011-05-18,=3139.3790,,=21042429938197.8945,=14095804128572,=5431464600970.7588,=13.9423,=0.1004,=30.7863,=19.9402,=14.9897
2011-05-17,=3116.0280,,=20894651480634.6016,=13985210597517,=5391612905521.2822,=13.8444,=0.0890,=30.7863,=19.9418,=14.9913
2011-05-16,=3100.4630,,=20820973689009.3984,=13923471445014,=5365861158843.6836,=13.7956,=0.0850,=30.7963,=19.9434,=14.9913
2011-05-13,=3128.0930,,=21010272024430.1055,=14035195801553,=5410894429571.0791,=13.9283,=0.0979,=30.7963,=19.9543,=14.9953
2011-05-12,=3101.6030,,=20811923539197.8984,=13904626306223,=5363901816691.7061,=13.7968,=0.0851,=30.7963,=19.9652,=15.0033
2011-05-11,=3145.0850,,=21093622253614.1992,=14091732189018,=5439106572646.9131,=13.9835,=0.1014,=30.7963,=19.9660,=15.0081
2011-05-10,=3153.2210,,=21156924675697.1016,=14133199282765,=5454456328400.2939,=14.0255,=0.1096,=30.7963,=19.9667,=15.0155
2011-05-09,=3129.7590,,=21026251478386,=14048222776130,=5413917461200.7822,=13.9388,=0.0975,=30.8866,=19.9709,=15.0155
2011-05-06,=3121.3960,,=21006799687892.5977,=14027763076959,=5400804033206.4980,=13.9260,=0.0962,=30.8866,=19.9751,=15.0216
2011-05-05,=3126.1170,,=21113327890995.8047,=14101256873386,=5409081313928.5000,=13.9981,=0.1024,=30.8866,=19.9783,=15.0250
2011-05-04,=3129.0280,,=21061579867425.7070,=14082324540974,=5413257697308.8379,=13.9638,=0.0984,=30.8866,=19.9815,=15.0281
2011-05-03,=3211.1320,,=21574647400910.6016,=14432879868489,=5555278400488.9307,=14.3040,=0.1378,=30.8866,=19.9856,=15.0283
2011-04-29,=3192.7230,,=21490525154699.7031,=14356960621334,=5503767526280.4121,=14.3330,=0.1386,=31.2178,=19.9897,=15.0283
2011-04-28,=3161.7760,,=21350759613358.8086,=14250999677478,=5430535430620.8750,=14.7499,=0.1740,=31.2178,=20.0072,=15.0293
2011-04-27,=3209.5030,,=21526525597488.2969,=14383334721357,=5443437366256.1768,=15.0441,=0.2020,=31.2178,=20.0247,=15.0374
2011-04-26,=3230.9600,,=21580966222111.3984,=14433391105258,=5478297445894.1582,=15.0921,=0.2097,=31.2178,=20.0266,=15.0374
2011-04-25,=3249.5740,,=21679304621983.9922,=14513169756671,=5479506280097.5693,=15.1311,=0.2139,=31.2178,=20.0284,=15.0374
2011-04-22,=3299.9420,,=21978006739621.5039,=14688814861883,=5545184056012.4658,=15.3623,=0.2420,=31.4673,=20.0290,=15.0293
2011-04-21,=3317.3670,,=22116084417876.6094,=14764470353457,=5565430529604.6787,=15.4705,=0.2633,=31.4673,=20.0295,=15.0293
2011-04-20,=3295.7580,,=21988109796081.7031,=14669160782469,=5526813661471.7725,=15.3917,=0.2464,=31.4673,=20.0328,=15.0293
2011-04-19,=3295.8120,,=21969733682037.6016,=14651281037146,=5520406204286.7676,=15.3799,=0.2439,=31.4673,=20.0360,=15.0293
2011-04-18,=3359.4380,,=22425999943889.3984,=14892985793324,=5605216418539.5400,=15.7148,=0.3131,=31.4673,=20.0384,=15.0293
2011-04-15,=3358.9440,,=22389007172743.7891,=14873912827520,=5589704600796.7891,=15.6792,=0.3071,=31.4735,=20.0407,=15.0283
2011-04-14,=3353.5600,,=22324888704212.9063,=14840452051195,=5574753007562.0117,=15.6360,=0.2950,=31.4735,=20.0512,=15.0283
2011-04-13,=3372.0310,,=22390010627738.6016,=14907001504973,=5603112680372.0732,=15.6824,=0.3082,=31.4735,=20.0617,=15.0283
2011-04-12,=3326.7710,,=22158224711129,=14766610201338,=5525934823001.2627,=15.5252,=0.2735,=31.4735,=20.0650,=15.0283
2011-04-11,=3333.4270,,=22190140670313.6914,=14787279917712,=5531650348486.7930,=15.5578,=0.2798,=31.4735,=20.0682,=15.0283
2011-04-08,=3353.3580,,=22237044093656.6953,=14817446835965,=5562216727525.5400,=15.6365,=0.2944,=31.4745,=20.0716,=15.0281
2011-04-07,=3324.4190,,=22086456952216.5977,=14707129110983,=5515947167708.4619,=15.5412,=0.2768,=31.4745,=20.0750,=15.0281
2011-04-06,=3311.0670,,=22037459225204.8984,=14679478358889,=5484774732233.4473,=15.5222,=0.2729,=31.4745,=20.0759,=15.0281
2011-04-01,=3272.7290,,=21766826457509.2969,=14510081867961,=5418814405477.8193,=15.3498,=0.2407,=31.4745,=20.0768,=15.0281
2011-03-31,=3223.2880,,=21497256794829,=14325634962094,=5335114265195.6514,=15.1890,=0.2182,=31.4745,=20.0835,=15.0281
2011-03-30,=3256.0800,,=21685166846975.1992,=14448619127239,=5382975582966.3691,=15.4585,=0.2596,=31.4869,=20.0903,=15.0250
2011-03-29,=3257.9790,,=21671785439364.1914,=14416265848868,=5340728633410.4756,=15.6771,=0.3019,=31.4869,=20.0941,=15.0250
2011-03-28,=3290.5710,,=21837724910986.9023,=14536334357045,=5380792061020.5732,=15.8464,=0.3290,=31.4869,=20.0980,=15.0250
2011-03-25,=3294.4840,,=21768392016160.1016,=14516710331972,=5359806895402.1387,=15.9781,=0.3478,=31.4869,=20.0994,=15.0250
2011-03-24,=3251.3610,,=21528059282212.7031,=14354401367365,=5290389509559.0635,=15.8751,=0.3329,=31.4869,=20.1007,=15.0250
2011-03-23,=3264.9260,,=21560736074229.1914,=14374822027566,=5313271162562.1807,=15.9041,=0.3359,=31.5976,=20.1038,=15.0216
2011-03-22,=3222.9610,,=21353503891133.5039,=14235475369500,=5242047536621.8750,=15.6991,=0.3057,=31.5976,=20.1069,=15.0216
2011-03-21,=3207.1100,,=21269744876564.4023,=14178567057228,=5208027912871.8301,=15.6390,=0.2934,=31.5976,=20.1158,=15.0216
2011-03-18,=3215.6850,,=21227188315179.7969,=14146495714975,=5221582855009.9395,=15.6064,=0.2881,=31.5976,=20.1248,=15.0216
2011-03-17,=3197.1000,,=21171070573252.1992,=14106586461020,=5197549967323.6260,=15.7987,=0.3216,=31.5976,=20.1253,=15.0216
2011-03-16,=3248.1950,,=21389975030641.2070,=14252219962010,=5281232610102.9736,=15.9620,=0.3419,=31.6463,=20.1258,=15.0155
2011-03-15,=3203.9610,,=21149419585229.9961,=14080376177108,=5205953075310.0898,=15.7886,=0.3206,=31.6463,=20.1437,=15.0155
2011-03-14,=3262.9200,,=21474786280020.4063,=14306987745992,=5301438735054.9736,=16.0444,=0.3507,=31.6463,=20.1615,=15.0155
2011-03-11,=3247.3760,,=21467382878036.4961,=14279526702252,=5273847162652.7441,=16.0439,=0.3502,=31.6463,=20.1638,=15.0155
2011-03-10,=3280.2590,,=21668655251556.0039,=14418597882902,=5327164139796.3486,=16.1963,=0.3630,=31.6463,=20.1660,=15.0155
2011-03-09,=3338.8580,,=22033490122035.6055,=14610857553458,=5423267742975.7393,=16.4749,=0.3855,=31.6685,=20.1710,=15.0081
2011-03-08,=3337.4570,,=22027877727301.3984,=14610839058457,=5422341299842.7100,=16.4735,=0.3851,=31.6685,=20.1759,=15.0081
2011-03-07,=3334.5100,,=22020600860693.3984,=14608996672134,=5418621089876.5918,=16.4914,=0.3868,=31.6685,=20.1781,=15.0081
2011-03-04,=3270.6660,,=21599242925568.8945,=14306516954619,=5318662749979.2822,=16.1808,=0.3619,=31.6685,=20.1803,=15.0081
2011-03-03,=3221.7180,,=21311725496749.8008,=14092747311849,=5238310828511.6055,=15.9673,=0.3440,=31.6685,=20.1808,=15.0081
2011-03-02,=3243.2980,,=21332880444775.4063,=14120981869087,=5270385142251.5664,=15.9781,=0.3457,=31.7480,=20.1812,=15.0033
2011-03-01,=3254.8930,,=21378723041472.6016,=14146933660519,=5286582625364.4648,=16.0118,=0.3480,=31.7480,=20.1848,=15.0033
2011-02-28,=3239.5590,,=21288333052869.9063,=14085674683288,=5259768514843.0098,=15.9737,=0.3455,=31.7480,=20.1884,=15.0033
2011-02-25,=3197.6170,,=21128068589912.7969,=13940850497481,=5191631174123.4697,=15.8526,=0.3310,=31.7480,=20.1958,=15.0033
2011-02-24,=3190.9350,,=21110786983554.4063,=13939809794943,=5180218256440.2832,=15.8412,=0.3284,=31.7480,=20.2032,=15.0033
2011-02-23,=3174.7420,,=21012406873605.5000,=13871260821612,=5155246583550.0020,=15.7685,=0.3196,=31.7619,=20.2092,=14.9953
2011-02-22,=3163.5780,,=21018061084410.2969,=13881389526632,=5137974714765.0693,=15.7727,=0.3205,=31.7619,=20.2152,=14.9953
2011-02-21,=3257.9080,,=21573707748505.2969,=14245254488542,=5291235132091.9766,=16.1889,=0.3593,=31.7619,=20.2202,=14.9953
2011-02-18,=3211.8760,,=21366556219935.8008,=14037259500305,=5216342561685.6768,=16.0335,=0.3469,=31.7619,=20.2253,=14.9953
2011-02-17,=3245.9070,,=21565746145821.1055,=14174778888994,=5269936912213.0889,=16.1830,=0.3584,=31.7619,=20.2304,=14.9953
2011-02-16,=3248.5270,,=21587583656427.6016,=14191324048319,=5274814410502.7217,=16.1992,=0.3586,=31.8832,=20.2355,=14.9913
2011-02-15,=3217.6710,,=21442014146081.0039,=14083745812587,=5225530837560.6436,=16.0899,=0.3519,=31.8832,=20.2375,=14.9913
2011-02-14,=3219.1430,,=21419296652500.3008,=14085177548798,=5228328482258.0615,=16.0729,=0.3507,=31.8832,=20.2395,=14.9913
2011-02-11,=3120.9560,,=20832113932373.2969,=13678240502931,=5069031807353.2041,=15.6323,=0.2974,=31.8832,=20.2410,=14.9913
2011-02-10,=3104.1630,,=20767950850764.8984,=13632901256656,=5042723098724.3057,=15.5841,=0.2898,=31.8832,=20.2426,=14.9913
2011-02-09,=3040.9490,,=20457605597718.5000,=13408932001412,=4939458978919.9971,=15.3512,=0.2470,=31.9109,=20.2466,=14.9897
2011-02-01,=3077.2830,,=20686093061630.6953,=13570070582873,=4998143098736.5176,=15.5227,=0.2775,=31.9109,=20.2506,=14.9897
2011-01-31,=3076.5080,,=20638708801975.5938,=13448854526090,=4995743759987.4072,=15.4898,=0.2721,=31.9109,=20.2520,=14.9897
2011-01-28,=3036.7350,,=20366724101378,=13290797617255,=4931874808590.1816,=15.2859,=0.2362,=31.9109,=20.2534,=14.9897
2011-01-27,=3026.4660,,=20374655296102.7969,=13280730196096,=4915575798253.4844,=15.2919,=0.2371,=31.9109,=20.2539,=14.9897
2011-01-26,=2978.4310,,=20077209219253.8008,=13091009112979,=4838721817818.1094,=15.0686,=0.2139,=31.9199,=20.2544,=14.9876
2011-01-25,=2938.6540,,=19872014395158.8984,=12958292351268,=4775235620254.6855,=14.9175,=0.1949,=31.9199,=20.2567,=14.9876
2011-01-24,=2954.2320,,=19967657935763.6016,=13016769325146,=4799394130944.7891,=14.9897,=0.2000,=31.9199,=20.2591,=14.9897
2011-01-21,=2983.4560,,=20099182747038.6016,=13086220363659,=4848951200290.8184,=15.0896,=0.2158,=31.9199,=20.2605,=14.9913
2011-01-20,=2944.7130,,=19818614909936.6992,=12901160721164,=4786139585643.3330,=14.8790,=0.1932,=31.9199,=20.2619,=14.9913
2011-01-19,=3044.8510,,=20405366635797.0039,=13295069858731,=4947539953588.6475,=15.3195,=0.2395,=32.0346,=20.2650,=14.9913
2011-01-18,=2977.6480,,=20061126277340.2070,=13067392067806,=4838012094448.3867,=15.0610,=0.2119,=32.0346,=20.2681,=14.9913
2011-01-17,=2974.3500,,=20051129568268.9961,=13062404546999,=4832162326956.8135,=15.0535,=0.2100,=32.0346,=20.2683,=14.9913
2011-01-14,=3091.8620,,=20692012553147.0977,=13452809398537,=5023714499134.2637,=15.5347,=0.2721,=32.0346,=20.2685,=14.9913
2011-01-13,=3141.2840,,=20930721976498.9961,=13605306518977,=5103551432691.0225,=15.7139,=0.3036,=32.0346,=20.2686,=14.9913
2011-01-12,=3142.3370,,=20850063337294.1992,=13543133792674,=5104464210301.2783,=15.6533,=0.2917,=32.2854,=20.2687,=14.9876
2011-01-11,=3124.9220,,=20742962129250.1016,=13448994833049,=5075777386373.5313,=15.5729,=0.2791,=32.2854,=20.2707,=14.9876
2011-01-10,=3108.1870,,=20605236969378.3086,=13337744907560,=5048678918146.1406,=15.4695,=0.2636,=32.2854,=20.2727,=14.9876
2011-01-07,=3166.6240,,=20917126277297.3984,=13553288287581,=5143462165780.5547,=15.7037,=0.3009,=32.2854,=20.2805,=14.9876
2011-01-06,=3159.6430,,=20764471767414,=13436870016132,=5129918721647.1689,=15.5891,=0.2833,=32.2854,=20.2883,=14.9876
2011-01-05,=3175.6620,,=20899556662700.6055,=13513102664840,=5155065093485.5938,=15.6905,=0.2999,=32.4709,=20.2903,=14.9821
2011-01-04,=3189.6820,,=21038524916408.6055,=13606740023628,=5181029928957.4492,=15.7948,=0.3130,=32.4709,=20.2923,=14.9821
2010-12-31,=3128.2610,,=20157476464701.3008,=13234743024489,=4977727906912.1934,=15.3364,=0.2416,=32.4709,=20.3100,=14.9821
2010-12-30,=3064.0980,,=19819840036141.1016,=13024908107303,=4848014242521.5596,=15.0796,=0.2138,=32.4709,=20.3276,=14.9821
2010-12-29,=3061.8300,,=19752511358174.3047,=12981856282132,=4845625879153.3330,=15.0283,=0.2075,=32.4709,=20.3299,=14.9821
2010-12-28,=3044.9310,,=19653706638445.8984,=12865830121882,=4817096010541.6797,=14.9532,=0.1976,=32.4711,=20.3321,=14.9695
2010-12-27,=3099.7090,,=19977037825093.3984,=13060017780834,=4903281573027.3633,=15.1992,=0.2221,=32.4711,=20.3397,=14.9821
2010-12-24,=3162.9550,,=20305024752899.0117,=13155302778197,=5005556991701.4189,=15.4487,=0.2561,=32.4711,=20.3473,=14.9821
2010-12-23,=3188.6070,,=20425395321157.3086,=13228784789299,=5043930652904.4814,=15.5403,=0.2707,=32.4711,=20.3561,=14.9821
2010-12-22,=3215.4530,,=20523761923428.5117,=13310848562897,=5084649058056.6592,=15.6151,=0.2824,=32.4711,=20.3650,=14.9821
2010-12-21,=3249.5090,,=20710417359846.3945,=13437754089804,=5138681940298.0850,=15.7571,=0.3028,=32.5504,=20.3691,=14.9695
2010-12-20,=3178.6570,,=20311471578804.9961,=13172176844959,=5026748361529.0732,=15.4536,=0.2576,=32.5504,=20.3732,=14.9695
2010-12-17,=3225.6610,,=20606590188802.7930,=13355915855306,=5101726014941.4834,=15.6781,=0.2939,=32.5504,=20.3777,=14.9695
2010-12-16,=3230.6650,,=20668344205616.9023,=13402628980809,=5110558530399.3398,=15.7251,=0.2977,=32.5504,=20.3822,=14.9695
2010-12-15,=3247.6440,,=20767716468855.5078,=13462175118492,=5137891434539.4268,=15.8007,=0.3073,=32.5504,=20.3842,=14.9695
2010-12-14,=3269.4740,,=20906819917627.5977,=13551677905593,=5173325938537.1582,=15.9066,=0.3184,=32.5805,=20.3863,=14.9579
2010-12-13,=3261.0610,,=20912372671289.5977,=13550339435808,=5160636468636.3945,=15.8973,=0.3179,=32.5805,=20.3937,=14.9579
2010-12-10,=3161.9770,,=20323572994585.8008,=13121661859294,=5007803621168.3926,=15.4497,=0.2580,=32.5805,=20.4011,=14.9579
2010-12-09,=3123.3660,,=20109120832470.6016,=12992917918891,=4945919182064.9229,=15.2867,=0.2342,=32.5805,=20.4053,=14.9579
2010-12-08,=3171.8820,,=20360655126360.8008,=13163604326585,=5022852926967.1377,=15.4779,=0.2612,=32.5805,=20.4095,=14.9579
2010-12-07,=3200.3390,,=20575758981893.8008,=13308017580358,=5069802119125.5039,=15.6414,=0.2854,=32.5840,=20.4111,=14.9562
2010-12-06,=3165.5700,,=20445914448170.4961,=13224160243606,=5015510873396.1436,=15.5408,=0.2703,=32.5840,=20.4128,=14.9562
2010-12-03,=3158.1560,,=20294203896176.4023,=13050608092613,=5002285027433.4697,=15.4254,=0.2538,=32.5840,=20.4220,=14.9562
2010-12-02,=3155.0590,,=20280049761997.3984,=13026477359487,=4996097657948.0801,=15.4147,=0.2518,=32.5840,=20.4313,=14.9562
2010-12-01,=3136.0240,,=20081757944130.9063,=12922663934318,=4965580931926.8711,=15.2640,=0.2323,=32.5840,=20.4318,=14.9562
2010-11-30,=3136.9850,,=20054875983235.8008,=12921900299758,=4967178478940.1445,=15.2435,=0.2303,=32.6455,=20.4322,=14.9465
2010-11-29,=3190.0500,,=20345979908407.6055,=13096508052273,=5051527841838.3018,=15.4648,=0.2589,=32.6455,=20.4350,=14.9465
2010-11-26,=3194.8530,,=20388401499914.6055,=13053661671827,=5056471808756.5566,=15.4993,=0.2620,=32.6455,=20.4378,=14.9465
2010-11-25,=3223.4840,,=20596997219882.5039,=13182869093166,=5103416364956.9727,=15.6579,=0.2834,=32.6455,=20.4547,=14.9465
2010-11-24,=3177.0430,,=20342583227607.3945,=13006600002493,=5030529006170.7607,=15.4645,=0.2588,=32.6455,=20.4715,=14.9465
2010-11-23,=3107.1760,,=20105889820842.8984,=12869929990613,=4914064433316.9785,=15.2846,=0.2341,=33.2202,=20.4732,=14.8932
2010-11-22,=3171.9410,,=20496488236291.8945,=13122799434554,=5015706405415.0957,=15.5815,=0.2738,=33.2202,=20.4749,=14.8932
2010-11-19,=3178.8460,,=20595201230246.1016,=13178185877086,=5024951963390.0879,=15.6566,=0.2813,=33.2202,=20.4785,=14.8932
2010-11-18,=3147.9620,,=20496235533006.9023,=13118286224439,=4976546762170.3545,=15.5813,=0.2727,=33.2202,=20.4820,=14.8932
2010-11-17,=3103.9060,,=20283222868590.8945,=12969340244447,=4906593356740.0469,=15.4194,=0.2524,=33.2202,=20.4844,=14.8932
2010-11-16,=3169.5380,,=20608894515335.5977,=13158612808904,=5009814800332.8584,=15.6670,=0.2805,=33.3182,=20.4868,=14.8846
2010-11-15,=3314.8930,,=21526905885155.6016,=13763145900478,=5239093270339.1201,=16.3648,=0.3453,=33.3182,=20.4885,=14.8846
2010-11-12,=3291.8330,,=21361753674197.6016,=13670338202268,=5198806747323.2100,=16.2393,=0.3346,=33.3182,=20.4901,=14.8846
2010-11-11,=3509.9750,,=22448965074275.1016,=14388986002500,=5540446482646.8564,=17.0658,=0.3723,=33.3182,=20.4958,=14.8846
2010-11-10,=3499.1110,,=22105424561433.9961,=14127139740095,=5521202282602.0049,=16.8046,=0.3660,=33.3182,=20.5014,=14.8846
2010-11-09,=3523.9540,,=22258620005239.4922,=14220142064266,=5561315942986.7041,=16.9211,=0.3692,=33.3271,=20.5066,=14.8762
2010-11-08,=3548.5660,,=22459957687878.5039,=14364693650501,=5601522655484.0137,=17.0741,=0.3717,=33.3271,=20.5119,=14.8762
2010-11-05,=3520.7980,,=22327831883398.5000,=12281416066611,=5557802337982.6211,=16.9737,=0.3712,=33.3271,=20.5147,=14.8762
2010-11-04,=3480.5050,,=22034035718722.6016,=12106727287228,=5493878328797.7217,=16.7504,=0.3641,=33.3271,=20.5176,=14.8762
2010-11-03,=3420.3410,,=21659254952599.8047,=11917588825655,=5400567496159.3398,=16.4673,=0.3525,=33.3271,=20.5249,=14.8762
2010-11-02,=3463.1310,,=21769930874293.8945,=12009215716558,=5462938483935.8418,=16.5514,=0.3572,=33.4709,=20.5323,=14.8681
2010-11-01,=3472.9950,,=21841035316912.7109,=12050827685571,=5476533624778.7783,=16.6055,=0.3583,=33.4709,=20.5324,=14.8681
2010-10-29,=3379.9830,,=21273782468842.1992,=11741262448872,=5316504800794.1924,=16.3890,=0.3489,=33.4709,=20.5326,=14.8681
2010-10-28,=3397.6920,,=21442684531411.3047,=11813819830739,=5322636392263.4678,=16.8932,=0.3669,=33.4709,=20.5370,=14.8681
2010-10-27,=3403.8720,,=21473799931902.1992,=11840621136878,=5326466517153.4707,=17.2419,=0.3731,=33.4709,=20.5415,=14.8681
2010-10-26,=3466.0840,,=21824606625277.1055,=12036788798043,=5411301082461.4541,=17.5511,=0.3823,=33.6203,=20.5445,=14.8587
2010-10-25,=3481.0810,,=21957063115312.7070,=12118143246975,=5427916832482.5352,=17.6835,=0.3841,=33.6203,=20.5475,=14.8587
2010-10-22,=3378.6550,,=21386869283838.7070,=11799394884305,=5266505852784.4971,=17.2578,=0.3747,=33.6203,=20.5492,=14.8587
2010-10-21,=3374.6850,,=21466673880967.5117,=11820984798911,=5278516323957.3301,=17.3164,=0.3757,=33.6203,=20.5508,=14.8587
2010-10-20,=3396.8790,,=21649496829903.3047,=11907014292826,=5315053546334.3311,=17.4590,=0.3790,=33.6203,=20.5524,=14.8587
2010-10-19,=3375.6740,,=21613780341716.8008,=11848548339182,=5278657497780.7168,=17.4181,=0.3778,=33.8210,=20.5540,=14.8491
2010-10-18,=3306.1600,,=21304525455196.8008,=11633899409505,=5173733808342.4746,=17.1655,=0.3706,=33.8210,=20.5568,=14.8491
2010-10-15,=3327.6830,,=21405377831262.8008,=11678279389582,=5202527651610.9072,=17.2481,=0.3746,=33.8210,=20.5595,=14.8491
2010-10-14,=3224.1400,,=20620034409158.8047,=11244872389345,=5025014128268.4619,=16.6153,=0.3607,=33.8210,=20.5612,=14.8491
2010-10-13,=3217.5770,,=20337807968304.3008,=11167948248478,=5014682440893.3652,=16.3881,=0.3513,=33.8210,=20.5630,=14.8491
2010-10-12,=3172.7260,,=20159355336210.8945,=11048898728215,=4944235277827.7256,=16.2435,=0.3403,=33.8442,=20.5673,=14.8445
2010-10-11,=3132.8950,,=19899551219148.1055,=10908963910942,=4883931571383.9268,=16.0341,=0.3263,=33.8442,=20.5717,=14.8445
2010-10-08,=3044.2330,,=19337802731867.6992,=10224253257207,=4746500440896.9102,=15.5815,=0.2779,=33.8442,=20.5729,=14.8445
2010-09-30,=2935.5740,,=18690507870596.3984,=9882839725464,=4578653500728.0586,=15.0599,=0.2204,=33.8442,=20.5741,=14.8445
2010-09-29,=2874.8120,,=18374183794273.6992,=9706545492050,=4481554042256.8115,=14.8051,=0.1965,=33.8442,=20.5895,=14.8445
2010-09-28,=2880.9070,,=18340769698495.3984,=9689306974243,=4491276491152.8945,=14.7781,=0.1937,=33.8850,=20.6049,=14.8445
2010-09-27,=2905.0290,,=18472575294211.5977,=9768432026802,=4528223958105.5586,=14.8846,=0.2029,=33.8850,=20.6049,=14.8491
2010-09-21,=2857.4760,,=18260044615337.3984,=9562959711131,=4454372507448.3750,=14.7134,=0.1895,=33.8850,=20.6050,=14.8491
2010-09-20,=2849.8280,,=18211629709660.6953,=9536072427999,=4443190874923.9951,=14.6744,=0.1843,=33.8850,=20.6082,=14.8587
2010-09-17,=2861.3690,,=18254702348667.5000,=9532329767117,=4460110528691.3193,=14.7091,=0.1883,=33.8850,=20.6114,=14.8681
2010-09-16,=2857.7890,,=18266929280143.1992,=9528193607537,=4454053166554.2822,=14.7189,=0.1884,=34.0056,=20.6135,=14.8681
2010-09-15,=2913.1940,,=18609843556702.6016,=9706621132198,=4539581201755.2100,=14.9953,=0.2066,=34.0056,=20.6156,=14.8762
2010-09-14,=2965.0090,,=18864188983382.4023,=9862509827579,=4619321131141.3467,=15.2002,=0.2264,=34.0056,=20.6190,=14.8762
2010-09-13,=2962.3190,,=18884465080703.1016,=9861949869041,=4614607129264.6641,=15.2165,=0.2266,=34.0056,=20.6224,=14.8762
2010-09-10,=2932.5540,,=18733504996008.2969,=9778040891885,=4567592139452.9180,=15.0944,=0.2184,=34.0056,=20.6255,=14.8762
2010-09-09,=2926.4600,,=18725643371580.5000,=9765287519210,=4558130281838.3613,=15.0881,=0.2179,=34.0145,=20.6285,=14.8681
2010-09-08,=2980.9670,,=19006470972461.4063,=9929674222918,=4643289546876.2119,=15.3143,=0.2369,=34.0145,=20.6345,=14.8681
2010-09-07,=2983.1080,,=19054830657062.1016,=9956476952593,=4648447391950.2549,=15.3533,=0.2402,=34.0145,=20.6405,=14.8681
2010-09-06,=2975.0900,,=19050662285767.3047,=9938369313533,=4636968802026.0947,=15.3499,=0.2396,=34.0145,=20.6456,=14.8681
2010-09-03,=2920.2050,,=18715516625994.0039,=9758907741648,=4550548392611.8750,=15.0799,=0.2178,=34.0145,=20.6507,=14.8681
2010-09-02,=2921.3930,,=18749490107349.8984,=9765067306098,=4552406604306.6240,=15.1073,=0.2202,=34.1484,=20.7000,=14.8587
2010-09-01,=2884.0420,,=18554969182594.7031,=9647606170621,=4478531294838.4922,=14.9821,=0.2059,=34.1484,=20.7492,=14.8587
2010-08-31,=2903.1880,,=18646240243482.5000,=9696676106140,=4506864160011.3330,=15.0558,=0.2160,=34.1484,=20.7617,=14.8587
2010-08-30,=2915.0100,,=18776035227129.4961,=9760913758015,=4527138819514.8506,=15.1972,=0.2230,=34.1484,=20.7741,=14.8587
2010-08-27,=2858.5660,,=18506800813589.3047,=9593221883364,=4435851742736.6240,=15.2176,=0.2232,=34.1484,=20.7862,=14.8587
2010-08-26,=2850.0930,,=18470020939273.5039,=9575920601947,=4424270080904.7461,=15.4271,=0.2462,=34.1498,=20.7984,=14.8491
2010-08-25,=2843.0230,,=18430416415077.5977,=9534742608764,=4419654068326.6533,=15.5373,=0.2586,=34.1498,=20.8246,=14.8491
2010-08-24,=2911.8270,,=18821587582360.8008,=9748171812072,=4527056056748.4150,=15.8770,=0.3000,=34.1498,=20.8509,=14.8491
2010-08-23,=2896.1920,,=18766054260152.7070,=9712380465479,=4506798057600.7461,=15.8683,=0.2979,=34.1498,=20.8587,=14.8491
2010-08-20,=2898.3330,,=18813658655531.2031,=9730712810219,=4503465270139.8164,=16.0045,=0.3104,=34.1498,=20.8665,=14.8491
2010-08-19,=2955.3950,,=19114646956896.1914,=9868523437768,=4590283937630.7100,=16.3123,=0.3328,=34.2511,=20.8676,=14.8445
2010-08-18,=2937.3620,,=18938183429062.7031,=9792398339083,=4559864110633.3584,=16.2153,=0.3224,=34.2511,=20.8687,=14.8445
2010-08-17,=2942.2910,,=18980976317929.3125,=9800279404065,=4563853440048.1230,=16.2958,=0.3310,=34.2511,=20.8879,=14.8445
2010-08-16,=2922.0830,,=18918407144554.4023,=9755367265431,=4535611303097.3750,=16.2589,=0.3259,=34.2511,=20.9072,=14.8445
2010-08-13,=2855.5470,,=18530087136129.3047,=9542639966119,=4434469307858.4229,=15.9464,=0.3062,=34.2511,=20.9232,=14.8445
2010-08-12,=2816.3860,,=18322081941793.8945,=9430509292650,=4374424839872.6309,=15.7740,=0.2903,=34.3179,=20.9392,=14.8375
2010-08-11,=2850.2110,,=18543318179113.7031,=9547081708810,=4426912453752.1768,=16.0071,=0.3105,=34.3179,=20.9512,=14.8375
2010-08-10,=2832.6380,,=18481750869757.6992,=9493658872876,=4397776655099.7212,=15.9602,=0.3077,=34.3179,=20.9631,=14.8375
2010-08-09,=2918.2410,,=18985746748215.3008,=9760147523745,=4531007262381.8213,=16.4136,=0.3326,=34.3179,=20.9673,=14.8375
2010-08-06,=2897.6590,,=18924039043095.8008,=9721245420123,=4495458785186.0254,=16.3641,=0.3313,=34.3179,=20.9715,=14.8375
2010-08-05,=2850.8290,,=18669617463496.4023,=9583199424200,=4423825408921.5381,=16.1602,=0.3184,=34.3652,=21.0257,=14.8309
2010-08-04,=2876.4340,,=18849782238426.6953,=9674700544731,=4463860173884.5078,=16.3273,=0.3295,=34.3652,=21.0798,=14.8309
2010-08-03,=2865.9710,,=18804637934633.3984,=9657051337380,=4447942301531.2490,=16.2883,=0.3274,=34.3652,=21.0995,=14.8309
2010-08-02,=2917.2750,,=19135860336721.3008,=9830697336688,=4527825114579.9805,=16.5794,=0.3385,=34.3652,=21.1192,=14.8309
2010-07-30,=2868.8460,,=18889306275339.0117,=9683727914821,=4452440631811.3486,=16.3666,=0.3302,=34.3652,=21.1195,=14.8309
2010-07-29,=2877.9760,,=18975733592561.9102,=9720819731474,=4465540449778.0674,=16.4452,=0.3320,=34.4327,=21.1197,=14.8287
2010-07-28,=2863.7240,,=17997879494288.2969,=9650177945023,=4417885320734.2100,=16.5230,=0.3354,=34.4327,=21.1206,=14.8287
2010-07-27,=2795.7240,,=17594889424047.8984,=9418587301206,=4312472109206.0781,=16.1520,=0.3194,=34.4327,=21.1215,=14.8287
2010-07-26,=2811.0550,,=17677629460720.4023,=9464389414575,=4336957300726.8862,=16.2352,=0.3243,=34.4327,=21.1239,=14.8287
2010-07-23,=2793.0760,,=17612673729318.0938,=9432964334954,=4308762128874.1509,=16.1770,=0.3214,=34.4327,=21.1263,=14.8287
2010-07-22,=2781.2860,,=17528231507945.0020,=9385230425520,=4290388631580.6211,=16.0994,=0.3170,=34.4810,=21.1277,=14.8281
2010-07-21,=2747.3350,,=17347893487708.5977,=9286023946301,=4238033357455.4663,=15.9369,=0.3087,=34.4810,=21.1290,=14.8281
2010-07-20,=2741.5030,,=17275980530543.9941,=9241762457801,=4229154817911.4082,=15.8708,=0.3027,=34.4810,=21.1334,=14.8281
2010-07-19,=2682.4720,,=16988121472472.7969,=9075369828607,=4139486634955.2642,=15.6057,=0.2718,=34.4810,=21.1378,=14.8281
2010-07-16,=2616.1280,,=16611591348413.3008,=8828628293501,=4037866666100.9800,=15.2598,=0.2315,=34.4810,=21.1552,=14.8281
2010-07-15,=2608.5190,,=16587115766478.1992,=8808643460959,=4026115273372.8462,=15.2373,=0.2301,=34.5584,=21.1726,=14.8004
2010-07-14,=2653.6090,,=16919364092237.0059,=8996714069015,=4095830475468.8970,=15.5425,=0.2631,=34.5584,=21.1987,=14.8004
2010-07-13,=2634.5930,,=16804017597131.1973,=8937115190665,=4066309228295.8301,=15.4365,=0.2523,=34.5584,=21.2249,=14.8004
2010-07-12,=2676.2180,,=17056479821432,=9066490949137,=4128501480411.7852,=15.6685,=0.2760,=34.5584,=21.2286,=14.8004
2010-07-09,=2647.1040,,=16947450236127.1992,=8983484813370,=4082022167210.9941,=15.5683,=0.2660,=34.5584,=21.2324,=14.8004
2010-07-08,=2575.9210,,=16572630238980.2949,=8780091697435,=3973093578352.6831,=15.2240,=0.2294,=34.5756,=21.2380,=14.7909
2010-07-07,=2580.4770,,=16654739198624.9004,=8790171269336,=3979931851872.6660,=15.2994,=0.2343,=34.5756,=21.2436,=14.7909
2010-07-06,=2562.9020,,=16590975024899.8008,=8749284222297,=3953069858167.6870,=15.2408,=0.2306,=34.5756,=21.2445,=14.7909
2010-07-05,=2512.6510,,=16281151513009.0977,=8575291199025,=3874880115234.1738,=14.9562,=0.2104,=34.5756,=21.2454,=14.7909
2010-07-02,=2534.1050,,=16372236430921.9004,=8628031081494,=3906926203969.8130,=15.0399,=0.2200,=34.5756,=21.2462,=14.7909
2010-07-01,=2526.0710,,=16295567371390.8008,=8600591670837,=3894555898689.8911,=14.9695,=0.2115,=34.7341,=21.2470,=14.7859
2010-06-30,=2563.0700,,=16052865966215.6035,=8677829222334,=3917265395755.8931,=14.9913,=0.2124,=34.7341,=21.2602,=14.7859
2010-06-29,=2592.0190,,=16222661153218.1992,=8781848529760,=3962889809754.6748,=15.1499,=0.2252,=34.7341,=21.2734,=14.7859
2010-06-28,=2716.7770,,=16894829800305.6035,=9144531104303,=4152173470290.6929,=15.7776,=0.2861,=34.7341,=21.2852,=14.7859
2010-06-25,=2736.2870,,=16990705072296.6055,=9196225402776,=4181273546608.8242,=15.8671,=0.2934,=34.7341,=21.2969,=14.7859
2010-06-24,=2757.4980,,=16999778266136.5059,=9177600850931,=4213016154484.2461,=15.8756,=0.2936,=34.7442,=21.2990,=14.7718
2010-06-23,=2758.4950,,=17079423881776.1016,=9251954431415,=4214465745975.4072,=15.9500,=0.2986,=34.7442,=21.3011,=14.7718
2010-06-22,=2783.7200,,=17204746756781.5996,=9306056578538,=4241715029894.5571,=16.0670,=0.3043,=34.7442,=21.3133,=14.7718
2010-06-21,=2780.6630,,=17203175189600.1992,=9299640085897,=4236839816346.3350,=16.0655,=0.3038,=34.7442,=21.3254,=14.7718
2010-06-18,=2696.1660,,=16690252547644.4004,=9005289810296,=4107752387668.7944,=15.5865,=0.2644,=34.7442,=21.3436,=14.7718
2010-06-17,=2742.7330,,=16922632142663.2969,=9149089290556,=4177616237469.4448,=15.8035,=0.2876,=34.7854,=21.3618,=14.7653
2010-06-11,=2758.8660,,=16961014654598.0039,=9177123179024,=4202480684098.2441,=15.8394,=0.2902,=34.7854,=21.3633,=14.7653
2010-06-10,=2750.0230,,=16846557658457.9961,=9109827451753,=4188616710323.5562,=15.7325,=0.2794,=34.7854,=21.3648,=14.7653
2010-06-09,=2782.1330,,=17057904902628.5059,=9254819380690,=4238617938377.5020,=15.9299,=0.2955,=34.7854,=21.3705,=14.7653
2010-06-08,=2699.3360,,=16524088753258.2988,=8936284133660,=4112062232989.6592,=15.4314,=0.2488,=34.7854,=21.3761,=14.7653
2010-06-07,=2695.7150,,=16602506100255.0996,=8997108709477,=4106128392646.6777,=15.5046,=0.2570,=34.8012,=21.4000,=14.7489
2010-06-04,=2744.3910,,=16938860192884.5059,=9172942988334,=4180412349720.4121,=15.8187,=0.2882,=34.8012,=21.4239,=14.7489
2010-06-03,=2736.0760,,=16967181459577.4004,=9183249886466,=4168568896608.8232,=15.8451,=0.2892,=34.8012,=21.4510,=14.7489
2010-06-02,=2757.5270,,=17089137120610.8066,=9239853231635,=4200532471080.5962,=15.9590,=0.2943,=34.8012,=21.4781,=14.7489
2010-06-01,=2744.1620,,=17098084656627.0059,=9236450670690,=4169086213269.8882,=15.9674,=0.2953,=34.8012,=21.4893,=14.7489
2010-05-31,=2773.2640,,=17222991113307,=9312092105798,=4212199539909.3701,=16.0840,=0.2979,=34.8912,=21.5004,=14.7418
2010-05-28,=2850.3020,,=17593016091877.8008,=9526528163670,=4328333601091.6421,=16.4296,=0.3102,=34.8912,=21.5054,=14.7418
2010-05-27,=2859.9790,,=17618427125307.8984,=9540875320692,=4343027641888.8828,=16.4533,=0.3112,=34.8912,=21.5104,=14.7418
2010-05-26,=2813.9440,,=17437400401571.0059,=9457349731934,=4274391995773.4810,=16.2843,=0.3066,=34.8912,=21.5109,=14.7418
2010-05-25,=2813.9430,,=17432438065799.1992,=9437786336126,=4274417043694.7310,=16.2796,=0.3061,=34.8912,=21.5115,=14.7418
2010-05-24,=2873.4690,,=17823837277280.1953,=9638497241685,=4365230799786.0376,=16.6451,=0.3160,=34.9302,=21.5146,=14.7036
2010-05-21,=2768.7910,,=17279810234629.7012,=9319685923701,=4206517108235.0352,=16.1371,=0.3010,=34.9302,=21.5177,=14.7036
2010-05-20,=2726.0220,,=17095899263678.1992,=9191740590958,=4141982781792.8271,=15.9653,=0.2964,=34.9302,=21.5421,=14.7036
2010-05-19,=2762.1740,,=17264424050684.0996,=9290634405073,=4196542976367.1870,=16.1227,=0.2998,=34.9302,=21.5665,=14.7036
2010-05-18,=2771.3480,,=17322060255112.1992,=9311271531653,=4211562301919.9150,=16.1766,=0.3009,=34.9302,=21.5735,=14.7036
2010-05-17,=2714.7150,,=17052888935040.8965,=9164342133952,=4124738090871.2378,=15.9252,=0.2955,=35.0192,=21.5804,=14.7005
2010-05-14,=2868.0230,,=17900371266850.8008,=9568412156416,=4358821445812.4092,=16.7166,=0.3143,=35.0192,=21.6817,=14.7005
2010-05-13,=2886.9110,,=18038675496884.9961,=9639447209374,=4388349890106.4380,=16.8458,=0.3185,=35.0192,=21.7830,=14.7005
2010-05-12,=2818.1600,,=17691783089068.8984,=9426238529994,=4285009584671.4141,=16.5218,=0.3099,=35.0192,=21.8128,=14.7005
2010-05-11,=2800.8170,,=17503535737048.4023,=9332544279706,=4256388724221.6572,=16.3460,=0.3069,=35.0192,=21.8427,=14.7005
2010-05-10,=2858.2330,,=17803601251021.3086,=9508593087608,=4344099222643.9780,=16.6263,=0.3120,=35.0464,=21.8614,=14.6952
2010-05-07,=2836.7890,,=17655312587974.1016,=9427371729072,=4310099703195.4360,=16.4878,=0.3091,=35.0464,=21.8802,=14.6952
2010-05-06,=2896.8560,,=17991728753600.8008,=9605057632412,=4399019668611.0020,=16.8019,=0.3142,=35.0464,=21.9079,=14.6952
2010-05-05,=3036.3940,,=18769775596094.5000,=10026655280104,=4610012922826.3408,=17.5384,=0.3266,=35.0464,=21.9357,=14.6952
2010-05-04,=3019.4490,,=18726430216452.3945,=9989529113649,=4584852431623.4521,=17.4979,=0.3260,=35.0464,=22.1270,=14.6952
2010-04-30,=3067.3650,,=18981970294214.1055,=10135563984773,=4659724925176.8594,=17.8493,=0.3304,=35.0472,=22.3184,=14.6862
2010-04-29,=3060.0640,,=18847181724604.1016,=10084410230503,=4625860616125.8740,=18.2699,=0.3371,=35.0472,=22.3309,=14.6862
2010-04-28,=3097.3530,,=18956160978417.8008,=10155596155924,=4676969369321.3174,=18.8206,=0.3431,=35.0472,=22.3433,=14.6862
2010-04-27,=3108.4090,,=18978034868063.5000,=10037958990275,=4679094417519.0293,=19.3656,=0.3596,=35.0472,=22.5115,=14.6862
2010-04-26,=3171.9970,,=19340914083824.8984,=10218014779739,=4771616819760.5752,=19.9897,=0.4007,=35.0472,=22.6796,=14.6862
2010-04-23,=3190.0030,,=19457933850385.2930,=10272985365943,=4787206881358.6094,=20.3276,=0.4319,=35.0482,=22.7090,=14.6768
2010-04-22,=3201.5410,,=19545148846214.6016,=10322304752374,=4798084077720.9639,=20.9072,=0.4682,=35.0482,=22.7384,=14.6768
2010-04-21,=3236.6790,,=19832613579057.4961,=10448052598242,=4851933986928.4326,=21.2454,=0.4800,=35.0482,=22.7785,=14.6768
2010-04-20,=3173.3740,,=19521945301470.8008,=10270566548381,=4757546463822.0156,=21.1290,=0.4755,=35.0482,=22.8185,=14.6768
2010-04-19,=3176.4230,,=19582968885281.8984,=10306084846226,=4723727248337.3428,=21.4239,=0.4865,=35.0482,=22.8404,=14.6768
2010-04-16,=3356.3320,,=20609994649517.3984,=10834092092374,=4987211660710.5215,=22.8622,=0.5000,=35.0944,=22.8622,=14.6652
2010-04-15,=3394.5740,,=20868590697350.3906,=10961248896483,=5044296452629.3906,=23.2314,=0.5020,=35.0944,=22.9636,=14.6652
2010-04-14,=3403.7070,,=20840903797224.0898,=10951612386407,=5057168900339.0605,=23.2120,=0.5016,=35.0944,=22.8185,=14.6652
2010-04-13,=3391.7160,,=20848095435551.1055,=10941208812134,=5037948575404.7607,=23.2999,=0.5045,=35.0944,=22.7785,=14.6652
2010-04-12,=3351.4780,,=20543569115096.0078,=10794262699767,=4977929425062.4834,=23.1087,=0.5016,=35.0944,=22.7384,=14.6652
2010-04-09,=3379.1700,,=20721209212600.5977,=10889889593572,=5014041432388.9424,=23.3387,=0.5045,=35.1144,=22.7090,=14.6606
2010-04-08,=3346.7440,,=20559492500053.3984,=10801485396883,=4964645160208.2686,=23.2577,=0.5025,=35.1144,=22.6796,=14.6606
2010-04-07,=3386.9490,,=20795726243082.3008,=10923493507468,=5023647242069.3838,=23.9771,=0.5136,=35.1144,=22.5115,=14.6606
2010-04-06,=3405.1450,,=20890276570003.0039,=10974881765030,=5031236416462.8350,=24.1094,=0.5198,=35.1144,=22.3433,=14.6606
2010-04-02,=3407.3460,,=20902492879650.3008,=10992238537632,=5034904479509.3047,=24.1304,=0.5218,=35.1144,=22.3309,=14.6606
2010-04-01,=3391.9350,,=20830255338713.2070,=10960031277031,=5013053836229.2383,=24.3655,=0.5256,=35.1687,=22.3184,=14.6574
2010-03-31,=3345.6070,,=20596886296169.6016,=10826233040522,=4945067991452.5811,=24.0983,=0.5194,=35.1687,=22.1270,=14.6574
2010-03-30,=3366.7080,,=20765299388982.1992,=10913185033991,=4980511015787.0215,=24.5369,=0.5331,=35.1687,=21.9357,=14.6574
2010-03-29,=3358.5400,,=20729761573759.6016,=10887193023123,=4975001931607.7188,=24.5302,=0.5327,=35.1687,=21.9079,=14.6574
2010-03-26,=3275.0020,,=20240348131973.8984,=10616345160921,=4851578507841.7500,=24.6107,=0.5339,=35.1687,=21.8802,=14.6574
2010-03-25,=3229.1280,,=19974185236472.2031,=10469422736520,=4784751335456.7041,=24.5273,=0.5327,=35.1726,=21.8614,=14.6554
2010-03-24,=3276.6690,,=20221879800611.6055,=10596657594631,=4856443957917.2324,=24.3789,=0.5274,=35.1726,=21.8427,=14.6554
2010-03-23,=3275.5730,,=20207232204089.3008,=10578135944049,=4854037566368.6553,=24.8726,=0.5427,=35.1726,=21.8128,=14.6554
2010-03-22,=3302.6280,,=20344566259625.5039,=10653247612850,=4894797012846.7988,=25.1601,=0.5548,=35.1726,=21.7830,=14.6554
2010-03-19,=3293.8710,,=20320572548663.3047,=10634623817448,=4881186130128.3945,=25.1742,=0.5569,=35.1726,=21.6817,=14.6554
2010-03-18,=3267.5550,,=20166022956378.1016,=10556755219896,=4841484921259.1221,=25.0556,=0.5516,=35.1954,=21.5804,=14.6493
2010-03-17,=3273.9160,,=20221848279814.6992,=10587163821608,=4849182284476.7490,=25.1617,=0.5554,=35.1954,=21.5735,=14.6493
2010-03-16,=3203.9710,,=19857242778069.6953,=10383325556495,=4742658190855.1602,=24.7081,=0.5392,=35.1954,=21.5665,=14.6493
2010-03-15,=3183.1830,,=19771980737234.8047,=10317710330748,=4707298840172.4590,=24.6406,=0.5371,=35.1954,=21.5421,=14.6493
2010-03-12,=3233.1260,,=20035355988836.6992,=10444634503340,=4766837331860.4502,=25.0475,=0.5509,=35.1954,=21.5177,=14.6493
2010-03-11,=3276.7050,,=20276780373151.2031,=10575730385136,=4830660180157.2275,=25.4804,=0.5689,=35.2293,=21.5146,=14.6453
2010-03-10,=3279.6940,,=20237710109237.3984,=10560842648065,=4835415132225.6572,=25.4487,=0.5661,=35.2293,=21.5115,=14.6453
2010-03-09,=3305.8630,,=20355625955059.7031,=10628815950313,=4867848939329.4521,=25.6633,=0.5799,=35.2293,=21.5109,=14.6453
2010-03-08,=3286.1780,,=20214504614852.0039,=10553921925820,=4829975064636.3438,=25.5191,=0.5695,=35.2293,=21.5104,=14.6453
2010-03-05,=3259.7640,,=20091118126158.5039,=10484331225932,=4791814089128.7998,=25.3634,=0.5616,=35.2293,=21.5054,=14.6453
2010-03-04,=3250.5730,,=20056076183116.6016,=10465597849915,=4778272776932.7705,=25.3491,=0.5612,=35.3233,=21.5004,=14.6424
2010-03-03,=3335.0810,,=20491882453713,=10701125599201,=4903852534652.5703,=25.9626,=0.5903,=35.3233,=21.4893,=14.6424
2010-03-02,=3311.2360,,=20376425900265.6016,=10635896307247,=4869415913073.9111,=25.8163,=0.5866,=35.3233,=21.4781,=14.6424
2010-03-01,=3324.4230,,=20480633859867.2070,=10680782076447,=4886948122268.3652,=25.9790,=0.5904,=35.3233,=21.4271,=14.6424
2010-02-26,=3281.6660,,=20229977602904.2930,=10508182353834,=4824563976051.8945,=25.6751,=0.5816,=35.3233,=21.3761,=14.6424
2010-02-25,=3292.1280,,=20309621344937.3984,=10540730391724,=4838422819362.4219,=25.7741,=0.5830,=35.4315,=21.3705,=14.6369
2010-02-24,=3244.4830,,=20059367248865.4063,=10403844661418,=4767106297645.7412,=25.4557,=0.5691,=35.4315,=21.3648,=14.6369
2010-02-23,=3198.6340,,=19822837671165.8984,=10272751059271,=4700072087851.0381,=25.1556,=0.5595,=35.4315,=21.3633,=14.6369
2010-02-22,=3233.3450,,=20047185923953,=10378417600179,=4751378008159.5703,=25.4403,=0.5684,=35.4315,=21.3618,=14.6369
2010-02-12,=3251.2780,,=20179913958192.6016,=10443733827807,=4777967684986.6963,=25.6087,=0.5773,=35.4315,=21.3436,=14.6369
2010-02-11,=3220.3980,,=19955782502049.2070,=10332326121805,=4732108309831.0273,=25.3223,=0.5643,=35.4527,=21.3254,=14.6219
2010-02-10,=3214.1300,,=19911267653537.0977,=10311192080077,=4724034414963.1963,=25.2829,=0.5639,=35.4527,=21.3133,=14.6219
2010-02-09,=3169.1900,,=19680888404553,=10181314884581,=4657826208258.5459,=24.9972,=0.5585,=35.4527,=21.3011,=14.6219
2010-02-08,=3150.9880,,=19585073720092.1055,=10136113654438,=4631343826132.8535,=24.8974,=0.5530,=35.4527,=21.2990,=14.6219
2010-02-05,=3153.0870,,=19611165148739.6016,=10154967574896,=4635460203133.2158,=24.9274,=0.5560,=35.4527,=21.2969,=14.6219
2010-02-04,=3218.8020,,=19990299881002.0938,=10312888471246,=4731720215106.7363,=25.4104,=0.5658,=35.4799,=21.2852,=14.6128
2010-02-03,=3230.7150,,=20117108382570.5039,=10354516269221,=4748886496616.2471,=25.5963,=0.5740,=35.4799,=21.2734,=14.6128
2010-02-02,=3146.1890,,=19603967966721.8008,=10098310467648,=4625219295275.9346,=24.9434,=0.5574,=35.4799,=21.2602,=14.6128
2010-02-01,=3152.7070,,=19625417591299.5039,=10118586939782,=4634286951941.8564,=24.9735,=0.5579,=35.4799,=21.2470,=14.6128
2010-01-29,=3204.1550,,=19961541971798.5938,=10279659827646,=4707779730050.9150,=25.4012,=0.5652,=35.4799,=21.2453,=14.6128
2010-01-28,=3206.5700,,=20011249344312,=10303091462312,=4711590039194.4580,=25.4645,=0.5666,=35.5080,=21.2436,=14.6082
2010-01-27,=3198.5660,,=20013167275756.6016,=10287018947765,=4700703267097.5078,=25.4669,=0.5670,=35.5080,=21.2380,=14.6082
2010-01-26,=3242.7970,,=20274695378825.8984,=10427396396560,=4767230170697.1328,=25.7997,=0.5795,=35.5080,=21.2324,=14.6082
2010-01-25,=3328.0140,,=20714096916398.8945,=10667245499305,=4888010021454.9951,=26.3588,=0.5962,=35.5080,=21.2286,=14.6082
2010-01-22,=3366.1970,,=20912339672959,=10760020209550,=4947338182532.1992,=26.6111,=0.6062,=35.5080,=21.2249,=14.6082
2010-01-21,=3408.5740,,=21037159709799.9063,=10852181807537,=5006647205988.9307,=26.7699,=0.6144,=35.5621,=21.1987,=14.5984
2010-01-20,=3394.4340,,=20969105959590.4023,=10795207158297,=4983080568207.0068,=26.6833,=0.6106,=35.5621,=21.1726,=14.5984
2010-01-19,=3507.4820,,=21591555543673.6914,=11147956160542,=5149300271632.9287,=27.4754,=0.6575,=35.5621,=21.1552,=14.5984
2010-01-18,=3500.6840,,=21536409541514.2891,=11138631893712,=5139971665851.8379,=27.4052,=0.6521,=35.5621,=21.1378,=14.5984
2010-01-15,=3482.7380,,=21489508907146.3008,=11108095553288,=5114846328831.0410,=27.3455,=0.6466,=35.5621,=21.1321,=14.5984
2010-01-14,=3469.0510,,=21449143823932.6055,=11059434216396,=5094442286155.7627,=27.2942,=0.6437,=35.6527,=21.1263,=14.5895
2010-01-13,=3421.1440,,=21222248302142.8945,=10921911495374,=5023648418612.8926,=27.0055,=0.6288,=35.6527,=21.1239,=14.5895
2010-01-12,=3534.9160,,=22006117348110.3008,=11305224619043,=5191035792270.9893,=28.0029,=0.6828,=35.6527,=21.1215,=14.5895
2010-01-11,=3482.0520,,=21623788439263.5938,=11124781241695,=5112759620072.8984,=27.5164,=0.6575,=35.6527,=21.1206,=14.5895
2010-01-08,=3480.1300,,=21530256223269.5977,=10535930207816,=5109839468969.2500,=27.3974,=0.6511,=35.6527,=21.1197,=14.5895
2010-01-07,=3471.4560,,=21542148602742.9023,=10520153756711,=5096743875903.3340,=27.4125,=0.6534,=35.6961,=21.1195,=14.5810
2010-01-06,=3541.7270,,=21964765621538.3984,=10751354684927,=5200008991538.1035,=27.9503,=0.6808,=35.6961,=21.1192,=14.5810
2010-01-05,=3564.0380,,=22173944383341.7930,=10842699571821,=5234333295798.1006,=28.2165,=0.6961,=35.6961,=21.0995,=14.5810
2010-01-04,=3535.2290,,=21932326057982.7070,=10762252909128,=5193486032177.5693,=27.9090,=0.6802,=35.6961,=21.0798,=14.5810
2009-12-31,=3575.6840,,=21913753676032.8984,=10805645525039,=5200164028895.1943,=28.4767,=0.7095,=35.6961,=21.0257,=14.5810
2009-12-30,=3558.8570,,=21813369462620.8945,=10753275885473,=5176653729339.3203,=28.3463,=0.7014,=35.8025,=20.9715,=14.5774
2009-12-29,=3500.7370,,=21383054000471.8008,=10571597072557,=5091797346202.2598,=27.7871,=0.6794,=35.8025,=20.9673,=14.5774
2009-12-28,=3478.4330,,=21242339328684.1992,=10499646726039,=5073003063329.8867,=27.6131,=0.6704,=35.8025,=20.9631,=14.5774
2009-12-25,=3424.7830,,=20937735799391.7969,=10346462345571,=4994690773894.2422,=27.2171,=0.6466,=35.8025,=20.9512,=14.5774
2009-12-24,=3438.8170,,=21042647264407.1055,=10386008871231,=5015784536917.4688,=27.3535,=0.6551,=35.8025,=20.9392,=14.5774
2009-12-23,=3336.4800,,=20510781840923,=10107085811308,=4867319931288.3564,=26.6621,=0.6190,=35.8181,=20.9039,=14.5457
2009-12-22,=3305.5430,,=20353766788953.6992,=10018574774946,=4821765100888.0566,=26.4580,=0.6126,=35.8181,=20.8687,=14.5457
2009-12-21,=3396.6220,,=20812443240116.9961,=10218412279183,=4954138177618.8994,=27.0543,=0.6393,=35.8181,=20.8676,=14.5457
2009-12-18,=3391.7350,,=20788715483170.1914,=10161267821643,=4948010648095.1992,=27.0234,=0.6381,=35.8181,=20.8665,=14.5457
2009-12-17,=3480.1530,,=21196487938164.8008,=10358467575985,=5077121517273.1201,=27.5535,=0.6640,=35.8181,=20.8587,=14.5457
2009-12-16,=3560.7230,,=21656784019060.1953,=10589617093937,=5194343155930.8135,=28.1518,=0.6909,=35.8390,=20.8509,=14.5363
2009-12-15,=3583.3410,,=21807674186853.8984,=10665365405361,=5227210292359.4424,=28.3480,=0.6994,=35.8390,=20.8246,=14.5363
2009-12-14,=3612.7530,,=22036330726457.8086,=10753594317046,=5270763348495.4785,=28.6452,=0.7132,=35.8390,=20.7984,=14.5363
2009-12-11,=3575.0200,,=21602455578480.2969,=10560293925003,=5213996073499.4482,=28.0812,=0.6866,=35.8390,=20.7862,=14.5363
2009-12-10,=3577.2370,,=21642970851416.4922,=10580224070022,=5216843604363.9697,=28.1339,=0.6907,=35.8390,=20.7741,=14.5363
2009-12-09,=3554.4780,,=21550083502250.8984,=10533084887667,=5183289904019.2305,=28.0131,=0.6851,=35.8453,=20.7617,=14.5299
2009-12-08,=3624.0190,,=21921487441305.1055,=10695922569568,=5284551270582.5439,=28.4959,=0.7069,=35.8453,=20.7492,=14.5299
2009-12-07,=3668.8320,,=22188078633462.6992,=10816680157710,=5348920137431.9512,=28.8425,=0.7181,=35.8453,=20.7000,=14.5299
2009-12-04,=3643.4910,,=22119199493376.3047,=10672424725762,=5312655169059.9736,=28.7529,=0.7143,=35.8453,=20.6507,=14.5299
2009-12-03,=3590.8760,,=21614366553254.5938,=10482018844924,=5235462671166.7861,=28.0967,=0.6902,=35.8453,=20.6456,=14.5299
2009-12-02,=3597.3290,,=21684495969279.5898,=10514062014343,=5246850230150.4688,=28.1879,=0.6943,=35.8549,=20.6405,=14.5276
2009-12-01,=3560.8310,,=21469057257310.8984,=10410345032932,=5191905391846.7305,=27.9078,=0.6852,=35.8549,=20.6345,=14.5276
2009-11-30,=3511.6690,,=21236652624785.8984,=10238661617452,=5118413167182.9863,=27.6057,=0.6743,=35.8549,=20.6285,=14.5276
2009-11-27,=3382.5100,,=20611916188825.5938,=9892115439604,=4931590021793.3535,=26.7936,=0.6342,=35.8549,=20.6255,=14.5276
2009-11-26,=3485.7730,,=21111635116366.5039,=10112613872556,=5082715408604.1523,=27.4432,=0.6658,=35.8549,=20.6224,=14.5276
2009-11-25,=3629.6290,,=21850447397533.1953,=10508025941236,=5291622290749.7451,=28.4036,=0.7019,=35.9157,=20.6190,=14.5204
2009-11-24,=3548.0800,,=21472778242594.1016,=10312008771183,=5172236604969.8809,=27.9126,=0.6856,=35.9157,=20.6156,=14.5204
2009-11-23,=3665.5090,,=22173411663031.2891,=10639394894823,=5342098371079.5020,=28.8234,=0.7147,=35.9157,=20.6135,=14.5204
2009-11-20,=3631.0130,,=22013791598049.2070,=10558827666587,=5291817058808.9951,=28.6159,=0.7117,=35.9157,=20.6114,=14.5204
2009-11-19,=3642.4370,,=22137051868508.7969,=10618430491967,=5308899238234.9551,=28.7761,=0.7142,=35.9157,=20.6082,=14.5204
2009-11-18,=3630.2290,,=22077297938302.5000,=10594985029717,=5291345310863.6729,=28.6985,=0.7130,=35.9213,=20.6050,=14.5166
2009-11-17,=3628.3540,,=21938089771984.7969,=10534495175659,=5290902432540.4941,=28.5175,=0.7101,=35.9213,=20.6049,=14.5166
2009-11-16,=3625.7980,,=21871499170055.1914,=10510290621184,=5284746475145.8486,=28.4309,=0.7063,=35.9213,=20.6049,=14.5166
2009-11-13,=3518.7220,,=21258611418711.9063,=10215557276289,=5130804071720.0166,=27.6342,=0.6801,=35.9213,=20.5895,=14.5166
2009-11-12,=3499.9920,,=21160419114011.1953,=10146781612496,=5101872448118.1602,=27.5412,=0.6753,=35.9213,=20.5741,=14.5166
2009-11-11,=3495.6740,,=21196470936043.5977,=10152400164114,=5096865422136.1279,=27.5881,=0.6768,=35.9907,=20.5729,=14.5101
2009-11-10,=3503.7760,,=21236959676784.8984,=10166023472961,=5107586220020.2734,=27.6408,=0.6801,=35.9907,=20.5717,=14.5101
2009-11-09,=3495.7880,,=21201287280987.6992,=10137731461432,=5096004331564.5781,=27.5944,=0.6780,=35.9907,=20.5673,=14.5101
2009-11-06,=3483.0210,,=21145600678570.4023,=10103605474155,=5076590828242.8486,=27.5219,=0.6750,=35.9907,=20.5630,=14.5101
2009-11-05,=3464.3180,,=21069150986970.7969,=10073719764852,=5050111552701.9971,=27.4224,=0.6739,=35.9907,=20.5612,=14.5101
2009-11-04,=3453.8880,,=20927385063608.6992,=10005623745431,=5034529448348.8506,=27.2379,=0.6637,=35.9914,=20.5595,=14.4993
2009-11-03,=3435.4250,,=20840422722807.5977,=9960112392164,=5007137060747.2080,=27.1247,=0.6607,=35.9914,=20.5568,=14.4993
2009-11-02,=3392.8030,,=20634217362595.6992,=9859641870425,=4944845148151.7646,=26.8563,=0.6459,=35.9914,=20.5540,=14.4993
2009-10-30,=3280.3720,,=20103751573988.7031,=9568261718792,=4779893318775.2813,=26.3773,=0.6285,=35.9914,=20.5524,=14.4993
2009-10-29,=3247.0510,,=19854541986102.6016,=9445675801280,=4725729839608.4971,=26.4489,=0.6318,=35.9914,=20.5508,=14.4993
2009-10-28,=3329.3270,,=20339149152500.6992,=9665794371498,=4931876602845.4375,=27.4096,=0.6712,=35.9947,=20.5492,=14.4806
2009-10-27,=3314.7220,,=20278973605240.4023,=9635454375600,=4936081289440.9346,=27.3362,=0.6673,=35.9947,=20.5475,=14.4806
2009-10-26,=3414.2390,,=20887745883716.8008,=8607515384559,=5090951594556.4951,=28.3266,=0.6995,=35.9947,=20.5445,=14.4806
2009-10-23,=3413.2520,,=20872114171968.4961,=8613828525986,=5083138149597.4688,=28.5969,=0.7083,=35.9947,=20.5415,=14.4806
2009-10-22,=3347.3200,,=20455907831737.8008,=8449843083737,=4975011653609.8848,=28.0105,=0.6881,=35.9947,=20.5370,=14.4806
2009-10-21,=3369.2850,,=20625469392177.5977,=8513124564130,=5005731661243.2246,=28.2550,=0.6969,=36.0387,=20.5326,=14.4709
2009-10-20,=3377.5740,,=20698460111002.5039,=8540091390734,=5019648573685.2422,=28.5518,=0.7066,=36.0387,=20.5324,=14.4709
2009-10-19,=3329.1580,,=20378341860346.6953,=8413577788097,=4942950462876.3574,=28.1157,=0.6936,=36.0387,=20.5323,=14.4709
2009-10-16,=3241.7090,,=19953821349107.7969,=8190595414780,=4817264698174.7461,=27.5387,=0.6779,=36.0387,=20.5249,=14.4709
2009-10-15,=3239.6430,,=20001763740943.6992,=7511583567626,=4811847733280.5938,=27.6130,=0.6803,=36.0387,=20.5176,=14.4709
2009-10-14,=3227.3990,,=19931876838883.5977,=7488340274957,=4792902356447.8047,=27.5220,=0.6782,=36.0514,=20.5147,=14.4636
2009-10-13,=3198.5170,,=19748332611464.0039,=7428294407885,=4750345218054.7646,=27.2685,=0.6697,=36.0514,=20.5119,=14.4636
2009-10-12,=3151.6320,,=19473013951189.8008,=7321190472913,=4680913053095.7012,=26.9010,=0.6548,=36.0514,=20.5066,=14.4636
2009-10-09,=3163.7080,,=19597456752191.4922,=7347226632443,=4697494219872.7090,=27.0729,=0.6645,=36.0514,=20.5014,=14.4636
2009-09-30,=3004.8050,,=18706271495147.5039,=7002939153246,=4463106070520.2656,=25.8418,=0.6221,=36.0514,=20.4958,=14.4636
2009-09-29,=2972.2860,,=18530482654157.8984,=6929077448387,=4413479710751.5498,=25.5990,=0.6136,=36.0760,=20.4901,=14.4597
2009-09-28,=2972.6430,,=18519248672923.3984,=6926139545394,=4408773058480.5400,=25.5835,=0.6132,=36.0760,=20.4885,=14.4597
2009-09-25,=3058.5280,,=19030612450894.6016,=7099974578520,=4538358629044.0566,=26.2899,=0.6339,=36.0760,=20.4868,=14.4597
2009-09-24,=3080.9260,,=19121309375974.9023,=7155064625001,=4573426702633.1602,=26.4152,=0.6382,=36.0760,=20.4844,=14.4597
2009-09-23,=3060.0690,,=19002534790340.1016,=7122036035024,=4543096578214.0732,=26.2511,=0.6324,=36.0760,=20.4820,=14.4597
2009-09-22,=3131.0260,,=19358669733685.7031,=7240085256028,=4645043275700.1934,=26.7431,=0.6467,=36.0885,=20.4785,=14.4516
2009-09-21,=3208.6040,,=19796354613276.7969,=7405288671189,=4758246284551.6270,=27.3477,=0.6703,=36.0885,=20.4749,=14.4516
2009-09-18,=3199.6890,,=19796553564018.2969,=7375920833229,=4745741702368.3867,=27.3480,=0.6710,=36.0885,=20.4732,=14.4516
2009-09-17,=3320.0960,,=20456681560478.4063,=7645092171086,=4924431075056.6299,=28.2599,=0.6937,=36.0885,=20.4715,=14.4516
2009-09-16,=3258.2360,,=20060925066964.5078,=7503579613941,=4833418078924.0586,=27.7132,=0.6814,=36.0885,=20.4547,=14.4516
2009-09-15,=3302.6420,,=20342250095363.0977,=7602896751466,=4898703679152.9082,=28.1018,=0.6895,=36.0887,=20.4378,=14.4469
2009-09-14,=3293.3940,,=20321045996066.4063,=7578240399048,=4886389530697.0742,=28.0726,=0.6883,=36.0887,=20.4350,=14.4469
2009-09-11,=3238.1330,,=20102386972010.0039,=7442709534676,=4804704573906.1504,=27.7705,=0.6843,=36.0887,=20.4322,=14.4469
2009-09-10,=3162.9140,,=19632533880905.0977,=7272225083928,=4693378181767.3574,=27.1214,=0.6682,=36.0887,=20.4318,=14.4469
2009-09-09,=3194.9090,,=19766277135710.8047,=7342978247364,=4739872019268.1230,=27.3062,=0.6725,=36.0887,=20.4313,=14.4469
2009-09-08,=3170.9670,,=19662886671073.8008,=7296318453776,=4706002515047.6963,=27.1633,=0.6695,=36.1327,=20.4220,=14.4265
2009-09-07,=3104.2080,,=19306861763796.5977,=7151906500809,=4606987856520.5381,=26.6715,=0.6515,=36.1327,=20.4128,=14.4265
2009-09-04,=3077.1420,,=19187714999443.8008,=7096356583109,=4567972957542.4521,=26.5069,=0.6474,=36.1327,=20.4111,=14.4265
2009-09-03,=3051.9640,,=19106406801186.6055,=7041996265116,=4531074686304.3369,=26.3946,=0.6443,=36.1327,=20.4095,=14.4265
2009-09-02,=2890.9260,,=18221069476954.3008,=6690845794699,=4292617403141.0078,=25.1715,=0.6132,=36.1327,=20.4053,=14.4265
2009-09-01,=2843.7000,,=17945229519253,=6590263159364,=4223694473157.0342,=24.7905,=0.6045,=36.1382,=20.4011,=14.4234
2009-08-31,=2830.2710,,=17783384236805.8945,=6549514982083,=4204857540400.4209,=24.4948,=0.5966,=36.1382,=20.3937,=14.4234
2009-08-28,=3046.7810,,=19080988558326.1016,=7037537011174,=4528173010016.4072,=26.3026,=0.6421,=36.1382,=20.3863,=14.4234
2009-08-27,=3156.3010,,=19663448963771.8008,=7273218086125,=4577356629714.3945,=26.6542,=0.6483,=36.1382,=20.3842,=14.4234
2009-08-26,=3172.3860,,=19838667173043.8008,=7294164148930,=4593992848309.9834,=26.7780,=0.6526,=36.1382,=20.3822,=14.4234
2009-08-25,=3109.8300,,=19529908141793.0039,=7150612461613,=4498777990064.8574,=26.4631,=0.6457,=36.1652,=20.3777,=14.4123
2009-08-24,=3229.6000,,=20126238985316.2969,=7408189875520,=4673052740147.3213,=27.0814,=0.6660,=36.1652,=20.3732,=14.4123
2009-08-21,=3203.6240,,=19943765672388.5977,=7350141957115,=4636140878100.7451,=27.6017,=0.6751,=36.1652,=20.3691,=14.4123
2009-08-20,=3144.3900,,=19615256006579.8984,=7217923848591,=4552789678514.8057,=27.0646,=0.6664,=36.1652,=20.3650,=14.4123
2009-08-19,=3014.5680,,=18772093828455.7031,=6938233733144,=4364649660591.8296,=25.8949,=0.6350,=36.1652,=20.3561,=14.4123
2009-08-18,=3171.9860,,=19577695788804.1914,=7263853613244,=4589633860195.7598,=27.0115,=0.6638,=36.1689,=20.3473,=14.4079
2009-08-17,=3140.2710,,=19326373383980.1992,=7134013850712,=4540673803756.5283,=26.4860,=0.6484,=36.1689,=20.3397,=14.4079
2009-08-14,=3344.4620,,=20492185852312.4063,=7581318355746,=4834105237505.3584,=28.0958,=0.6830,=36.1689,=20.3321,=14.4079
2009-08-13,=3440.8200,,=21052745325746.1953,=7801191405934,=4973095687338.1816,=28.8718,=0.6988,=36.1689,=20.3122,=14.4079
2009-08-12,=3397.4000,,=20757810952578.9023,=7717558214447,=4910015590765.4414,=28.4674,=0.6947,=36.1689,=20.2923,=14.4079
2009-08-11,=3556.3750,,=21750837901795.8984,=8063914355325,=5139869726377.1426,=29.9540,=0.7114,=36.1802,=20.2903,=14.3853
2009-08-10,=3544.5390,,=21650887978077,=8033641080161,=5123761979199.1816,=29.7908,=0.7083,=36.1802,=20.2883,=14.3853
2009-08-07,=3555.0950,,=21774910802820.3945,=8040529037090,=5099940721109.6064,=29.8581,=0.7090,=36.1802,=20.2805,=14.3853
2009-08-06,=3663.1200,,=22446708784048.9961,=8280606602338,=5258003482022.1191,=30.7863,=0.7182,=36.1802,=20.2727,=14.3853
2009-08-05,=3740.9360,,=22940379153413.4063,=8432051391759,=5368834058375.3818,=31.4673,=0.7217,=36.1802,=20.2707,=14.3853
2009-08-04,=3786.6150,,=23269716152822.7969,=8524455161808,=5435040775450.6484,=31.9109,=0.7310,=36.1857,=20.2687,=14.3813
2009-08-03,=3787.0330,,=23269146697487.4023,=8529447318914,=5440452561616.3984,=31.9199,=0.7317,=36.1857,=20.2686,=14.3813
2009-07-31,=3734.6220,,=22968850807326.6016,=8305113443282,=5362950279132.9902,=31.4735,=0.7238,=36.1857,=20.2685,=14.3813
2009-07-30,=3634.8180,,=22380239320888.2070,=8049926476209,=5219404633488.1436,=30.6764,=0.7207,=36.1857,=20.2683,=14.3813
2009-07-29,=3558.5080,,=21922159515144.2031,=7855069698645,=5108416603720.9648,=30.0322,=0.7156,=36.1857,=20.2681,=14.3813
2009-07-28,=3755.8180,,=22987542107218.5938,=8257296620648,=5389814510164.4229,=31.4869,=0.7249,=36.2053,=20.2650,=14.3712
2009-07-27,=3743.6260,,=22986714790946.3008,=8229807322801,=5354201454419.3945,=31.4745,=0.7247,=36.2053,=20.2619,=14.3712
2009-07-24,=3667.5560,,=22569539992333,=8050687986727,=5237849966217.4834,=30.8866,=0.7234,=36.2053,=20.2605,=14.3712
2009-07-23,=3651.9690,,=22270885303729.4961,=8023305238636,=5215476181787.9805,=30.4787,=0.7213,=36.2053,=20.2591,=14.3712
2009-07-22,=3606.9240,,=22040822094500.3984,=7920979953211,=5151586923592.3994,=30.1625,=0.7191,=36.2053,=20.2567,=14.3712
2009-07-21,=3539.8320,,=21513789735870.7969,=7782477335300,=5056846523409.4385,=29.4390,=0.7140,=36.2108,=20.2544,=14.3621
2009-07-20,=3591.1230,,=21850307678677.3984,=7892335416036,=5127478278245.9209,=29.8906,=0.7176,=36.2108,=20.2539,=14.3621
2009-07-17,=3519.8090,,=21332048945466.5000,=7741734200253,=5026962555926.5068,=29.1705,=0.7135,=36.2108,=20.2534,=14.3621
2009-07-16,=3501.2400,,=21307396690281.8008,=7720689287715,=5003737438462.6270,=29.1426,=0.7132,=36.2108,=20.2520,=14.3621
2009-07-15,=3493.3050,,=21303426096160.3984,=7710034839866,=4990746372322.2891,=29.1371,=0.7129,=36.2108,=20.2506,=14.3621
2009-07-14,=3454.7530,,=21036890787263.6953,=7637569130999,=4936186579040.0215,=28.7726,=0.7107,=36.2210,=20.2466,=14.3615
2009-07-13,=3361.0110,,=20572829957051.6992,=7432278090443,=4802161157309.0879,=28.1379,=0.6988,=36.2210,=20.2426,=14.3615
2009-07-10,=3398.3100,,=20850598141639.8984,=7512391597159,=4854805101466.1387,=28.5140,=0.7092,=36.2210,=20.2410,=14.3615
2009-07-09,=3396.3040,,=20906084342734.1992,=7505330948470,=4851613050219.0635,=28.5899,=0.7099,=36.2210,=20.2395,=14.3615
2009-07-08,=3352.2690,,=20669323024767.1016,=7403890097508,=4787454959616.4580,=28.2661,=0.7038,=36.2210,=20.2375,=14.3615
2009-07-07,=3340.4930,,=20791820414066.9023,=7396073839731,=4774705294959.4814,=28.4336,=0.7083,=36.2332,=20.2355,=14.3525
2009-07-06,=3374.7530,,=21082123161406.1016,=7467541561535,=4823964477343.4531,=28.8306,=0.7100,=36.2332,=20.2304,=14.3525
2009-07-03,=3327.1350,,=20775550401082.7969,=6551391614145,=4753945819258.5654,=28.4114,=0.7087,=36.2332,=20.2253,=14.3525
2009-07-02,=3282.3590,,=20586770603804.9063,=6471153235754,=4691096007009.1572,=28.1532,=0.7036,=36.2332,=20.2202,=14.3525
2009-07-01,=3237.9030,,=20212179184062.9961,=6383701955274,=4628513232092.9619,=27.6409,=0.6955,=36.2332,=20.2152,=14.3525
2009-06-30,=3166.4740,,=19577914856452.7969,=6222453458800,=4482067555917.2861,=28.0155,=0.7030,=36.2431,=20.2092,=14.3461
2009-06-29,=3179.9720,,=19701128698523.6953,=6248236183515,=4502470905278.3516,=28.1918,=0.7037,=36.2431,=20.2032,=14.3461
2009-06-26,=3128.4210,,=19409161037639.0977,=6127047082877,=4430354408912.8643,=27.7740,=0.7015,=36.2431,=20.1958,=14.3461
2009-06-25,=3117.9210,,=19384448712667.5039,=6111980030078,=4415892884163.7393,=27.7386,=0.7012,=36.2431,=20.1884,=14.3461
2009-06-24,=3120.7300,,=19356567182981.8008,=6115175926097,=4418638800460.2588,=27.6987,=0.6999,=36.2431,=20.1848,=14.3461
2009-06-23,=3083.8950,,=19199922293886.1992,=6036107315163,=4368525558463.0776,=27.4746,=0.6977,=36.2739,=20.1812,=14.3403
2009-06-22,=3082.5630,,=19162642021114.8008,=6020498497384,=4367760227915.2920,=27.4212,=0.6974,=36.2739,=20.1808,=14.3403
2009-06-19,=3080.0010,,=19000027337091.8008,=6017229338736,=4364211368078.8262,=27.1885,=0.6931,=36.2739,=20.1803,=14.3403
2009-06-18,=3057.4280,,=18808225831331.1992,=5968802515312,=4330841373690.6318,=26.9141,=0.6850,=36.2739,=20.1781,=14.3403
2009-06-17,=3010.5880,,=18456333869566.0938,=5884932362241,=4266902331522.2632,=26.4105,=0.6749,=36.2739,=20.1759,=14.3403
2009-06-16,=2961.2200,,=18232726799227.3008,=5783829218284,=4199071203091.4297,=26.0906,=0.6667,=36.2903,=20.1710,=14.3265
2009-06-15,=2966.1920,,=18329084319836.0039,=5789086002787,=4206315906303.1802,=26.2284,=0.6713,=36.2903,=20.1660,=14.3265
2009-06-12,=2906.2860,,=17932495891818.1016,=5678266526633,=4120374299179.3062,=25.6609,=0.6581,=36.2903,=20.1638,=14.3265
2009-06-11,=2961.6290,,=18287332034833.4961,=5786158406324,=4197569570669.3301,=26.1687,=0.6686,=36.2903,=20.1615,=14.3265
2009-06-10,=2989.5950,,=18409872183669.3984,=5827905038320,=4234048146255.7778,=26.3440,=0.6732,=36.2903,=20.1437,=14.3265
2009-06-09,=2960.5560,,=18196630596638.8008,=5763180486519,=4196268561605.1782,=26.0389,=0.6670,=36.2968,=20.1258,=14.3016
2009-06-08,=2948.4780,,=18031944077838.3008,=5732349356838,=4172277184373.1655,=25.8032,=0.6647,=36.2968,=20.1253,=14.3016
2009-06-05,=2939.3060,,=17866660920122,=5708330831081,=4159329550741.7651,=25.5667,=0.6574,=36.2968,=20.1248,=14.3016
2009-06-04,=2953.7510,,=17968392699367.2031,=5736328089821,=4182137293076.8970,=25.7123,=0.6620,=36.2968,=20.1158,=14.3016
2009-06-03,=2939.3870,,=18019270872099.3008,=5708266144987,=4161124043089.5151,=25.7851,=0.6627,=36.2968,=20.1069,=14.3016
2009-06-02,=2865.0990,,=17606013746226.7031,=5577824945819,=4054401923703.2471,=25.1937,=0.6524,=36.3797,=20.1038,=14.2943
2009-06-01,=2858.3420,,=17604761716150.4063,=5563842469111,=4045416641941.2891,=25.1920,=0.6521,=36.3797,=20.1007,=14.2943
2009-05-27,=2759.7120,,=16997501848466.4004,=5375590873903,=3904464310061.8369,=24.3230,=0.6308,=36.3797,=20.0994,=14.2943
2009-05-26,=2719.7640,,=16669950594547.3066,=5298505146933,=3847811801828.7129,=23.8543,=0.6185,=36.3797,=20.0980,=14.2943
2009-05-25,=2752.7160,,=16850716862165.6035,=5349713168985,=3894071836691.4380,=24.1063,=0.6261,=36.3797,=20.0941,=14.2943
2009-05-22,=2740.6770,,=16773089398708.3105,=5261509755375,=3872959961662.7500,=23.9953,=0.6218,=36.3949,=20.0903,=14.2920
2009-05-21,=2750.0100,,=16856621730830.5000,=5272616995628,=3884112274243.7656,=24.1148,=0.6274,=36.3949,=20.0835,=14.2920
2009-05-20,=2812.8650,,=17128848276150.1016,=5391627976530,=3972503313411.9028,=24.5042,=0.6340,=36.3949,=20.0768,=14.2920
2009-05-19,=2840.0840,,=17292708892372.5020,=5441894928640,=4010789385120.1250,=24.7386,=0.6406,=36.3949,=20.0759,=14.2920
2009-05-18,=2810.5730,,=17143415338704.1992,=5318503993312,=3967554908266.6768,=24.5250,=0.6353,=36.3949,=20.0750,=14.2920
2009-05-15,=2796.1160,,=16978103167634.6016,=5215522383358,=3899761155178.0752,=24.4463,=0.6349,=36.3952,=20.0716,=14.2891
2009-05-14,=2792.5970,,=16951256135020.1992,=5210279856571,=3895027071010.9722,=24.4076,=0.6345,=36.3952,=20.0682,=14.2891
2009-05-13,=2814.0050,,=17138948986907.4004,=5248078333185,=3926543687386.5151,=24.6779,=0.6382,=36.3952,=20.0650,=14.2891
2009-05-12,=2788.5620,,=16849543315592.5977,=5201375940588,=3889610391853.7271,=24.2612,=0.6328,=36.3952,=20.0617,=14.2891
2009-05-11,=2725.3160,,=16622344893873.3027,=5064623278560,=3801644868454.4038,=23.9340,=0.6254,=36.3952,=20.0512,=14.2891
2009-05-08,=2789.2190,,=16892670394807.9043,=5173864845145,=3890513042115.7700,=24.3233,=0.6331,=36.4024,=20.0407,=14.2811
2009-05-07,=2767.0760,,=16820563211426.0996,=5193100120107,=3911584605757.7559,=24.0385,=0.6297,=36.4024,=20.0384,=14.2811
2009-05-06,=2764.9790,,=16764127854807.0977,=5194688485993,=3907664752409.5259,=23.9578,=0.6273,=36.4024,=20.0360,=14.2811
2009-05-05,=2727.0140,,=16601766206308.0039,=5119957807174,=3846805700028.3042,=23.6670,=0.6259,=36.4024,=20.0328,=14.2811
2009-05-04,=2714.3010,,=16575950169355.1035,=5094830583951,=3828289301224.3828,=23.6302,=0.6255,=36.4024,=20.0295,=14.2811
2009-04-30,=2622.9260,,=16036107141001.0020,=4925838473777,=3699742656624.7598,=22.8185,=0.6180,=36.4294,=20.0290,=14.2529
2009-04-29,=2605.3700,,=15998533171538.7969,=4889838640895,=3639074212194.7178,=21.7830,=0.6105,=36.4294,=20.0284,=14.2529
2009-04-28,=2518.5310,,=15551502289336.3047,=4723432954403,=3510775294534.7471,=20.8665,=0.5807,=36.4294,=20.0266,=14.2529
2009-04-27,=2513.2920,,=15605917513021.1934,=4716231383878,=3507240628847.9209,=20.4715,=0.5508,=36.4294,=20.0247,=14.2529
2009-04-24,=2572.8880,,=15831276827909.1973,=4780884003608,=3580172077570.2744,=20.2883,=0.5371,=36.4294,=20.0031,=14.2529
2009-04-23,=2593.5640,,=15925035964810.2051,=4807656848987,=3603055976074.0762,=20.3822,=0.5428,=36.4543,=19.9815,=14.2526
2009-04-22,=2576.2810,,=15919154326237.6953,=4773806271003,=3573029974776.9751,=19.5927,=0.4577,=36.4543,=19.9783,=14.2526
2009-04-21,=2675.4420,,=16363005779218.4023,=4957436442917,=3705779371707.9014,=20.1248,=0.5143,=36.4543,=19.9815,=14.2526
2009-04-20,=2707.6670,,=16550067968532.7969,=5017391079252,=3754606877894.2368,=20.1812,=0.5199,=36.4543,=19.9783,=14.2526
2009-04-17,=2650.6910,,=16212719036064.6055,=4890428007891,=3627981510263.8750,=19.6034,=0.4601,=36.4543,=19.9751,=14.2526
2009-04-16,=2687.1060,,=16422801556688.9023,=4941078038569,=3673734261240.5132,=19.3682,=0.4524,=36.4808,=19.9783,=14.2498
2009-04-15,=2686.9900,,=16460507667457.4043,=4938910860291,=3669712303172.0610,=19.2417,=0.4426,=36.4808,=19.9815,=14.2498
2009-04-14,=2676.8720,,=16443517496055.3008,=4921804179120,=3651304657566.8252,=18.9726,=0.4359,=36.4808,=20.0031,=14.2498
2009-04-13,=2656.5180,,=16377453995675.4023,=4880954322722,=3622931594990.2891,=18.8749,=0.4353,=36.4808,=20.0247,=14.2498
2009-04-10,=2595.5300,,=15919369554531.1992,=4768623898467,=3513950124982.0908,=18.2678,=0.4255,=36.4808,=20.0266,=14.2498
2009-04-09,=2517.6690,,=15501839001374.1992,=4621231175619,=3407225325520.2563,=17.7663,=0.4167,=36.4926,=20.0284,=14.2313
2009-04-08,=2479.3480,,=15298131137836.1055,=4550236651828,=3351869763352.2349,=17.4587,=0.4119,=36.4926,=20.0290,=14.2313
2009-04-07,=2576.9500,,=15911079824085.9004,=4734348705839,=3485019951696.1519,=18.1491,=0.4227,=36.4926,=20.0295,=14.2313
2009-04-03,=2570.5030,,=15802988843815.8008,=4688136733072,=3477425799580.5132,=18.0214,=0.4200,=36.4926,=20.0328,=14.2313
2009-04-02,=2576.4000,,=15793244551826.8008,=4701296017502,=3484614465410.0581,=18.0130,=0.4194,=36.4926,=20.0360,=14.2313
2009-04-01,=2548.2220,,=15638408739527.1992,=4652875986253,=3446855838571.7690,=17.8225,=0.4178,=36.4970,=20.0384,=14.2300
2009-03-31,=2507.7890,,=15416134413009.8945,=4583640629694,=3393040020964.0205,=17.7228,=0.4172,=36.4970,=20.0407,=14.2300
2009-03-30,=2484.4870,,=15331451987539.4004,=4537316660868,=3359994664190.1812,=17.5700,=0.4155,=36.4970,=20.0512,=14.2300
2009-03-27,=2498.9310,,=15466006073833.6035,=4538902235390,=3378671405357.3491,=17.3527,=0.4129,=36.4970,=20.0617,=14.2300
2009-03-26,=2479.7890,,=15373394504113.9961,=4499324508942,=3351388450856.5762,=17.2075,=0.4081,=36.4970,=20.0650,=14.2300
2009-03-25,=2401.3270,,=14928127838811.6953,=4355309022168,=3245003197291.9995,=16.4780,=0.3960,=36.6358,=20.0682,=14.2239
2009-03-24,=2451.7830,,=15227623419389.8008,=4448483630805,=3312529245061.1655,=16.6721,=0.3996,=36.6358,=20.0716,=14.2239
2009-03-23,=2439.3950,,=15149468564805.3945,=4424380747600,=3278900085271.2871,=16.5404,=0.3979,=36.6358,=20.0750,=14.2239
2009-03-20,=2379.8380,,=14862874281153,=4314185053293,=3198833220044.5352,=16.2225,=0.3889,=36.6358,=20.0759,=14.2239
2009-03-19,=2382.5640,,=14760366476950.9941,=4319587543183,=3198677722359.2549,=16.0517,=0.3862,=36.6358,=20.0768,=14.2239
2009-03-18,=2332.6520,,=14498785771142.1016,=4225427698825,=3129039103887.8013,=15.7695,=0.3741,=36.6558,=20.0835,=14.2042
2009-03-17,=2322.4030,,=14478567694146.4961,=4204537716468,=3115608952287.6997,=15.7402,=0.3672,=36.6558,=20.0903,=14.2042
2009-03-16,=2241.6140,,=14052880470181.3008,=4060338429110,=3007427600904.7769,=15.2774,=0.3047,=36.6558,=20.0941,=14.2042
2009-03-13,=2205.4220,,=13895598989158.6992,=3991659321740,=2958073422556.4932,=15.1033,=0.2966,=36.6558,=20.0980,=14.2042
2009-03-12,=2215.7000,,=13909373478796.8008,=3996674791146,=2971677918167.1050,=15.1183,=0.2970,=36.6558,=20.0994,=14.2042
2009-03-11,=2220.3800,,=13951880909921.6973,=4005977766789,=2976589710119.9648,=15.1626,=0.2983,=36.7129,=20.1007,=14.1996
2009-03-10,=2240.7820,,=14090635917938.2012,=4042583458436,=3003929324892.6265,=15.3072,=0.3060,=36.7129,=20.1038,=14.1996
2009-03-09,=2202.5270,,=13865020224199.9980,=3971992037186,=2943425338410.0098,=14.9465,=0.2811,=36.7129,=20.1069,=14.1996
2009-03-06,=2286.5760,,=14334169794338.2031,=4120715424711,=3056318041244.4268,=15.4546,=0.3246,=36.7129,=20.1164,=14.1996
2009-03-05,=2304.9190,,=14534804258797.2969,=4151586238712,=3081250503783.2012,=15.6721,=0.3544,=36.7129,=20.1258,=14.1996
2009-03-04,=2285.1490,,=14361254985951.0059,=4115424654452,=3054350989862.2124,=15.4833,=0.3295,=36.7176,=20.1437,=14.1985
2009-03-03,=2142.1540,,=13525203211217.0020,=3856554887324,=2861972866831.2144,=14.5810,=0.2442,=36.7176,=20.1615,=14.1985
2009-03-02,=2164.6660,,=13701279816220.6992,=3890921206106,=2893982466724.4453,=14.7718,=0.2667,=36.7176,=20.1638,=14.1985
2009-02-27,=2140.4890,,=13663408945019.4961,=3752733581004,=2867920534702.3862,=14.7005,=0.2617,=36.7176,=20.1660,=14.1985
2009-02-26,=2190.1850,,=13829502969260.5977,=3839447338245,=2933687599946.7388,=14.8762,=0.2778,=36.7176,=20.1710,=14.1985
2009-02-25,=2304.2510,,=14318731312558.3008,=4037733121893,=3085446592622.0464,=15.3976,=0.3163,=36.7232,=20.1759,=14.1940
2009-02-24,=2301.8490,,=14288700084200.3027,=4039366309241,=3081382482521.2612,=15.3653,=0.3092,=36.7232,=20.1781,=14.1940
2009-02-23,=2410.4810,,=14975096525896.2988,=4236052399633,=3227264644998.6089,=16.1034,=0.3755,=36.7232,=20.1803,=14.1940
2009-02-20,=2344.3200,,=14710195859593.2031,=4120753048747,=3139216618263.3320,=15.8185,=0.3663,=36.7232,=20.1843,=14.1940
2009-02-19,=2298.4120,,=14519475550034.6055,=4040223258005,=3076659469200.2534,=15.6109,=0.3401,=36.7232,=20.1884,=14.1940
2009-02-18,=2275.8430,,=14422452312440.2051,=3991717444199,=3046653859096.5869,=15.5043,=0.3287,=36.7530,=20.1958,=14.1770
2009-02-17,=2385.2930,,=15158485299365.0996,=4184579507125,=3193154635294.0742,=16.2977,=0.3803,=36.7530,=20.2032,=14.1770
2009-02-16,=2462.2450,,=15603463910040.8008,=4323391581494,=3297032981090.8906,=16.7760,=0.3850,=36.7530,=20.2092,=14.1770
2009-02-13,=2399.0650,,=15133998297513.9961,=4210964113796,=3213850343897.0112,=16.2682,=0.3779,=36.7530,=20.2152,=14.1770
2009-02-12,=2318.3430,,=14653319880522.6973,=4068576669295,=3105125173246.1445,=15.7515,=0.3580,=36.7530,=20.2202,=14.1770
2009-02-11,=2331.1380,,=14804068690473.8945,=4081408049487,=3120619331040.3721,=15.9135,=0.3691,=36.7846,=20.2253,=14.1700
2009-02-10,=2326.7550,,=14821508329100.5020,=4069679365392,=3113100709261.7695,=15.9323,=0.3706,=36.7846,=20.2304,=14.1700
2009-02-09,=2296.6720,,=14576787562779.4023,=4015236826407,=3074337277644.0898,=15.6688,=0.3495,=36.7846,=20.2355,=14.1700
2009-02-06,=2237.2800,,=14302125313743.5996,=3907395344746,=2995386940580.6616,=15.3735,=0.3132,=36.7846,=20.2375,=14.1700
2009-02-05,=2150.9710,,=13755391891155.1016,=3757850565195,=2878944089819.9497,=14.7859,=0.2705,=36.7846,=20.2395,=14.1700
2009-02-04,=2166.4140,,=13809986300930.5996,=3784909543336,=2900428527308.1758,=14.8445,=0.2772,=36.8065,=20.2410,=14.1667
2009-02-03,=2108.9100,,=13488774565993.3008,=3687280914314,=2823360755773.7896,=14.4993,=0.2397,=36.8065,=20.2426,=14.1667
2009-02-02,=2057.0630,,=13179373787019.6992,=3599374115541,=2753086105561.2251,=14.1667,=0.2000,=36.8065,=20.2466,=14.1667
2009-01-23,=2032.6820,,=13077933853988.0996,=3534991317546,=2721297419562.2549,=14.0576,=0.1742,=36.8065,=20.2506,=14.1700
2009-01-22,=2044.5510,,=13181081298003.7051,=3547769812473,=2736923046932.9858,=14.1700,=0.1993,=36.8065,=20.2520,=14.1770
2009-01-21,=2021.7100,,=13068067433713.6016,=3509406973263,=2707249281239.6694,=14.0485,=0.1725,=36.8318,=20.2534,=14.1770
2009-01-20,=2025.1900,,=13134310118595.6973,=3518491353845,=2712050350017.0508,=14.1197,=0.1900,=36.8318,=20.2539,=14.1940
2009-01-19,=2012.4650,,=13092881293917.3008,=3491471352645,=2695135080945.5020,=14.0752,=0.1783,=36.8318,=20.2544,=14.1985
2009-01-16,=1990.2140,,=12824692360997.9023,=3452456926862,=2664686546437.1416,=13.7869,=0.1349,=36.8318,=20.2567,=14.1996
2009-01-15,=1954.8740,,=12565504405280.5977,=3390243420181,=2617555092118.5005,=13.5082,=0.0828,=36.8318,=20.2591,=14.2042
2009-01-14,=1955.2440,,=12663945181166.5020,=3385717183702,=2617226389168.8770,=13.6141,=0.1058,=36.8796,=20.2605,=14.2042
2009-01-13,=1876.1850,,=12236390043007.6973,=3246601284960,=2511512111641.3413,=13.1544,=0.0349,=36.8796,=20.2619,=14.2239
2009-01-12,=1920.6870,,=12480638100259.0996,=3321941724816,=2570729314439.8530,=13.4170,=0.0656,=36.8796,=20.2650,=14.2300
2009-01-09,=1918.3650,,=12533256665913.9023,=3316095264027,=2567215625738.7271,=13.4736,=0.0733,=36.8796,=20.2681,=14.2313
2009-01-08,=1887.9910,,=12375006139995.3008,=3260604934599,=2526705310512.0283,=13.3034,=0.0471,=36.8796,=20.2683,=14.2498
2009-01-07,=1931.1780,,=12688565090500.0020,=3333286918494,=2585501256026.5024,=13.6405,=0.1064,=36.9180,=20.2685,=14.2498
2009-01-06,=1942.7950,,=12816127061436.6992,=3350177836339,=2600698111598.7202,=13.7777,=0.1273,=36.9180,=20.2686,=14.2526
2009-01-05,=1882.9590,,=12461912448539.4004,=3232633014583,=2521988598799.4595,=13.3969,=0.0571,=36.9180,=20.2687,=14.2529
2008-12-31,=1817.7220,,=11850355430167.0020,=3022578074553,=2371596407981.7368,=12.9198,=0.0165,=36.9180,=20.2707,=14.2811
2008-12-30,=1833.4350,,=11905695153543.4004,=3051306441801,=2388890484729.9229,=12.9802,=0.0209,=36.9180,=20.2727,=14.2891
2008-12-29,=1854.7570,,=12041006634921.8027,=3070340131261,=2417509046037.6685,=13.1270,=0.0320,=36.9508,=20.2825,=14.2891
2008-12-26,=1862.0960,,=12085834850043.1973,=3032399815888,=2425993926653.3169,=13.1759,=0.0342,=36.9508,=20.2923,=14.2920
2008-12-25,=1870.7650,,=12084653546789.2012,=3031953654640,=2435930609859.7944,=13.1800,=0.0343,=36.9508,=20.3122,=14.2943
2008-12-24,=1887.0750,,=12161132510280.6992,=3040982830849,=2457392427470.4604,=13.2634,=0.0387,=36.9508,=20.3321,=14.3016
2008-12-23,=1918.9550,,=12366641044551.6992,=3093335823676,=2497159681208.2124,=13.4875,=0.0687,=36.9508,=20.3397,=14.3265
2008-12-22,=2017.5490,,=12918288007235.7012,=3252272189122,=2624968904213.4443,=14.0892,=0.1696,=36.9663,=20.3473,=14.3265
2008-12-19,=2052.1140,,=13148522992327.8984,=3304185432870,=2670621491610.4907,=14.3403,=0.1998,=36.9663,=20.3561,=14.3403
2008-12-18,=2045.1020,,=13153860960477,=3292090701308,=2662096803538.0708,=14.3461,=0.2000,=36.9663,=20.3650,=14.3461
2008-12-17,=2001.4200,,=12900613105558.4023,=3223464737376,=2603135261301.0112,=14.0699,=0.1624,=36.9663,=20.3691,=14.3525
2008-12-16,=1994.4500,,=12910676162299.0996,=3212999059527,=2594913454142.8188,=14.0809,=0.1648,=36.9663,=20.3732,=14.3615
2008-12-15,=1975.0340,,=12863494824005.3945,=3183946829376,=2571664454301.8149,=14.0294,=0.1572,=36.9691,=20.3798,=14.3615
2008-12-12,=1960.3800,,=12825766958550.1992,=3157821789211,=2551726957671.8823,=13.9882,=0.1462,=36.9691,=20.3863,=14.3621
2008-12-11,=2046.3370,,=13328291931057.4961,=3294319067686,=2664058871654.5830,=14.5363,=0.2201,=36.9691,=20.3937,=14.3712
2008-12-10,=2096.3930,,=13632509005714.7012,=3371358481346,=2730627159466.0918,=14.8681,=0.2539,=36.9691,=20.4011,=14.3712
2008-12-09,=2040.8470,,=13361630736659.4004,=3280433712128,=2654705932865.5825,=14.5774,=0.2217,=36.9691,=20.4053,=14.3712
2008-12-08,=2095.0360,,=13710415555678.9023,=3369163160085,=2725693766223.1963,=14.9579,=0.2545,=36.9750,=20.4095,=14.3621
2008-12-05,=2013.1750,,=13253771566016.3965,=3237908372107,=2619194951167.7998,=14.4597,=0.2110,=36.9750,=20.4111,=14.3621
2008-12-04,=1982.9280,,=13163776939905.5000,=3187763296835,=2579708488029.7002,=14.3615,=0.1989,=36.9750,=20.4128,=14.3621
2008-12-03,=1952.6680,,=12887458798327.5020,=3134137399304,=2539520689465.6885,=14.0600,=0.1586,=36.9750,=20.4220,=14.3712
2008-12-02,=1868.6310,,=12383620307266.7969,=3000017928069,=2431341767022.8828,=13.5104,=0.0721,=36.9750,=20.4313,=14.3813
2008-12-01,=1864.2050,,=12444616678002.1973,=2994260329645,=2426236983835.2749,=13.5769,=0.0891,=36.9804,=20.4318,=14.3813
2008-11-28,=1829.9240,,=12353874195368.0996,=2937178675066,=2381815902157.4932,=13.4779,=0.0666,=36.9804,=20.4322,=14.3853
2008-11-27,=1870.4730,,=12687123212350.8984,=3000277575121,=2438467115626.1245,=13.8415,=0.1232,=36.9804,=20.4350,=14.4079
2008-11-26,=1843.4950,,=12550020939106.4004,=2954131420690,=2403415756157.0078,=13.6919,=0.1041,=36.9804,=20.4378,=14.4123
2008-11-25,=1834.2940,,=12479702684620.3965,=2936179699365,=2392196225045.4937,=13.6152,=0.0929,=36.9804,=20.4564,=14.4234
2008-11-24,=1837.6420,,=12518712122936.3027,=2942213597928,=2396477227242.5029,=13.6577,=0.0986,=36.9850,=20.4749,=14.4234
2008-11-21,=1920.7350,,=12994673050585.4023,=3073251388125,=2504124922746.1631,=14.1770,=0.1714,=36.9850,=20.4785,=14.4265
2008-11-20,=1932.4280,,=13064206274168.0020,=3074127935511,=2520891810013.1543,=14.2529,=0.1818,=36.9850,=20.4820,=14.4469
2008-11-19,=1953.1630,,=13305947983762.2012,=3107948541808,=2549029809745.1548,=14.5166,=0.2059,=36.9850,=20.4844,=14.4516
2008-11-18,=1839.8190,,=12573607680247.1973,=2924920604405,=2400313128358.5186,=13.7176,=0.1059,=36.9850,=20.4868,=14.4516
2008-11-17,=1987.2250,,=13416214291792.3945,=3160971585346,=2590924025205.9829,=14.6369,=0.2155,=37.0699,=20.4885,=14.4516
2008-11-14,=1943.6540,,=13181906438846.3008,=3088070791450,=2533813910071.0259,=14.3813,=0.1918,=37.0699,=20.4901,=14.4516
2008-11-13,=1874.0820,,=12814609257962.6016,=2979912896929,=2444447025248.5596,=13.9806,=0.1383,=37.0699,=20.4958,=14.4636
2008-11-12,=1801.8230,,=12383979335042.8027,=2867138356332,=2351756682276.8057,=13.5108,=0.0721,=37.0699,=20.5014,=14.4709
2008-11-11,=1781.3610,,=12299599638832.0996,=2832644955691,=2324862570101.1997,=13.4187,=0.0619,=37.0699,=20.5066,=14.4806
2008-11-10,=1801.6650,,=12499209104823.3027,=2867389254592,=2354598772991.2275,=13.6365,=0.0940,=37.0935,=20.5119,=14.4806
2008-11-07,=1677.8270,,=11657699315229.9980,=2667608445049,=2192982908540.9148,=12.7207,=0.0080,=37.0935,=20.5147,=14.5101
2008-11-06,=1649.7760,,=11454940156010.5000,=2620478706167,=2154357963277.8950,=12.4995,=0.0034,=37.0935,=20.5176,=14.5204
2008-11-05,=1691.4200,,=11748762976144.6992,=2684684418426,=2209331191910.2783,=12.8201,=0.0104,=37.0935,=20.5249,=14.5276
2008-11-04,=1627.7590,,=11380785887658.0996,=2583552852644,=2126181606558.7471,=12.4186,=0.0012,=37.0935,=20.5323,=14.5299
2008-11-03,=1653.5420,,=11444538347430.6992,=2619141994224,=2156623980260.9976,=12.4881,=0.0012,=37.1024,=20.5324,=14.5299
2008-10-31,=1663.6600,,=11466872979937.2988,=2633954168796,=2167112480074.6628,=12.5125,=0.0023,=37.1024,=20.5326,=14.5457
2008-10-30,=1697.6560,,=11680306816013.1992,=2688491774745,=2203329224918.7412,=12.7693,=0.0046,=37.1024,=20.5370,=14.5895
2008-10-29,=1658.2230,,=11361506305704.4004,=2619128022942,=2122300968890.4951,=12.5011,=0.0012,=37.1024,=20.5415,=14.5984
2008-10-28,=1705.8200,,=11708909185835.7988,=2696492046918,=2181866892134.0144,=12.6436,=0.0012,=37.1024,=20.5445,=14.6082
2008-10-27,=1654.6710,,=11368041384502.1992,=2612770508451,=2106541380470.4397,=12.2971,=0,=37.1157,=20.5475,=14.6082
2008-10-24,=1781.5980,,=12113792428906.9023,=2819037777027,=2269702452347.3320,=13.1088,=0.0186,=37.1157,=20.5492,=14.6128
2008-10-23,=1834.7800,,=12378149251566.5020,=2892339424765,=2340721825762.3784,=13.4075,=0.0453,=37.1157,=20.5508,=14.6219
2008-10-22,=1833.3230,,=12557412298821.3008,=2896534486824,=2343826657644.8452,=13.5973,=0.0757,=37.1157,=20.5524,=14.6424
2008-10-21,=1881.4060,,=12954356347048.7988,=2970734503206,=2399627047393.4761,=13.9523,=0.1200,=37.1157,=20.5540,=14.6453
2008-10-20,=1896.7330,,=13060306401114.7012,=3000731613126,=2420213966054.5229,=14.0678,=0.1354,=37.1385,=20.5568,=14.6453
2008-10-17,=1833.2620,,=12773024645533.1973,=2900644613027,=2340677350789.3613,=13.7604,=0.0946,=37.1385,=20.5595,=14.6493
2008-10-16,=1820.9030,,=12644414426908.7012,=2880838877109,=2326058221841.2363,=13.6161,=0.0784,=37.1385,=20.5612,=14.6554
2008-10-15,=1914.3560,,=13214581852730.3965,=2988126187423,=2442709138137.4482,=14.2300,=0.1569,=37.1385,=20.5630,=14.6574
2008-10-14,=1934.6190,,=13341918140616.1016,=3018079964303,=2465932364559.0024,=14.3712,=0.1700,=37.1385,=20.5673,=14.6606
2008-10-13,=1985.4860,,=13686373288715.7012,=3100728847000,=2530500297789.1479,=14.7418,=0.2066,=37.1397,=20.5717,=14.6606
2008-10-10,=1906.9600,,=13144285327784.5000,=2972857029373,=2425564592525.2451,=14.1569,=0.1492,=37.1397,=20.5729,=14.6606
2008-10-09,=1995.2970,,=13612034496611.1992,=3109846926564,=2537933541293.7148,=14.6606,=0.1988,=37.1397,=20.5741,=14.6652
2008-10-08,=2022.8810,,=13733012694909.6992,=3149822047469,=2571676342258.3315,=14.7909,=0.2073,=37.1397,=20.5895,=14.6768
2008-10-07,=2102.4480,,=14217871972643.9980,=3273897987736,=2674752049876.5088,=15.3132,=0.2429,=37.1397,=20.6049,=14.6768
2008-10-06,=2128.6960,,=14314531215652.6055,=3310585041740,=2703023887383.0537,=15.4173,=0.2562,=37.1457,=20.6049,=14.6652
2008-09-26,=2243.6570,,=15150106303693,=3487312046014,=2843976820495.6255,=16.2846,=0.3144,=37.1457,=20.6050,=14.6652
2008-09-25,=2223.5320,,=15156657447209.9004,=3457397449221,=2819989119633.5669,=16.2916,=0.3148,=37.1457,=20.6082,=14.6652
2008-09-24,=2138.8530,,=14613378001276.7031,=3327307900540,=2716463858297.9888,=15.7077,=0.2915,=37.1457,=20.6114,=14.6652
2008-09-23,=2123.4780,,=14578159584355.4980,=3302758817683,=2700378029940.6895,=15.6698,=0.2871,=37.1457,=20.6135,=14.6652
2008-09-22,=2207.6140,,=14741187894720.9004,=3439350998271,=2810653900195.7422,=15.8450,=0.3029,=37.1470,=20.6156,=14.6574
2008-09-19,=2073.1130,,=13625061758029,=3228101955562,=2635634028534.8374,=14.6453,=0.1962,=37.1470,=20.6190,=14.6574
2008-09-18,=1895.9900,,=12442283704132.5996,=2931547950882,=2410039754081.3467,=13.3740,=0.0369,=37.1470,=20.6224,=14.6652
2008-09-17,=1929.1350,,=12630658952002.2988,=2990087439470,=2451552542365.8164,=13.5765,=0.0739,=37.1470,=20.6255,=14.6768
2008-09-16,=2000.6510,,=13115549952058.3945,=3104330397609,=2548648154853.0908,=14.0977,=0.1408,=37.1470,=20.6285,=14.6862
2008-09-12,=2077.8460,,=13823523590975.6992,=3219540208795,=2652738469221.8511,=14.8587,=0.2127,=37.1522,=20.6345,=14.6862
2008-09-11,=2072.1260,,=13814588588533.0059,=3211391993747,=2647708680936.0771,=14.8491,=0.2117,=37.1522,=20.6405,=14.6862
2008-09-10,=2143.1760,,=14331861227346.9004,=3316792578706,=2739570208869.0776,=15.4051,=0.2503,=37.1522,=20.6456,=14.6862
2008-09-09,=2139.1450,,=14321636760286.0977,=3307362434496,=2734952494980.0986,=15.3941,=0.2482,=37.1522,=20.6507,=14.6862
2008-09-08,=2126.5180,,=14323011882199.3008,=3285511253995,=2720189196399.9468,=15.3955,=0.2485,=37.1522,=20.7000,=14.6862
2008-09-05,=2183.4320,,=14625818324242.6992,=3372181628709,=2789663171733.1069,=15.7210,=0.2849,=37.1859,=20.7492,=14.6768
2008-09-04,=2251.1460,,=15093993121837.9961,=3473758384324,=2876277697563.9565,=16.2243,=0.3020,=37.1859,=20.7617,=14.6768
2008-09-03,=2245.9640,,=15099356056154.1992,=3467373625868,=2871832885823.3613,=16.2300,=0.3024,=37.1859,=20.7741,=14.6768
2008-09-02,=2285.4110,,=15299018950108.2949,=3520344587531,=2920252525427.8862,=16.4446,=0.3028,=37.1859,=20.7862,=14.6768
2008-09-01,=2309.1710,,=15465766480932.2051,=3553872170270,=2950446197100.4180,=16.6229,=0.3043,=37.1859,=20.7984,=14.6768
2008-08-29,=2391.6400,,=15980942189850.5000,=3673251994503,=3047987329577.2939,=17.1919,=0.3108,=37.2242,=20.8246,=14.6652
2008-08-28,=2335.8650,,=15681741088295.7988,=3587461387521,=2980340436827.2500,=16.9258,=0.3087,=37.2242,=20.8509,=14.6652
2008-08-27,=2325.2920,,=15610144277186.2051,=3570837405188,=2968449523326.2988,=16.5237,=0.3042,=37.2242,=20.8598,=14.6652
2008-08-26,=2331.5320,,=15640155280335.3066,=3575726645826,=2872963099140.4702,=16.8122,=0.3058,=37.2242,=20.8687,=14.6652
2008-08-25,=2400.5480,,=15975640924805.9941,=3680266996531,=2940708631799.6680,=17.2225,=0.3086,=37.2242,=20.9039,=14.6652
2008-08-22,=2404.9280,,=15915121991607.0977,=3682071697042,=2994379458006.5640,=17.4962,=0.3139,=37.2347,=20.9392,=14.6574
2008-08-21,=2443.9790,,=16064585093098.9004,=3737574617650,=3046252646700.9746,=17.8685,=0.3155,=37.2347,=20.9512,=14.6574
2008-08-20,=2532.9400,,=16671282938881.8008,=3875968494973,=3152261592143.3682,=18.6639,=0.3244,=37.2347,=20.9631,=14.6574
2008-08-19,=2348.4720,,=15491500998362.3945,=3595006783814,=2923663604834.1519,=17.3668,=0.3138,=37.2347,=20.9673,=14.6574
2008-08-18,=2313.4020,,=15336484633449.0977,=3461642903411,=2879870390556.9150,=17.2409,=0.3117,=37.2347,=20.9715,=14.6574
2008-08-15,=2447.6150,,=16164571616673.4004,=3648831969285,=2994923749375.2295,=18.1424,=0.3158,=37.2464,=21.0257,=14.6554
2008-08-14,=2443.5120,,=16079221130933.8984,=3619759968058,=2983549787544.9028,=18.0536,=0.3150,=37.2464,=21.0798,=14.6554
2008-08-13,=2444.6720,,=16174703475578.6016,=3621393802525,=2985637983941.3638,=18.1537,=0.3153,=37.2464,=21.0995,=14.6554
2008-08-12,=2444.1550,,=16280719602515.8984,=3625415904875,=2985439094544.8755,=18.2797,=0.3157,=37.2464,=21.1192,=14.6554
2008-08-11,=2456.8110,,=16310335151955.1992,=3641322953080,=3005776431436.3750,=18.3472,=0.3161,=37.2464,=21.1195,=14.6554
2008-08-08,=2591.4620,,=17100779747072.8965,=3826205565983,=3163345624411.1108,=19.2532,=0.3325,=37.2623,=21.1197,=14.6493
2008-08-07,=2720.4420,,=17855265519050.6016,=4016492058988,=3321540106279.6392,=20.1007,=0.4131,=37.2623,=21.1206,=14.6493
2008-08-06,=2721.6930,,=17818026937251.3984,=4017797556650,=3318915771026.9155,=20.0750,=0.4086,=37.2623,=21.1215,=14.6493
2008-08-05,=2703.0790,,=17588398386330.5996,=3985027347878,=3295386928852.5723,=19.8202,=0.3770,=37.2623,=21.1239,=14.6493
2008-08-04,=2773.1500,,=17906719184921.6992,=4067254509757,=3376597606413.4390,=20.1884,=0.4196,=37.2623,=21.1263,=14.6493
2008-08-01,=2840.7880,,=18295066080302.3008,=4166012133634,=3457798871183.1201,=20.6285,=0.4808,=37.2863,=21.1321,=14.6424
2008-07-31,=2805.2100,,=18119026706128.1992,=4106107794909,=3413428491728.2612,=20.4313,=0.4504,=37.2863,=21.1378,=14.6424
2008-07-30,=2884.3840,,=18495827068764.2969,=4221414208763,=3511413492065.8525,=20.8687,=0.4882,=37.2863,=21.1552,=14.6424
2008-07-29,=2905.6300,,=18569752381749.9961,=4248970407571,=3534664091163.9229,=20.9631,=0.4900,=37.2863,=21.1726,=14.6424
2008-07-28,=2960.8510,,=18911355787274.6992,=4334156653808,=3598047010538.5845,=21.3761,=0.5131,=37.2863,=21.1987,=14.6424
2008-07-25,=2939.2020,,=18681445323290.0039,=4298562701138,=3571445980759.7471,=21.1263,=0.4975,=37.2934,=21.1726,=14.6219
2008-07-24,=2977.3620,,=18982641492345.1016,=4353799095592,=3611836326315.5386,=21.4781,=0.5131,=37.2934,=21.1987,=14.6219
2008-07-23,=2883.3200,,=18506340792300,=4215597289563,=3499165348522.9985,=20.9392,=0.4913,=37.2934,=21.1726,=14.6219
2008-07-22,=2904.7430,,=18540412667555.2031,=4241947435286,=3525002926712.3535,=20.9715,=0.4919,=37.2934,=21.1987,=14.6219
2008-07-21,=2911.0510,,=18660446146955.8984,=4253300666669,=3532754950755.6865,=21.1215,=0.4962,=37.2934,=21.2249,=14.6219
2008-07-18,=2815.4620,,=18139955420682.3008,=4106269954227,=3418384570810.6270,=20.5323,=0.4668,=37.3319,=21.2286,=14.6128
2008-07-17,=2718.0680,,=17534956715605.9004,=3956957596360,=3296889246751.9268,=19.8475,=0.3832,=37.3319,=21.2324,=14.6128
2008-07-16,=2745.5960,,=17641283591689.3047,=3991255538914,=3329903180576.6528,=19.9667,=0.4013,=37.3319,=21.2380,=14.6128
2008-07-15,=2852.9790,,=18090261845616.9023,=4142203869577,=3456453430196.4722,=20.4749,=0.4572,=37.3319,=21.2436,=14.6128
2008-07-14,=2975.8740,,=18772424547745.5977,=4302982315045,=3602573381666.2529,=21.2470,=0.5006,=37.3319,=21.2453,=14.6128
2008-07-11,=2953.4980,,=18676000042845.2070,=4272637985942,=3575405932396.6870,=21.1378,=0.4949,=37.3351,=21.2436,=14.6082
2008-07-10,=2973.7280,,=18820241894198.1016,=4301255755355,=3600624016597.2573,=21.3011,=0.5032,=37.3351,=21.2585,=14.6082
2008-07-09,=3015.1260,,=19066995592951.9922,=4358390486444,=3651038754226.4082,=21.5804,=0.5139,=37.3351,=21.2436,=14.6082
2008-07-08,=2901.8410,,=18332641385082.5039,=4194106083525,=3514884897144.4390,=20.7492,=0.4880,=37.3351,=21.2380,=14.6082
2008-07-07,=2882.7630,,=18220574851629.2031,=4170880835068,=3490304355782.8359,=20.6224,=0.4848,=37.3351,=21.2436,=14.6082
2008-07-04,=2741.8520,,=17425841023659.9961,=3963976086124,=3319376641827.7896,=19.7229,=0.3761,=37.3587,=21.2585,=14.5984
2008-07-03,=2760.6120,,=17648665970257.4961,=3984361111706,=3338575426495.3716,=19.9751,=0.4046,=37.3587,=21.2734,=14.5984
2008-07-02,=2699.5970,,=17376822671947.2969,=3900052558823,=3261234324528.3105,=19.6674,=0.3682,=37.3587,=21.2852,=14.5984
2008-07-01,=2698.3470,,=17415401675879.9941,=3897216364887,=3253092807202.7456,=19.7111,=0.3737,=37.3587,=21.2969,=14.5984
2008-06-30,=2791.8190,,=15889912665649.6953,=3859892941462,=3225365894691.2109,=20.2544,=0.4355,=37.3587,=21.3112,=14.5984
2008-06-27,=2816.0210,,=15993464330052.9004,=3887821442461,=3240472571905.1548,=20.3863,=0.4501,=37.3799,=21.3254,=14.5895
2008-06-26,=2980.9070,,=16875359109987.7988,=4110949071104,=3428581523885.0283,=21.5104,=0.5045,=37.3799,=21.3436,=14.5895
2008-06-25,=2969.5370,,=16919407280649.4004,=4079601019206,=3418769628164.2861,=21.5665,=0.5077,=37.3799,=21.3254,=14.5895
2008-06-24,=2851.9150,,=16347992004126.8965,=3925431889808,=3286117740595.5142,=20.8509,=0.4878,=37.3799,=21.3112,=14.5895
2008-06-23,=2789.9410,,=16122246582187.8945,=3843362252331,=3216891215900.5322,=20.5630,=0.4743,=37.3799,=21.3254,=14.5895
2008-06-20,=2849.6680,,=16558353394971.0996,=3920698118813,=3289558175715.7656,=21.1197,=0.4903,=37.3808,=21.3436,=14.5457
2008-06-19,=2773.0760,,=16073568784422.7949,=3806527901867,=3196699848104.3779,=20.5014,=0.4639,=37.3808,=21.3618,=14.5457
2008-06-18,=2991.2730,,=17154530626795.3008,=4101870065037,=3447228368777.3267,=21.8802,=0.5071,=37.3808,=21.3633,=14.5457
2008-06-17,=2842.6760,,=16306382844048.0957,=3885525395043,=3275305875176.1919,=20.7984,=0.4871,=37.3808,=21.3618,=14.5457
2008-06-16,=2952.2420,,=16719594347490.5000,=4025429107051,=3397601623182.3975,=21.3254,=0.4981,=37.3808,=21.3633,=14.5457
2008-06-13,=2979.1170,,=16640774632932.8027,=4047007140217,=3418195894912.1636,=21.2249,=0.4922,=37.4252,=21.3648,=14.5299
2008-06-12,=3084.6330,,=17125171740714.6992,=4179614584594,=3531084635080.9468,=21.8427,=0.5045,=37.4252,=21.4326,=14.5299
2008-06-11,=3140.2990,,=17517670144173.0996,=4255361482613,=3596176465819.2495,=22.3433,=0.5078,=37.4252,=21.3648,=14.5299
2008-06-10,=3206.5620,,=17827393009771.1992,=4348510293681,=3679965708761.3291,=22.7384,=0.5098,=37.4252,=21.3633,=14.5299
2008-06-06,=3489.5020,,=19314999683561.5000,=4740424522553,=4010194499132.2319,=24.6358,=0.5299,=37.4252,=21.3618,=14.5299
2008-06-05,=3512.1380,,=19440201117247.3984,=4762772572941,=4036613578360.5459,=24.7955,=0.5332,=37.4581,=21.3293,=14.5276
2008-06-04,=3546.9160,,=19541176843438.7070,=4800150520892,=4069766582379.4019,=24.9243,=0.5392,=37.4581,=21.2969,=14.5276
2008-06-03,=3614.1110,,=19897902428237,=4888034992642,=4145363283761.8428,=25.3793,=0.5438,=37.4581,=21.2852,=14.5276
2008-06-02,=3625.8260,,=20027806858444.3008,=4909945094240,=4159995322765.3481,=25.5449,=0.5484,=37.4581,=21.2734,=14.5276
2008-05-30,=3611.3300,,=19901124392588.6016,=4882343395518,=4141717492171.8271,=25.3834,=0.5452,=37.4581,=21.2585,=14.5276
2008-05-29,=3580.8680,,=19694167407463.4922,=4830582977225,=4102891672559.8662,=25.1194,=0.5433,=37.4796,=21.2436,=14.5204
2008-05-28,=3676.2300,,=20023048673145.6992,=4957837310767,=4209736870987.7568,=25.5389,=0.5466,=37.4796,=21.2380,=14.5204
2008-05-27,=3576.1970,,=19527188592671.0039,=4809263782183,=4092373836630.1030,=24.9064,=0.5421,=37.4796,=21.2324,=14.5204
2008-05-26,=3559.2170,,=19467851266157.3984,=4786198267894,=4074846278347.4238,=24.8307,=0.5389,=37.4796,=21.2025,=14.5204
2008-05-23,=3675.1470,,=20088907200117.8008,=4929142215385,=4203797501659.0400,=25.6229,=0.5488,=37.4796,=21.1726,=14.5204
2008-05-22,=3711.4440,,=20039763385888.5000,=4963374137048,=4239872795584.7739,=25.5602,=0.5469,=37.4960,=21.1459,=14.5101
2008-05-21,=3783.0490,,=20540475543749.4883,=5070127295782,=4325210755186.4819,=26.1988,=0.5582,=37.4960,=21.1192,=14.5101
2008-05-20,=3710.8180,,=19945415199493.8984,=4975228535503,=4241218507180.7681,=25.4399,=0.5470,=37.4960,=21.0995,=14.5101
2008-05-19,=3914.0720,,=20852042905346.5938,=5239249950204,=4469007682693.3418,=26.5962,=0.5637,=37.4960,=21.0798,=14.5101
2008-05-16,=3936.1210,,=20996551498922.4961,=5270241725775,=4499609279287.7588,=26.7805,=0.5697,=37.4960,=20.9270,=14.5101
2008-05-15,=3948.0880,,=21065252366428.3984,=5161020540232,=4513942556758.9238,=26.8697,=0.5731,=37.5193,=20.7741,=14.4806
2008-05-14,=3975.7820,,=21177639967344.0898,=5196876715050,=4547506832126.0420,=27.0131,=0.5806,=37.5193,=20.7124,=14.4806
2008-05-13,=3851.6870,,=20590820561833.3906,=5034033609662,=4403235540773.3115,=26.2645,=0.5627,=37.5193,=20.6507,=14.4806
2008-05-12,=3904.9200,,=20968650313854.3984,=5107927657015,=4466516711872.5811,=26.7465,=0.5688,=37.5193,=20.6456,=14.4806
2008-05-09,=3878.9240,,=20922591620815.9883,=5060894417263,=4435469184837.5059,=26.6877,=0.5682,=37.5193,=20.6405,=14.4806
2008-05-08,=3925.0410,,=21205642439414,=5124505782082,=4493875054052.3320,=27.0488,=0.5797,=37.5209,=20.6280,=14.4709
2008-05-07,=3821.3190,,=20801001100488.6992,=5000961196352,=4382677777627.4541,=26.5326,=0.5670,=37.5209,=20.6156,=14.4709
2008-05-06,=4010.8880,,=21715936271044.5000,=5255013690052,=4600324320522.7754,=27.6997,=0.5893,=37.5209,=20.6135,=14.4709
2008-05-05,=4055.7790,,=21930898543737.5000,=5261209701579,=4657014593040.9385,=27.9739,=0.5914,=37.5209,=20.6114,=14.4709
2008-04-30,=3959.1190,,=21554638858230.4961,=5152114970478,=4553209682335.6885,=27.5422,=0.5882,=37.5209,=20.6082,=14.4709
2008-04-29,=3776.9430,,=20534259391298.4961,=4903970100815,=4250721167024.7300,=26.9369,=0.5755,=37.5357,=20.6050,=14.4636
2008-04-28,=3729.1540,,=20250480768085.5000,=4846680247380,=4149490900511.8862,=26.6556,=0.5709,=37.5357,=20.6049,=14.4636
2008-04-25,=3803.0700,,=20778924265327.5078,=4921227121825,=4143183393263.5063,=26.7672,=0.5716,=37.5357,=20.6049,=14.4636
2008-04-24,=3774.5040,,=20938953127583.1016,=4893870299710,=3984930040074.4346,=27.1806,=0.5805,=37.5357,=20.5895,=14.4636
2008-04-23,=3453.7270,,=19148851101346.7070,=4478533527882,=3643647203407.8022,=24.9061,=0.5556,=37.5357,=20.5741,=14.4636
2008-04-22,=3296.2770,,=18363494097516.2031,=4270478089550,=3373114110849.6299,=24.4062,=0.5495,=37.5360,=20.5729,=14.4516
2008-04-21,=3267.5540,,=18143335473374.7930,=4228260270037,=3346057382808.7148,=24.1878,=0.5489,=37.5360,=20.5717,=14.4516
2008-04-18,=3272.4990,,=18005347007006,=4224688409395,=3345495731747.1602,=24.1144,=0.5483,=37.5360,=20.5656,=14.4516
2008-04-17,=3386.6300,,=18715750452975.9063,=4365125273119,=3456567079691.5771,=25.1333,=0.5559,=37.5360,=20.5595,=14.4516
2008-04-16,=3494.0160,,=19111131319369.6992,=4485083295214,=3566598420726.5317,=25.6643,=0.5593,=37.5360,=20.5568,=14.4516
2008-04-15,=3583.2990,,=19438337781474.1055,=4601572475289,=3659710538214.3301,=26.0995,=0.5656,=37.6573,=20.5540,=14.4469
2008-04-14,=3536.3270,,=19200464306788.4023,=4542125084358,=3614201280728.2139,=25.8269,=0.5622,=37.6573,=20.5524,=14.4469
2008-04-11,=3783.7280,,=20365047109851.3047,=4863380482901,=3867616464915.1982,=27.3997,=0.5808,=37.6573,=20.5508,=14.4469
2008-04-10,=3754.7150,,=20270811025341.8984,=4823599227668,=3837942032873.1201,=27.2766,=0.5775,=37.6573,=20.5492,=14.4469
2008-04-09,=3688.1250,,=19961426819194.3906,=4739794480752,=3770229337181.8159,=26.9397,=0.5728,=37.6573,=20.5475,=14.4469
2008-04-08,=3891.0590,,=21090101607857.6055,=5004882728277,=3974297539556.9810,=28.4606,=0.5887,=37.7195,=20.5445,=14.4265
2008-04-07,=3845.8220,,=21060544891928.8945,=4956687917657,=3927152427688.7656,=28.3936,=0.5882,=37.7195,=20.5415,=14.4265
2008-04-03,=3650.6980,,=20191229685371.9961,=4707775523044,=3721900435406.4121,=26.8583,=0.5738,=37.7195,=20.5370,=14.4265
2008-04-02,=3547.9770,,=19586459161048.5078,=4572483416658,=3617439723895.1299,=26.0657,=0.5691,=37.7195,=20.5326,=14.4265
2008-04-01,=3582.8550,,=19364199066261.8984,=4581766518560,=3656206388380.4321,=25.7943,=0.5671,=37.7195,=20.5251,=14.4265
2008-03-31,=3790.5300,,=20142893058069.3008,=4829199473708,=3869411751817.3608,=26.8445,=0.5720,=37.7218,=20.5176,=14.4234
2008-03-28,=3918.1560,,=20683672759567.5977,=4973016145586,=3987423105381.0381,=27.6414,=0.5798,=37.7218,=20.5147,=14.4234
2008-03-27,=3748.9200,,=19643937611562.6992,=4745061393825,=3820346824324.1538,=26.2781,=0.5722,=37.7218,=20.5119,=14.4234
2008-03-26,=3914.3700,,=20706846155739.5039,=4950571823376,=3983415022358.7900,=27.8462,=0.5800,=37.7218,=20.5010,=14.4234
2008-03-25,=3905.7740,,=20793135258618.6992,=4935303675979,=3975926049096.7490,=28.3687,=0.5836,=37.7218,=20.4901,=14.4234
2008-03-24,=3857.0910,,=20739590724202.2969,=4874133096265,=3921813839750.1802,=28.3163,=0.5830,=37.7408,=20.4885,=14.4123
2008-03-21,=4037.8300,,=21793729866539.6953,=5115607365205,=4101851375926.7622,=29.7665,=0.5880,=37.7408,=20.4868,=14.4123
2008-03-20,=4001.8320,,=21829665761531.3984,=5075781745545,=4052316886993.7310,=29.8990,=0.5902,=37.7408,=20.4844,=14.4123
2008-03-19,=3888.8610,,=21609516668550.8984,=4937195913337,=3951031354551.2378,=29.7778,=0.5896,=37.7408,=20.4820,=14.4123
2008-03-18,=3763.9480,,=21099345137407.9961,=4779616945455,=3826224156103.7031,=29.1925,=0.5877,=37.7408,=20.4599,=14.4123
2008-03-17,=3965.2790,,=21976665477300.5000,=5030217153460,=4025733575662.5439,=30.4137,=0.5913,=37.7500,=20.4378,=14.4079
2008-03-14,=4157.8710,,=22724327879830.8984,=5261068317328,=4233967723631.3809,=31.6685,=0.5992,=37.7500,=20.4350,=14.4079
2008-03-13,=4198.9600,,=22791928228201.1914,=5317888258914,=4278841550667.8960,=31.7619,=0.6014,=37.7500,=20.4322,=14.4079
2008-03-12,=4309.6480,,=23356509535698.5039,=5455801044674,=4390507993845.8789,=32.5805,=0.6107,=37.7500,=20.4225,=14.4079
2008-03-11,=4441.1840,,=23891064923782.6992,=5625687851130,=4525547478487.4082,=33.3271,=0.6172,=37.7500,=20.4128,=14.4079
2008-03-10,=4431.5890,,=23828116615371.8945,=5624978571182,=4513891148234.0322,=33.2202,=0.6153,=37.9567,=20.4111,=14.3853
2008-03-07,=4621.6850,,=24762869705789.9063,=5860227652570,=4695602598640.9023,=34.5756,=0.6388,=37.9567,=20.4095,=14.3853
2008-03-06,=4685.0300,,=25090854321011.6055,=5952371724225,=4760730267983.1270,=35.0482,=0.6525,=37.9567,=20.4053,=14.3853
2008-03-05,=4628.7240,,=24676502853049.8047,=5866611145516,=4699370598153.4365,=34.4810,=0.6378,=37.9567,=20.4011,=14.3853
2008-03-04,=4671.1480,,=24968474109342.7070,=5908420449932,=4736008089672.2168,=34.8912,=0.6458,=37.9567,=20.3872,=14.3853
2008-03-03,=4790.7440,,=25624901370428.5000,=6071005851068,=4798064415115.7891,=35.8549,=0.6781,=38.0150,=20.3732,=14.3621
2008-02-29,=4674.5500,,=25137486723555.3047,=5693990567650,=4677429179218.1016,=35.1726,=0.6576,=38.0150,=20.3691,=14.3621
2008-02-28,=4622.0560,,=24852937157339.3984,=5627073511188,=4620992755114.0400,=34.7854,=0.6457,=38.0150,=20.3650,=14.3621
2008-02-27,=4639.7680,,=25075882390168.1016,=5651736599251,=4625053238782.6318,=35.1687,=0.6567,=38.0150,=20.3561,=14.3621
2008-02-26,=4515.5330,,=24500800914603.8984,=5420200444398,=4502107298943.0957,=34.3652,=0.6404,=38.0150,=20.3473,=14.3621
2008-02-25,=4519.7830,,=24239457032866.1992,=5413274781624,=4507929233218.4346,=34.0056,=0.6327,=38.0638,=20.3397,=14.3525
2008-02-22,=4702.2410,,=25293304810335.0977,=5622009982701,=4687128612656.6826,=35.5080,=0.6652,=38.0638,=20.3321,=14.3525
2008-02-21,=4876.0300,,=26236502670954.9961,=5832012606374,=4856667824941.7012,=36.8318,=0.7353,=38.0638,=20.3122,=14.3525
2008-02-20,=4908.7170,,=26525064456727.0078,=5871022381234,=4885147477775.9912,=37.2464,=0.7651,=38.0638,=20.2923,=14.3525
2008-02-19,=5020.7530,,=27126054192136.5117,=6009364611120,=4996648804345.8232,=38.1090,=0.8009,=38.0638,=20.2825,=14.3525
2008-02-18,=4910.9920,,=26547121708135.4063,=5876743827361,=4886993996882.8584,=37.2934,=0.7702,=38.0638,=20.2727,=14.3265
2008-02-15,=4813.3110,,=26184581903535.6094,=5752159775953,=4791186103798.6348,=36.7846,=0.7366,=38.0638,=20.2707,=14.3265
2008-02-14,=4880.2520,,=26524472626250.7109,=5832424904201,=4854617138209.9941,=37.2623,=0.7681,=38.0638,=20.2687,=14.3265
2008-02-13,=4816.0840,,=26161990696414.8086,=5751824440395,=4789262575327.7129,=36.7530,=0.7373,=38.0638,=20.2686,=14.3265
2008-02-05,=4921.8290,,=26850045248003.3984,=5876349833310,=4891934682972.0645,=37.7218,=0.7922,=38.0638,=20.2685,=14.3265
2008-02-04,=4950.1240,,=27275474097503.6016,=5725377752345,=4903923777087.4541,=38.3847,=0.8049,=38.1249,=20.2683,=14.3016
2008-02-01,=4571.9450,,=25205007601021.9883,=5286368943477,=4530997915629.2832,=35.4799,=0.6735,=38.0638,=20.2681,=14.3016
2008-01-31,=4620.4010,,=25460624416110.9023,=5326294649341,=4580488804109.8076,=35.8390,=0.6818,=38.0638,=20.2650,=14.3016
2008-01-30,=4710.6520,,=25589708465119.4023,=5427022871948,=4667475310110.3184,=36.0387,=0.6915,=38.0638,=20.2619,=14.3016
2008-01-29,=4762.0830,,=25842660713380.6953,=5482190064070,=4716366994513.5713,=36.3952,=0.7218,=38.0638,=20.2605,=14.3016
2008-01-28,=4731.8830,,=25690868665402.8086,=5446915094782,=4685849039909.5000,=36.1857,=0.7067,=38.1249,=20.2591,=14.2943
2008-01-25,=5077.4290,,=27709806364560.4922,=5841298329275,=5021109603534.0127,=39.0288,=0.8120,=38.1249,=20.2563,=14.2943
2008-01-24,=5027.2130,,=27431158981812.0039,=5776797086219,=4972809851872.1738,=38.6362,=0.8088,=38.0638,=20.2534,=14.2943
2008-01-23,=4975.1110,,=27432838290802.0039,=5704660938888,=4915587736375.6211,=38.6384,=0.8100,=38.0150,=20.2520,=14.2943
2008-01-22,=4753.8680,,=26642489807644.9063,=5448693757685,=4692857155850.1191,=37.5357,=0.7906,=37.9567,=20.2506,=14.2943
2008-01-21,=5145.7340,,=28665510030394.6875,=5894280880438,=5072217449393.6660,=40.3851,=0.8316,=38.0150,=20.2466,=14.2920
2008-01-18,=5414.4680,,=30260881875825,=6198139826369,=5334308626386.7793,=42.6317,=0.8846,=37.9567,=20.2426,=14.2920
2008-01-17,=5365.6240,,=30084054181256.3125,=6141313804775,=5285219503540.6328,=42.3827,=0.8785,=37.7500,=20.2410,=14.2920
2008-01-16,=5505.7170,,=30903335082302.7891,=6294696111153,=5413493343704.1133,=43.5362,=0.9154,=37.7408,=20.2395,=14.2920
2008-01-15,=5696.4500,,=31892541182533.9102,=6513972937752,=5600669063282.2266,=44.9305,=0.9569,=37.7195,=20.2375,=14.2920
2008-01-14,=5731.7570,,=32247699854090.1992,=6551025744013,=5630215684014.2979,=45.4306,=0.9673,=37.7195,=20.2355,=14.2891
2008-01-11,=5699.1470,,=32193575387614.6992,=6511220215836,=5592850882905.7959,=45.3548,=0.9672,=37.6573,=20.2304,=14.2891
2008-01-10,=5672.1540,,=31996119486821.2031,=6476475818415,=5563785232772.7207,=45.0766,=0.9642,=37.5360,=20.2253,=14.2891
2008-01-09,=5613.7580,,=31828553560066,=6405741315882,=5500330680595.0352,=44.8403,=0.9611,=37.5209,=20.2202,=14.2891
2008-01-08,=5528.0540,,=31579451466126.6992,=6234266946520,=5373613836479.4756,=44.4892,=0.9536,=37.5193,=20.2152,=14.2891
2008-01-07,=5556.5930,,=31516744100324.3008,=6270889497789,=5410114081107.5010,=44.4001,=0.9535,=37.5193,=20.2092,=14.2811
2008-01-04,=5483.6500,,=31392846096393.5039,=6177927505001,=5336227057838.1631,=44.2243,=0.9459,=37.4960,=20.2032,=14.2811
2008-01-03,=5422.0340,,=31110807972757.5039,=6106298793985,=5275355639288.9600,=43.8282,=0.9414,=37.4796,=20.1917,=14.2811
2008-01-02,=5385.1030,,=30876363230067.6914,=6062935552986,=5238850782412.8027,=43.4981,=0.9262,=37.4581,=20.1803,=14.2811
2007-12-28,=5338.2750,,=29628044014014.2109,=5841008474813,=5011939129243.5469,=43.0654,=0.9170,=37.4252,=20.1781,=14.2811
2007-12-27,=5367.5300,,=29920326037238.0117,=5864040045553,=5036660717278.0879,=43.4903,=0.9260,=37.4252,=20.1759,=14.2526
2007-12-26,=5265.0260,,=29444984283075.8086,=5733253798027,=4942721066904.9629,=42.7993,=0.9092,=37.3808,=20.1710,=14.2526
2007-12-25,=5216.8130,,=29321909900412.3906,=5684731700046,=4903020942047.1426,=42.6091,=0.9030,=37.3799,=20.1660,=14.2526
2007-12-24,=5207.1340,,=29543112158913.7109,=5673811825712,=4894009990361.4639,=42.9305,=0.9150,=37.3587,=20.1638,=14.2526
2007-12-21,=5101.8520,,=28802680480732.1992,=5545127725142,=4796710158757.1787,=41.8546,=0.8891,=37.3351,=20.1615,=14.2526
2007-12-20,=5037.1950,,=28472167034953.3984,=5472502760672,=4732658950383.3867,=41.3743,=0.8782,=37.3351,=20.1437,=14.2498
2007-12-19,=4946.2850,,=27891411186692.1992,=5317018692874,=4655002755537.5293,=40.5304,=0.8582,=37.3319,=20.1258,=14.2498
2007-12-18,=4829.9090,,=27285349163567.0039,=5192836852625,=4547186451171.8643,=39.6497,=0.8473,=37.2863,=20.1164,=14.2498
2007-12-17,=4857.2890,,=27513240279181.8945,=5219065732340,=4567127299448.6523,=39.9808,=0.8486,=37.2347,=20.1069,=14.2498
2007-12-14,=4977.6520,,=28345853180699.1016,=5344917552818,=4680507888611.9150,=41.1907,=0.8744,=37.2242,=20.1024,=14.2498
2007-12-13,=4884.2980,,=28055764560907.2969,=5241080395499,=4588187767804.8398,=40.7692,=0.8620,=37.2242,=20.0980,=14.2313
2007-12-12,=5077.3900,,=28858446204431.6914,=5446354603288,=4766794840203.9697,=41.9356,=0.8894,=37.1859,=20.0941,=14.2313
2007-12-11,=5140,,=29367801268371.2969,=5514658530831,=4826569753862.3496,=42.6758,=0.9077,=37.1522,=20.0903,=14.2313
2007-12-10,=5133.5620,,=29361878037432.0977,=5507226808368,=4822637402199.0322,=42.6672,=0.9076,=37.1470,=20.0835,=14.2313
2007-12-07,=5041.3500,,=28999777803962.9961,=5406949044697,=4733673251620.0049,=42.1410,=0.8997,=37.1457,=20.0768,=14.2313
2007-12-06,=4971.0550,,=28699975246448.1953,=5331732513401,=4667812755369.0264,=41.7053,=0.8856,=37.1457,=20.0725,=14.2239
2007-12-05,=4965.9470,,=28764329926560.5000,=5318360942986,=4662941079312.6816,=41.7989,=0.8916,=37.1397,=20.0682,=14.2239
2007-12-04,=4829.2140,,=27984732356262.1016,=5170058846412,=4534349325398.2031,=40.6660,=0.8698,=37.1385,=20.0650,=14.2239
2007-12-03,=4772.6740,,=27678352129243.3008,=5111220976114,=4485342911998.2656,=40.2208,=0.8680,=37.1157,=20.0617,=14.2239
2007-11-30,=4737.4080,,=27665554312923.7031,=5063304216013,=4449595897845.6895,=40.2022,=0.8678,=37.1024,=20.0512,=14.2239
2007-11-29,=4842.0700,,=28437240381807,=5158347134404,=4545407122394.4619,=41.3235,=0.8847,=37.1024,=20.0407,=14.2042
2007-11-28,=4648.7510,,=27228900543471.7969,=4954396416690,=4373095446626.3711,=39.5676,=0.8643,=37.0935,=20.0384,=14.2042
2007-11-27,=4711.1520,,=27632144947753.1055,=5016463211106,=4427548523325.6973,=40.1536,=0.8688,=37.0699,=20.0360,=14.2042
2007-11-26,=4800.0820,,=28204446857375.5078,=5109543592488,=4504286709988.2666,=40.9853,=0.8764,=36.9850,=20.0328,=14.2042
2007-11-23,=4856.1610,,=28635994503531,=5166920623770,=4553756857983.7861,=41.6124,=0.8856,=36.9804,=20.0295,=14.2042
2007-11-22,=4772.6170,,=28341039213583.1992,=5068319192159,=4476069892010.5332,=41.1837,=0.8823,=36.9804,=20.0290,=14.1996
2007-11-21,=4997.6200,,=29673515086986.3008,=5307300117764,=4690991099953.8877,=43.1200,=0.9182,=36.9750,=20.0284,=14.1996
2007-11-20,=5069.3820,,=30132380493175,=5375564808397,=4754068516120.7959,=43.7868,=0.9370,=36.9691,=20.0266,=14.1996
2007-11-19,=4994.4160,,=29961451054029.3008,=5297338199292,=4684461014403.7559,=43.5384,=0.9274,=36.9663,=20.0247,=14.1996
2007-11-16,=5007.6620,,=23218590395765.3008,=5194315132878,=4576806186133.0840,=42.0644,=0.8973,=36.9508,=20.0031,=14.1996
2007-11-15,=5081.1130,,=23479336810441.6992,=5259486444167,=4641684317913.7891,=42.5368,=0.9051,=36.9508,=19.9815,=14.1985
2007-11-14,=5145.8880,,=23663912544669.6992,=5327667897781,=4702697860916.7148,=42.8712,=0.9128,=36.9180,=19.9733,=14.1985
2007-11-13,=4939.2440,,=22529174470277.0977,=5109418904374,=4511165295164.2139,=40.8154,=0.8857,=36.8796,=19.9652,=14.1985
2007-11-12,=4978.2520,,=22734077637540.7969,=5152824314028,=4554816717513.9893,=41.1867,=0.8919,=36.8065,=19.9543,=14.1985
2007-11-09,=5040.5250,,=23234537761932.7969,=5211141327915,=4611463024016.7764,=42.0933,=0.9013,=36.7232,=19.9434,=14.1985
2007-11-08,=5093.6690,,=23260741768763.6992,=5269300583380,=4670613129039.4160,=42.1408,=0.9043,=36.7232,=19.9418,=14.1940
2007-11-07,=5350.6290,,=24472241113819.9961,=5532880671672,=4897147938042.7500,=44.3332,=0.9489,=36.7176,=19.9402,=14.1940
2007-11-06,=5317.5490,,=24149998020634.8008,=5499323004257,=4866482362703.4482,=43.7502,=0.9360,=36.7129,=19.9396,=14.1940
2007-11-05,=5360.3050,,=24600581255843.5039,=5531788530445,=4889943476460.7715,=44.5665,=0.9535,=36.6558,=19.9390,=14.1940
2007-11-02,=5472.9300,,=25355037015062.2969,=5641804246547,=4974508481286.4824,=45.9325,=0.9695,=36.6358,=19.9377,=14.1940
2007-11-01,=5605.2320,,=25975491574974.2852,=5780723009406,=5097626898953.4346,=47.3706,=0.9807,=36.6358,=19.9363,=14.1653
2007-10-31,=5688.5430,,=26106445345838.1016,=5873219467744,=5192151172140.2939,=47.6093,=0.9855,=36.4970,=19.9311,=14.1653
2007-10-30,=5596.0680,,=25916805486999.4883,=5773141900765,=5076318676735.1240,=47.5784,=0.9855,=36.4926,=19.9258,=14.1653
2007-10-29,=5508.3570,,=25280267769501.9883,=5683683271620,=4960990782997.9678,=46.8626,=0.9806,=36.4808,=19.9252,=14.1653
2007-10-26,=5394.8070,,=24514024604950.7070,=5531796848734,=4831571651464.1865,=46.9975,=0.9838,=36.4543,=19.9246,=14.1653
2007-10-25,=5333.7920,,=24251255317872.8008,=5393262863737,=4772243390894.6953,=46.6697,=0.9806,=36.4543,=19.9176,=14.1280
2007-10-24,=5588.0140,,=25385326313657.9961,=5641163265386,=5000584515018.2900,=49.0985,=0.9951,=36.4294,=19.9105,=14.1280
2007-10-23,=5540.0900,,=25022004397607.2969,=5593953859619,=4968399303460.7861,=48.6534,=0.9919,=36.4024,=19.8998,=14.1280
2007-10-22,=5472.6770,,=22919915732809.3945,=5427986893731,=4800904008857.4424,=46.5721,=0.9837,=36.3949,=19.8890,=14.1280
2007-10-19,=5614.0600,,=23492414798511.7969,=5564423554917,=4919766955653.4961,=47.8143,=0.9902,=36.3797,=19.8798,=14.1280
2007-10-18,=5615.7470,,=23565081644536.9961,=5565556035884,=4902933208122.8164,=47.9876,=0.9918,=36.3797,=19.8706,=14.1273
2007-10-17,=5824.1170,,=24487499062443.9961,=5775971691013,=5077927037749.3135,=49.9182,=0.9984,=36.2968,=19.8683,=14.1273
2007-10-16,=5877.2020,,=24745719555979.1914,=5833604521651,=5132130813888.4424,=50.4593,=1,=36.2903,=19.8661,=14.1273
2007-10-15,=5821.4470,,=24451322818161.8984,=5640645568733,=5080315385012.6895,=49.8706,=1,=36.2739,=19.8644,=14.1273
2007-10-12,=5737.2210,,=23927337774145.6914,=5560373917904,=5004943620627.0703,=48.8157,=0.9984,=36.2431,=19.8626,=14.1273
2007-10-11,=5760.0780,,=23945963113008.6016,=5583644527367,=5028198969972.8779,=48.8670,=1,=36.2431,=19.8584,=14.1212
2007-10-10,=5685.7590,,=23245984695673.2031,=5502139071679,=4961403961207.0801,=47.4386,=1,=36.2332,=19.8542,=14.1212
2007-10-09,=5675.9270,,=23011867049210.7031,=5494241386543,=4955110724650.7090,=46.9608,=1,=36.2210,=19.8511,=14.1212
2007-10-08,=5653.1360,,=22925786105731.5000,=5472152588741,=4934713987223.9385,=46.7850,=1,=36.2108,=19.8481,=14.1212
2007-09-28,=5580.8130,,=22268281418628.0938,=5392807936468,=4875622780040.0410,=45.4680,=0.9983,=36.2053,=19.8310,=14.1212
2007-09-27,=5427.6570,,=21668451300238.9883,=5238434375615,=4742442898686.5361,=44.2432,=0.9801,=36.2053,=19.8140,=14.1199
2007-09-26,=5361.0210,,=21315937272255.2031,=5173048276110,=4681404435144.5557,=43.5234,=0.9651,=36.1802,=19.8084,=14.1199
2007-09-25,=5454.6150,,=21594981928828.8008,=5264675471724,=4766711213264.5762,=44.0999,=0.9800,=36.1689,=19.8028,=14.1199
2007-09-24,=5513.8950,,=21842741898957.3906,=5321967695913,=4824563915100.1572,=44.6059,=0.9900,=36.1652,=19.7994,=14.1199
2007-09-21,=5468.0980,,=21674325241694.1016,=5270393753865,=4781817495107.9922,=44.2620,=0.9849,=36.1382,=19.7960,=14.1199
2007-09-20,=5494.9150,,=21667070582154.6133,=5292792426382,=4801691944490.0850,=44.2472,=0.9849,=36.1382,=19.7908,=14.1197
2007-09-19,=5419.2680,,=21354590890090.6055,=5219150130249,=4736326497093.7070,=43.6090,=0.9765,=36.1327,=19.7855,=14.1197
2007-09-18,=5476.8390,,=21416117338776.3906,=5266246256598,=4781022470087.1846,=43.7347,=0.9782,=36.0887,=19.7846,=14.1197
2007-09-17,=5498.9080,,=21432971084449.9883,=5289036669921,=4799549488170.1758,=43.7691,=0.9798,=36.0885,=19.7837,=14.1197
2007-09-14,=5397.2780,,=21043531585969.6094,=5192978274499,=4706004060812.4072,=42.9738,=0.9696,=36.0760,=19.7754,=14.1197
2007-09-13,=5349.9700,,=20887043512296.2969,=5146408277307,=4663095977640.6611,=42.6542,=0.9628,=36.0760,=19.7671,=14.1084
2007-09-12,=5202.8560,,=20434003451625.1016,=5002238777634,=4540953502539.1191,=41.7286,=0.9526,=36.0514,=19.7666,=14.1084
2007-09-11,=5124.0920,,=20163022404407.6055,=4924769294124,=4474464538894.9824,=41.1753,=0.9492,=35.9947,=19.7661,=14.1084
2007-09-10,=5377.2220,,=21130368932598.4063,=5171954840266,=4699715392613.9844,=43.1507,=0.9728,=35.9914,=19.7582,=14.1084
2007-09-07,=5294.7950,,=20854257418228.5977,=5085236092304,=4627371097365.3545,=42.5868,=0.9626,=35.9907,=19.7503,=14.1084
2007-09-06,=5412.0370,,=21349095488715.0977,=5196616629489,=4726158276479.5127,=43.5974,=0.9796,=35.9907,=19.7310,=14.0969
2007-09-05,=5363.2510,,=21041961825090.2070,=5144656387339,=4682019289170.6934,=42.9702,=0.9727,=35.9213,=19.7117,=14.0969
2007-09-04,=5360.3330,,=21001728434012.1016,=5131462617171,=4675749661315.0498,=42.8880,=0.9709,=35.9157,=19.7112,=14.0969
2007-09-03,=5419.1690,,=21104976519534.1055,=5146268564955,=4719380934199.3018,=43.0988,=0.9743,=35.8453,=19.7108,=14.0969
2007-08-31,=5296.8130,,=20731260113227.8984,=5027823924544,=4614015034777.4443,=42.3357,=0.9691,=35.8181,=19.7072,=14.0969
2007-08-30,=5241.2280,,=20514317743413.3945,=4967872403453,=4561262519686.0762,=42.0959,=0.9691,=35.8181,=19.7037,=14.0832
2007-08-29,=5171.8220,,=20327046050031.9922,=4894340353593,=4493227385009.2734,=41.7626,=0.9673,=35.8025,=19.6995,=14.0832
2007-08-28,=5251.7700,,=20722284613235.3867,=4970494953850,=4560021647494.4551,=42.7912,=0.9724,=35.6961,=19.6952,=14.0832
2007-08-27,=5243.1470,,=20506869348640.7031,=4957336308751,=4529912530043.1143,=43.3607,=0.9758,=35.6527,=19.6923,=14.0832
2007-08-24,=5217.5810,,=20254039207554.2070,=4927422375285,=4502316111492.5957,=43.4440,=0.9775,=35.5621,=19.6895,=14.0832
2007-08-23,=5135.9300,,=19912635860515.7031,=4851592533410,=4429442947029.8672,=44.9975,=0.9948,=35.5621,=19.6775,=14.0825
2007-08-22,=5051.6880,,=19695462425456.7969,=4769563535058,=4367532944145.3398,=44.6746,=0.9931,=35.4527,=19.6656,=14.0825
2007-08-21,=4972.7110,,=19579694890620.3047,=4695104142344,=4225249854292.2002,=44.5505,=0.9913,=35.4315,=19.6553,=14.0825
2007-08-20,=4885.4270,,=19366477682554.3008,=4618386943473,=4145973001813.7651,=44.3437,=0.9913,=35.3233,=19.6449,=14.0825
2007-08-17,=4626.5830,,=18329601370811.8008,=4361252876188,=3907242299490.8848,=42.5941,=0.9825,=35.2293,=19.6359,=14.0825
2007-08-16,=4721.9420,,=18809367271677.3984,=4452553049754,=3968152929482.3101,=43.9429,=0.9895,=35.2293,=19.6268,=14.0817
2007-08-15,=4798.7500,,=19301894612058.8047,=4517561988906,=4019395231074.4058,=45.1738,=0.9965,=35.1954,=19.6258,=14.0817
2007-08-14,=4795.5680,,=19312809972063.1016,=4495456466048,=4012457426977.3682,=45.6641,=1,=35.1144,=19.6248,=14.0817
2007-08-13,=4721.1920,,=19147292016341.1953,=4420757327331,=3952600446710.8979,=45.2982,=1,=35.0944,=19.6158,=14.0817
2007-08-10,=4726.6830,,=18816009356037.1953,=4408527484409,=3953387270066.8589,=44.5784,=0.9982,=35.0472,=19.6068,=14.0817
2007-08-09,=4777.2860,,=18819850631595.2031,=4457357950252,=3997971506173.8511,=44.9707,=1,=35.0472,=19.6025,=14.0801
2007-08-08,=4668.0870,,=18411754874806.7930,=4354129457755,=3909176619139.7212,=43.9969,=1,=35.0464,=19.5981,=14.0801
2007-08-07,=4724.5470,,=18309278695399.3984,=4405554784738,=3956462453104.8999,=43.7975,=1,=35.0192,=19.5925,=14.0801
2007-08-06,=4703.9840,,=18196832729631.7969,=4387056648044,=3932880543076.2217,=43.5517,=1,=34.9302,=19.5868,=14.0801
2007-08-03,=4598.3790,,=17931941413426.2969,=4284315017188,=3843616841351.5220,=42.9239,=1,=34.8012,=19.5826,=14.0801
2007-08-02,=4436.1920,,=17252683712349.7012,=4133192601816,=3709680532466.5898,=41.3227,=0.9964,=34.8012,=19.5785,=14.0782
2007-08-01,=4290.4770,,=16840255041083.5078,=3998071908582,=3586984686135.8232,=40.3425,=0.9911,=34.7442,=19.5536,=14.0782
2007-07-31,=4460.5640,,=17457417328235.1973,=4155063082720,=3730688637840.0361,=41.8210,=1,=34.7341,=19.5287,=14.0782
2007-07-30,=4410.2970,,=17356073611803.9004,=4099734891220,=3664006898060.3291,=41.7258,=1,=34.5584,=19.5203,=14.0782
2007-07-27,=4307.1430,,=16965570839239.2051,=3997336793705,=3568372076082.1094,=40.7980,=0.9964,=34.4327,=19.5119,=14.0782
2007-07-26,=4303.1850,,=17024840356124.2949,=3992167523285,=3561235843993.3882,=40.9518,=0.9982,=34.4327,=19.4902,=14.0651
2007-07-25,=4255.4630,,=16993473878581.1973,=3945050534870,=3518887034977.1172,=41.0692,=1,=34.3179,=19.4685,=14.0651
2007-07-24,=4161.3520,,=16557929654488.8008,=3858822047406,=3435924730200.9043,=40.0316,=0.9982,=34.2511,=19.4377,=14.0651
2007-07-23,=4156.7230,,=16591708772655.8984,=3855011593938,=3429374215414.5845,=40.1121,=1,=34.1498,=19.4069,=14.0651
2007-07-20,=3971.8840,,=16007208353112.8008,=3683647327029,=3275410094726.2622,=38.6995,=0.9928,=34.1484,=19.3835,=14.0651
2007-07-19,=3806.9970,,=15415694694923.8984,=3530701550091,=3142682113198.7979,=37.2863,=0.9493,=34.1484,=19.3602,=14.0526
2007-07-18,=3807.5740,,=15518935778886.0957,=3527698068443,=3143681932449.5991,=37.5360,=0.9710,=34.0145,=19.3494,=14.0526
2007-07-17,=3789.6510,,=15388799892745,=3510931292591,=3128617436510.4502,=37.2242,=0.9491,=33.8850,=19.3385,=14.0526
2007-07-16,=3697.9660,,=15088182463578.0957,=3426871314611,=3053463097697.0776,=36.4970,=0.9053,=33.8442,=19.3234,=14.0526
2007-07-13,=3820.1240,,=15433360071893.3008,=3539343184350,=3154115229247.9746,=37.3319,=0.9526,=33.8210,=19.3082,=14.0526
2007-07-12,=3816.9210,,=15444410450855.0977,=3537161239534,=3151407817337.2241,=37.3587,=0.9561,=33.8210,=19.3012,=14.0254
2007-07-11,=3789.8740,,=15262350711100.1016,=3514581203761,=3132772125922.1479,=36.9180,=0.9231,=33.6203,=19.2942,=14.0254
2007-07-10,=3775.6210,,=15216285168974.6992,=3500700117884,=3120465372713.2002,=36.8065,=0.9211,=33.4709,=19.2857,=14.0254
2007-07-09,=3821.3020,,=15285906958374.5957,=3541991729203,=3159051942561.7510,=36.9750,=0.9301,=33.3182,=19.2772,=14.0254
2007-07-06,=3710.2830,,=14879299030119.9961,=3438682535197,=3067137523832.1079,=35.9914,=0.8674,=32.6455,=19.2734,=14.0254
2007-07-05,=3537.4350,,=14234923755757.1016,=3276292123763,=2924692845701.9053,=34.4327,=0.8229,=32.6455,=19.2696,=14.0238
2007-07-04,=3743.5820,,=15005538374020.5000,=3465311645722,=3097510495001.8452,=36.2968,=0.9002,=32.5840,=19.2659,=14.0238
2007-07-03,=3832.2270,,=15325159665157.9004,=3546697789377,=3170176742339.2549,=37.0699,=0.9352,=32.5504,=19.2621,=14.0238
2007-07-02,=3757.6550,,=15046113837726.8926,=3477451402445,=3107396330069.4014,=36.3949,=0.9054,=32.4711,=19.2544,=14.0238
2007-06-29,=3764.0780,,=14604792406699.4004,=3429456848182,=3032362460731.3877,=36.0514,=0.8755,=32.4709,=19.2467,=14.0238
2007-06-28,=3858.5220,,=14857044363089.3984,=3506693164261,=3101742402012.0464,=36.7176,=0.9218,=32.4709,=19.2384,=14.0153
2007-06-27,=4040.4840,,=15443579000472.5996,=3673642383334,=3249375889197.3320,=38.1672,=0.9869,=32.2854,=19.2301,=14.0153
2007-06-26,=3928.2130,,=15030786118177.9961,=3540455168790,=3159175934318.7012,=37.1470,=0.9495,=32.0346,=19.2123,=14.0153
2007-06-25,=3877.5900,,=14922573484276.6055,=3495698501592,=3115931312828.6934,=36.8796,=0.9288,=31.8832,=19.1944,=14.0153
2007-06-22,=4051.4260,,=15401743234847.2969,=3647883816005,=3257129970646.3018,=38.0638,=0.9850,=31.7480,=19.1885,=14.0153
2007-06-21,=4197.2800,,=15812029526021.4004,=3778689025315,=3378969428974.1558,=39.0778,=0.9944,=31.7480,=19.1826,=14.0151
2007-06-20,=4157.5990,,=15548340193002,=3729066181138,=3347195209778.0039,=38.4261,=0.9925,=31.6463,=19.1542,=14.0151
2007-06-19,=4253,,=15874043529977.5977,=3810059266571,=3420387754811.2710,=39.2310,=0.9962,=31.5976,=19.1259,=14.0151
2007-06-18,=4227.5690,,=15878688025736.3965,=3786325660768,=3399090420990.5371,=39.2453,=0.9981,=31.2178,=19.1172,=14.0151
2007-06-15,=4099.3810,,=15425403934474.8965,=3672302420957,=3300606408012.3301,=38.1249,=0.9943,=30.7963,=19.1085,=14.0151
2007-06-14,=4075.8210,,=15380913003855.5000,=3650503626507,=3284729333548.6519,=38.0150,=0.9943,=30.7963,=19.0769,=14.0110
2007-06-13,=4118.2680,,=15621547558409.0996,=3682913148732,=3321018496653.7671,=38.6097,=0.9981,=30.5929,=19.0454,=14.0110
2007-06-12,=4036.1090,,=15273702384595.1035,=3609001246863,=3256572663384.7622,=37.7500,=0.9943,=30.1810,=18.9588,=14.0110
2007-06-11,=3931.8620,,=15026301184632.2012,=3514374399013,=3174301748370.8672,=37.1385,=0.9618,=29.5955,=18.8723,=14.0110
2007-06-08,=3837.8670,,=14719276354560.2988,=3428614366400,=3098386164227.4575,=36.3797,=0.9293,=28.8821,=18.8588,=14.0110
2007-06-07,=3802.3040,,=14655065192561.2031,=3396467560302,=3066345137358.8574,=36.2210,=0.9215,=28.8821,=18.8452,=14.0106
2007-06-06,=3677.5800,,=14291571108041.4004,=3284013879478,=2964030853823.0054,=35.3233,=0.8791,=28.2148,=18.8014,=14.0106
2007-06-05,=3634.6330,,=14253552921770.5000,=3242689279397,=2926137801731.4678,=35.2293,=0.8788,=27.3486,=18.7576,=14.0106
2007-06-04,=3511.4310,,=13816196107685.1016,=3124536428425,=2824993467576.5352,=34.1484,=0.8516,=27.3299,=18.7325,=14.0106
2007-06-01,=3803.9540,,=15064899954066.4004,=3384707575116,=3061553712151.1650,=37.2347,=0.9710,=26.9740,=18.7074,=14.0106
2007-05-31,=3927.9520,,=15371189492064.6055,=3488223215331,=3168105972530.1787,=37.9567,=0.9961,=26.9740,=18.6015,=14.0039
2007-05-30,=3886.4590,,=14944425787254.9004,=3448665770817,=3134800056091.9590,=36.9850,=0.9593,=26.9587,=18.4956,=14.0039
2007-05-29,=4168.2890,,=15933170473997.0996,=3693130010639,=3365238557685.6875,=39.4320,=1,=26.9535,=18.4876,=14.0039
2007-05-28,=4072.5780,,=15028021215962.8066,=3587791272222,=3268893631888.1709,=38.3769,=1,=26.2064,=18.4796,=14.0039
2007-05-25,=3985.2520,,=14668229379879.8984,=3508474301912,=3197840207017.6177,=37.4581,=0.9864,=25.9135,=18.0265,=14.0039
2007-05-24,=3919.7480,,=14612853586897.9043,=3436566535225,=3144425548703.4956,=37.3351,=0.9805,=25.9135,=17.5735,=13.9987
2007-05-23,=3938.9450,,=14675824597318.3047,=3431956047040,=3160561506098.6201,=37.4960,=0.9902,=25.6335,=17.4404,=13.9987
2007-05-22,=3870.4890,,=14468504609969.4043,=3371030289801,=3105071831306.3120,=36.9663,=0.9647,=25.5755,=17.3073,=13.9987
2007-05-21,=3831.4430,,=14369299443406.4023,=3335025830450,=3072847891983.8774,=36.7129,=0.9607,=25.0623,=17.2717,=13.9987
2007-05-18,=3776.6290,,=14268117661937.0977,=3286122966848,=3028181190940.2388,=36.4543,=0.9528,=24.8414,=17.2361,=13.9987
2007-05-17,=3778.6050,,=13925229149460.0977,=3276559563018,=3020188708905.7866,=35.9157,=0.9152,=24.8414,=17.0991,=13.9977
2007-05-16,=3700.2870,,=13745718803490.3027,=3202511247469,=2957608159492.0225,=35.4527,=0.9032,=24.7134,=16.9622,=13.9977
2007-05-15,=3604.6360,,=13471031589053.6016,=3112957159438,=2878140635920.1323,=34.7442,=0.8851,=24.6449,=16.9038,=13.9977
2007-05-14,=3734.4200,,=13987373500616.5020,=3226191910691,=2980983459074.6099,=36.0760,=0.9226,=24.5766,=16.8455,=13.9977
2007-05-11,=3702.6120,,=13881327470152.6016,=3140448612029,=2954254422704.8623,=35.8025,=0.9125,=24.0580,=16.7991,=13.9977
2007-05-10,=3724.5100,,=14011491847820.9004,=3155518256859,=2969656096435.3379,=36.1382,=0.9303,=24.0580,=16.7528,=13.9844
2007-05-09,=3701.2770,,=13897929624093.5996,=3138114618079,=2953431589045.7412,=35.8453,=0.9182,=24.0341,=16.4618,=13.9844
2007-05-08,=3686.0300,,=13643336956207.7051,=3122997372419,=2937221141971.1978,=35.1954,=0.9080,=24.0314,=16.1709,=13.9844
2007-04-30,=3558.7090,,=13299347644519.0957,=3005850066343,=2835549860118.7729,=34.1498,=0.8858,=23.7463,=16.0947,=13.9844
2007-04-27,=3470.5230,,=12912146196141.3066,=2929604096616,=2735070263494.4883,=34.7341,=0.8936,=23.5333,=16.0185,=13.9844
2007-04-26,=3493.5810,,=13005917961533.4082,=2947686277623,=2662061855374.3716,=36.2332,=0.9416,=23.5333,=16.0093,=13.9760
2007-04-25,=3448.2810,,=12866859488246.5996,=2905563288345,=2626212599894.2100,=36.1327,=0.9315,=23.5120,=16.0001,=13.9760
2007-04-24,=3445.1960,,=12759603842662.9980,=2901007583732,=2620270997301.0161,=36.2053,=0.9394,=23.5018,=15.9597,=13.9760
2007-04-23,=3431.3180,,=12772827191509.8984,=2886825145648,=2611619485802.7212,=36.2903,=0.9474,=23.4859,=15.9193,=13.9760
2007-04-20,=3289.2820,,=12363435313956.5996,=2768335923440,=2503007413357.2173,=35.1144,=0.9148,=23.4074,=15.9043,=13.9760
2007-04-19,=3150.3030,,=11920433192960.5977,=2643019910024,=2395872032031.0420,=33.8850,=0.8943,=23.4074,=15.8893,=13.9498
2007-04-18,=3304.5010,,=12477014272728.9941,=2746860397851,=2509270885174.3408,=35.5621,=0.9185,=23.2889,=15.8680,=13.9498
2007-04-17,=3283.6040,,=12532436150793.3008,=2723129229071,=2500358670385.3457,=36.4024,=0.9490,=23.2827,=15.8467,=13.9498
2007-04-16,=3255.9980,,=12533245989394.5977,=2699707874188,=2477904535166.3828,=36.6558,=0.9591,=22.6796,=15.8322,=13.9498
2007-04-13,=3169.2330,,=12283316875497,=2621032336511,=2411443450049.0254,=37.1157,=0.9734,=22.3184,=15.8177,=13.9498
2007-04-12,=3176.4370,,=12307501567502.9980,=2626835718757,=2415316337470.7524,=37.7408,=1,=22.3184,=15.8007,=13.9273
2007-04-11,=3121.3190,,=12206217279644.4961,=2579998830434,=2402219270029.6938,=37.5193,=0.9938,=21.9357,=15.7836,=13.9273
2007-04-10,=3081.5680,,=12018377074043.1992,=2544363999638,=2366020466266.1387,=37.0935,=0.9753,=21.5177,=15.7740,=13.9273
2007-04-09,=3038.1720,,=11815947780908.8984,=2493684462361,=2312619959841.8325,=36.9508,=0.9711,=21.5115,=15.7643,=13.9273
2007-04-06,=2972.0080,,=11563114153508.5020,=2442831238348,=2265743912314.7676,=36.1802,=0.9545,=21.5004,=15.7639,=13.9273
2007-04-05,=2945.0450,,=11559098582762.5000,=2418918400429,=2245140435870.1709,=36.1689,=0.9544,=21.5004,=15.7634,=13.9244
2007-04-04,=2911.8210,,=11479963722018.8027,=2390700551116,=2220320420750.6270,=35.9213,=0.9439,=21.3648,=15.7623,=13.9244
2007-04-03,=2888.1150,,=11501530899660.4004,=2365520521714,=2201800593134.1660,=37.3799,=0.9875,=21.3618,=15.7613,=13.9244
2007-04-02,=2850.1070,,=11371949446769.1016,=2332295862556,=2171474398534.7151,=36.9691,=0.9749,=21.2969,=15.7604,=13.9244
2007-03-30,=2781.7840,,=11137181446782.6992,=2270613307166,=2090855949873.6970,=36.6358,=0.9728,=21.2734,=15.7596,=13.9244
2007-03-29,=2783.3050,,=11216505067656.3984,=2265796058833,=2089023662471.6067,=37.1024,=0.9790,=21.2734,=15.7583,=13.9199
2007-03-28,=2797.6490,,=11022004217816.3008,=2271008572159,=2098231690023.3816,=36.4926,=0.9748,=21.2436,=15.7570,=13.9199
2007-03-27,=2784.0230,,=10888094988362.1973,=2261401429942,=2089535584203.0681,=36.2739,=0.9705,=21.2324,=15.7472,=13.9199
2007-03-26,=2764.0340,,=10878034969182,=2247298530991,=2076520370187.6436,=36.2431,=0.9705,=21.1726,=15.7375,=13.9199
2007-03-23,=2716.2660,,=10737829307662.2012,=2207824587629,=2036833250391.9429,=35.8181,=0.9577,=21.1192,=15.7284,=13.9199
2007-03-22,=2711.3220,,=10750382311101.9980,=2203727223514,=2028522171367.6121,=37.4796,=0.9936,=21.1192,=15.7193,=13.9132
2007-03-21,=2702.5970,,=10704438690618.6992,=2196173464445,=2020894959127.0305,=37.3808,=0.9915,=21.0798,=15.7005,=13.9132
2007-03-20,=2672.7710,,=10635144137701.0020,=2172361750379,=1998682957768.7251,=37.1397,=0.9851,=20.7741,=15.6817,=13.9132
2007-03-19,=2659.4130,,=10608504341972.0996,=2161249501700,=1985689240753.2537,=37.4252,=0.9936,=20.6507,=15.6814,=13.9132
2007-03-16,=2604.2260,,=10282945176036.5996,=2115588075908,=1922041635397.9819,=36.4294,=0.9808,=20.6405,=15.6811,=13.9132
2007-03-15,=2645.5460,,=10332807186644.9980,=2149077302946,=1966596889050.8015,=36.7232,=0.9850,=20.6405,=15.6776,=13.9118
2007-03-14,=2597.3570,,=9859191977998.9004,=2084658145875,=1906533428596.0559,=35.4315,=0.9657,=20.6156,=15.6741,=13.9118
2007-03-13,=2640.1690,,=10072205004934,=2118988139414,=1935626164819.0923,=36.2108,=0.9828,=20.6114,=15.6713,=13.9118
2007-03-12,=2616.1720,,=10057813188081.2012,=2100214528160,=1917773763654.9893,=36.1652,=0.9828,=20.6050,=15.6684,=13.9118
2007-03-09,=2611.3930,,=10028927795742.2012,=2095300467162,=1915575454424.2344,=36.0885,=0.9806,=20.6049,=15.6613,=13.9118
2007-03-08,=2627.6300,,=9989410257801.6973,=2105357034578,=1927612489283.2588,=35.9947,=0.9805,=20.6049,=15.6542,=13.9074
2007-03-07,=2589.4360,,=9893943883012.8008,=2073497359498,=1897348675882.6736,=35.6961,=0.9783,=20.5741,=15.6475,=13.9074
2007-03-06,=2520.2930,,=9705705679109.8027,=2014077301776,=1845482606842.7190,=35.0192,=0.9696,=20.5717,=15.6409,=13.9074
2007-03-05,=2475.6060,,=9483340628003.8984,=1976451293814,=1811898010711.2351,=34.2511,=0.9608,=20.5595,=15.6345,=13.9074
2007-03-02,=2508.7290,,=9672467688612.6992,=2004379508872,=1837255140621.5439,=34.9302,=0.9694,=20.5540,=15.6281,=13.9074
2007-03-01,=2473.5440,,=9569516263393.7012,=1973598789639,=1812229502006.4551,=34.5584,=0.9672,=20.5540,=15.6279,=13.8909
2007-02-28,=2544.5710,,=9872550799396.9023,=2030950052573,=1865577491050.9556,=35.6527,=0.9781,=20.5508,=15.6277,=13.8909
2007-02-27,=2457.4920,,=9502992352390.1035,=1958619585693,=1799353555959.3765,=34.3179,=0.9692,=20.5475,=15.6250,=13.8909
2007-02-26,=2707.6760,,=10427710775002.5000,=2157565146599,=1981666447046.2209,=37.6573,=0.9978,=20.5415,=15.6223,=13.8909
2007-02-16,=2676.7350,,=10200528601613.6992,=2122001427515,=1948857802697.2656,=37.1522,=0.9934,=20.5326,=15.6205,=13.8909
2007-02-15,=2668.6330,,=10190994145675.9043,=2114127127347,=1944084739118.2759,=37.1457,=0.9934,=20.5326,=15.6187,=13.8896
2007-02-14,=2588.3490,,=9873577432991.0957,=2050644659204,=1885550592593.6550,=35.9907,=0.9867,=20.5176,=15.6048,=13.8896
2007-02-13,=2522.6300,,=9607916911106.4980,=1995894123949,=1835872054930.9084,=35.0472,=0.9844,=20.5119,=15.5909,=13.8896
2007-02-12,=2485.3920,,=9534074651775.6016,=1965618578111,=1807636684196.4470,=34.8012,=0.9822,=20.4901,=15.5858,=13.8896
2007-02-09,=2397.2450,,=9255055664699.1016,=1895093289099,=1743188488084.1245,=33.8442,=0.9799,=20.4868,=15.5806,=13.8896
2007-02-08,=2410.6010,,=9299956771960.8008,=1905473807896,=1752389937925.6191,=34.0145,=0.9821,=20.4868,=15.5770,=13.8730
2007-02-07,=2369.7870,,=9247065891861.3008,=1873453642143,=1722436049545.3567,=33.8210,=0.9821,=20.4820,=15.5734,=13.8730
2007-02-06,=2316.0400,,=9108982651876.4004,=1830204638046,=1682574208980.0542,=33.3182,=0.9775,=20.4378,=15.5699,=13.8730
2007-02-05,=2271.7970,,=8899083840372.1992,=1795464741882,=1651620845385.3181,=32.5504,=0.9730,=20.4322,=15.5664,=13.8730
2007-02-02,=2298.0030,,=9150726561142.5020,=1815733245431,=1668974469331.2241,=33.4709,=0.9797,=20.4128,=15.5604,=13.8730
2007-02-01,=2395.1720,,=9581471756226.2031,=1892399285776,=1738938740530.2939,=35.0464,=0.9842,=20.4128,=15.5544,=13.8647
2007-01-31,=2385.3350,,=9594579487656.4980,=1879517389725,=1730659835497.4443,=35.0944,=0.9864,=20.4095,=15.5517,=13.8647
2007-01-30,=2551.8840,,=10106790692246.6055,=2010183693968,=1851277880955.5637,=36.9804,=0.9932,=20.4011,=15.5489,=13.8647
2007-01-29,=2576.9170,,=10159314241753.0977,=2029642823479,=1868147072993.4771,=37.1859,=0.9954,=20.3732,=15.5460,=13.8647
2007-01-26,=2512.9220,,=9966699005683,=1966558857097,=1822317557373.8816,=36.4808,=0.9954,=20.3650,=15.5431,=13.8647
2007-01-25,=2452.8310,,=9859409150482.1992,=1918656800080,=1779277266962.8364,=36.0887,=0.9954,=20.3650,=15.5314,=13.8590
2007-01-24,=2536.4280,,=10304935109375.0996,=1986048533751,=1842057075826.6943,=37.7195,=1,=20.3473,=15.5197,=13.8590
2007-01-23,=2508.1300,,=10250670304556.1992,=1959938568871,=1823883315022.1843,=37.5209,=1,=20.3321,=15.5154,=13.8590
2007-01-22,=2491.3130,,=8866635888240.9980,=1917945981204,=1786229006786.1211,=33.6203,=1,=20.2923,=15.5110,=13.8590
2007-01-19,=2396.0930,,=8562947266322.2021,=1844611254648,=1717294104007.4409,=32.4711,=0.9954,=20.2727,=15.5108,=13.8590
2007-01-18,=2317.0950,,=8345454155490.7979,=1781270216788,=1661285136393.8999,=31.6463,=0.9838,=20.2727,=15.5106,=13.8522
2007-01-17,=2308.9310,,=8441807464150.9980,=1773352717862,=1653412470617.8958,=32.0346,=0.9907,=20.2687,=15.5071,=13.8522
2007-01-16,=2353.8740,,=8586593924045.8047,=1808537475270,=1686398780968.0300,=32.5840,=0.9977,=20.2685,=15.5036,=13.8522
2007-01-15,=2287.3420,,=8507894756956.5000,=1756180684638,=1637537262837.5732,=32.2854,=0.9953,=20.2681,=15.4958,=13.8522
2007-01-12,=2173.7470,,=8114644170854.3984,=1669007504970,=1555837585388.6899,=30.7963,=0.9860,=20.2619,=15.4880,=13.8522
2007-01-11,=2231.6290,,=8401053663569.7002,=1710801273404,=1595158053964.1057,=31.8832,=0.9953,=20.2619,=15.4850,=13.8516
2007-01-10,=2255.9660,,=8601911156852.2021,=1729814150268,=1611851064530.0854,=32.6455,=1,=20.2591,=15.4821,=13.8516
2007-01-09,=2200.0860,,=8555896100479.9980,=1685334068800,=1570660931753.9114,=32.4709,=1,=20.2534,=15.4817,=13.8516
2007-01-08,=2131.5560,,=8225724009743.3018,=1632323904893,=1522037222350.1931,=31.2178,=0.9953,=20.2506,=15.4812,=13.8516
2007-01-05,=2072.8830,,=8061069904576.0996,=1587731570118,=1480962809705.9165,=30.5929,=0.9953,=20.2426,=15.4720,=13.8516
2007-01-04,=2067.0920,,=8365408134418.8984,=1579930079939,=1476967498696.2273,=31.7480,=1,=20.2426,=15.4628,=13.8318
2006-12-29,=2041.0470,,=8078483994952.9014,=1520347386711,=1419875895498.1816,=31.5976,=1,=20.2395,=15.4600,=13.8318
2006-12-28,=1979.9330,,=7716315941532.6016,=1472220903988,=1379274060019.6392,=30.1810,=1,=20.2355,=15.4572,=13.8318
2006-12-27,=1982.8770,,=7566612863916.1016,=1473423155538,=1380716483543.2144,=29.5955,=1,=20.2253,=15.4443,=13.8318
2006-12-26,=1938.2380,,=7384224845499.0986,=1439431179130,=1350808489757.2090,=28.8821,=1,=20.2152,=15.4314,=13.8318
2006-12-25,=1939.1040,,=7213606317542.8018,=1439223278167,=1351666270276.4055,=28.2148,=1,=20.2152,=15.4290,=13.8276
2006-12-22,=1895.6440,,=6892457789937.2002,=1406212207941,=1320995339963.2986,=26.9587,=0.9928,=20.2032,=15.4266,=13.8276
2006-12-21,=1908.9850,,=6896389656761.2002,=1414804544599,=1329871511409.1016,=26.9740,=0.9952,=20.1803,=15.4187,=13.8276
2006-12-20,=1936.5470,,=6987377967396.4990,=1434020823367,=1348537697392.3535,=27.3299,=0.9976,=20.1759,=15.4108,=13.8276
2006-12-19,=1921.4440,,=6990928506944.2012,=1421406519743,=1337445290738.7664,=27.3486,=1,=20.1660,=15.4010,=13.8276
2006-12-18,=1916.1080,,=6889911928259.4004,=1417062881194,=1334118232384.5396,=26.9535,=1,=20.1660,=15.3912,=13.7995
2006-12-15,=1867.6360,,=6698939529004.9004,=1381385900258,=1300484346580.0854,=26.2064,=1,=20.1615,=15.3905,=13.7995
2006-12-14,=1836.1430,,=6624079539525.7998,=1358094909199,=1277931041083.3547,=25.9135,=1,=20.1258,=15.3897,=13.7995
2006-12-13,=1803.8560,,=6552511459645.4990,=1334462418553,=1255574407511.9202,=25.6335,=1,=20.1069,=15.3871,=13.7995
2006-12-12,=1802.7880,,=6537684996061.8984,=1333018427697,=1254471815966.5122,=25.5755,=1,=20.0980,=15.3845,=13.7995
2006-12-11,=1789.9240,,=6406487566273.8018,=1323254327411,=1245886013880.4763,=25.0623,=1,=20.0980,=15.3718,=13.7886
2006-12-08,=1711.5840,,=6142956004021.2998,=1266024238761,=1192175988277.9517,=24.0314,=0.9852,=20.0903,=15.3592,=13.7886
2006-12-07,=1775.7140,,=6299799592671.4023,=1311879567309,=1235884264835.8000,=24.6449,=0.9951,=20.0768,=15.3487,=13.7886
2006-12-06,=1779.4110,,=6282337628740.8994,=1314414745126,=1239123427510.6978,=24.5766,=0.9950,=20.0682,=15.3381,=13.7886
2006-12-05,=1794.2310,,=6350021269716.5000,=1322537710095,=1251879776029.0117,=24.8414,=1,=20.0617,=15.3332,=13.7886
2006-12-04,=1780.7360,,=6317298064717.1992,=1313409785582,=1243912388877.9375,=24.7134,=1,=20.0617,=15.3282,=13.7733
2006-12-01,=1729.2240,,=6143651377819.2012,=1276608953617,=1209747908597.9443,=24.0341,=0.9975,=20.0407,=15.3281,=13.7733
2006-11-30,=1714.3580,,=6148802954594.2041,=1265921453019,=1198567316969.0732,=24.0580,=1,=20.0360,=15.3279,=13.7733
2006-11-29,=1667.1420,,=6002592214857.3008,=1229532043996,=1167126430559.1147,=23.4859,=0.9900,=20.0295,=15.3164,=13.7733
2006-11-28,=1644.0140,,=5950643713698.5986,=1212451834407,=1150636682684.0588,=23.2827,=0.9849,=20.0284,=15.3048,=13.7733
2006-11-27,=1651.8010,,=5982520235872.5010,=1217715608382,=1155642961604.8098,=23.4074,=0.9899,=20.0284,=15.3031,=13.7696
2006-11-24,=1636.5800,,=6014691657874.1016,=1206659770401,=1144398061844.2649,=23.5333,=0.9975,=20.0247,=15.3013,=13.7696
2006-11-23,=1634.9140,,=6069136249147.7998,=1204571138165,=1142943303942.8765,=23.7463,=1,=19.9815,=15.2968,=13.7696
2006-11-22,=1624.0280,,=6006636220451.0996,=1196327668344,=1135431494656.6406,=23.5018,=0.9975,=19.9652,=15.2922,=13.7696
2006-11-21,=1612.2490,,=6009260928938.6992,=1186504268715,=1127087674247.3398,=23.5120,=1,=19.9434,=15.2810,=13.7696
2006-11-20,=1593.1580,,=5952238877170.3994,=1172960719409,=1114279647969.9165,=23.2889,=1,=19.9434,=15.2697,=13.7664
2006-11-17,=1562.0840,,=5796500808283.5020,=1149277003896,=1092940960852.2924,=22.6796,=1,=19.9402,=15.2649,=13.7664
2006-11-16,=1533.2880,,=5704185843711.5996,=1127900475874,=1074167979075.1660,=22.3184,=1,=19.9390,=15.2600,=13.7664
2006-11-15,=1534.7620,,=5606372873875.1016,=1129091706116,=1075393886702.2096,=21.9357,=1,=19.9363,=15.2458,=13.7664
2006-11-14,=1493.7760,,=5495122378235.7988,=1099363084135,=1047094371622.8534,=21.5004,=0.9948,=19.9258,=15.2315,=13.7664
2006-11-13,=1475.7790,,=5426627264961.3018,=1086901430374,=1035382146301.3108,=21.2324,=0.9819,=19.9258,=15.2104,=13.7364
2006-11-10,=1504.0620,,=5460036747496.9990,=1106327873880,=1054952102583.2416,=21.3648,=0.9948,=19.9246,=15.1892,=13.7364
2006-11-09,=1524.7140,,=4352239237152.8999,=1098101580230,=1046601499925.6926,=19.9815,=0.8208,=19.9105,=15.1615,=13.7364
2006-11-08,=1498.1730,,=4278939316835.7012,=1078801497378,=1029224864461.6000,=19.6449,=0.7474,=19.8890,=15.1337,=13.7364
2006-11-07,=1516.1040,,=4340127096182.9990,=1091107670624,=1040876376476.5300,=19.9258,=0.8068,=19.8890,=15.1182,=13.7364
2006-11-06,=1507.8910,,=4322847212404.8008,=1084953971292,=1035191919962.3600,=19.8481,=0.7880,=19.8890,=15.1027,=13.7335
2006-11-03,=1488.2910,,=4253283932779.1011,=1071205760446,=1022999126999.7362,=19.5287,=0.7349,=19.8890,=15.1002,=13.7335
2006-11-02,=1479.6560,,=4226843907124.3989,=1064092742562,=1016127974635.8596,=19.4069,=0.7289,=19.8890,=15.0978,=13.7335
2006-11-01,=1479.4090,,=4239182485279.6992,=1064662104464,=1017769555812.5610,=19.4685,=0.7309,=19.8890,=15.0845,=13.7335
2006-10-31,=1464.4730,,=4194253952410.7012,=1052289695780,=1009018135609.2408,=19.2621,=0.7143,=19.8890,=15.0712,=13.7335
2006-10-30,=1446.2390,,=4119367540195.7012,=1039337662778,=966169014077.0796,=19.6248,=0.7454,=19.9105,=15.0595,=13.7311
2006-10-27,=1439.0500,,=4115275437317.1992,=1034554502452,=958995747359.2848,=20.1258,=0.8484,=19.9105,=15.0478,=13.7311
2006-10-26,=1456.0950,,=4154849773854.2012,=1046399027938,=963976428218.2048,=20.5717,=0.9547,=19.8890,=15.0450,=13.7311
2006-10-25,=1446.8250,,=4139167667428.5991,=1028094235003,=957286542117.3853,=20.5741,=0.9572,=19.8706,=15.0422,=13.7311
2006-10-24,=1440.0540,,=4126316508442.3008,=1023562515574,=953734255224.6689,=20.5508,=0.9517,=19.8661,=15.0398,=13.7311
2006-10-23,=1408.7150,,=4025355373555.0010,=1000835499733,=930711517011.3790,=20.0617,=0.8414,=19.8661,=15.0374,=13.7207
2006-10-20,=1440.1820,,=4081724844084.7979,=1023178174981,=950463347519.1980,=20.4378,=0.9299,=19.8626,=15.0333,=13.7207
2006-10-19,=1439.3770,,=4076275496766.9990,=1022502580435,=948989834710.0826,=20.4322,=0.9297,=19.8542,=15.0293,=13.7207
2006-10-18,=1437.5930,,=4070744572878.3989,=1021030286530,=947866336829.1685,=20.4095,=0.9268,=19.8140,=15.0287,=13.7207
2006-10-17,=1414.4480,,=4018426752343.6982,=1004471876134,=932262597317.2040,=20.1615,=0.8641,=19.8028,=15.0281,=13.7207
2006-10-16,=1418.5170,,=4036228832937.9009,=1007399491755,=935118923923.5861,=20.3732,=0.9237,=19.8028,=15.0266,=13.7133
2006-10-13,=1430.8820,,=4072024929524.3989,=1016262180005,=943575871306.4708,=20.5540,=0.9536,=19.7960,=15.0250,=13.7133
2006-10-12,=1426.5000,,=4057540825981.3979,=1012813471809,=939781576128.0341,=20.5176,=0.9452,=19.7855,=15.0233,=13.7133
2006-10-11,=1435.9060,,=4074801234086.4990,=1019966500300,=946023185275.7679,=20.6049,=0.9588,=19.7837,=15.0216,=13.7133
2006-10-10,=1437.2450,,=4064772800112.7012,=1020834157850,=947426018244.4808,=20.5595,=0.9587,=19.7671,=15.0186,=13.7133
2006-10-09,=1436.0740,,=4200623227702.4023,=1020042400414,=950573695325.4796,=21.2436,=0.9862,=19.7671,=15.0155,=13.7096
2006-09-29,=1403.2650,,=4108134842191.5020,=993557633249,=926466767119.3252,=20.7741,=0.9778,=19.7661,=15.0118,=13.7096
2006-09-28,=1387.0020,,=4076542809603.8008,=982027904205,=916189662969.6880,=20.6156,=0.9722,=19.7503,=15.0081,=13.7096
2006-09-27,=1371.1170,,=4051728293922.2998,=970546797933,=905859980579.8763,=20.4901,=0.9554,=19.7117,=15.0057,=13.7096
2006-09-26,=1357.6460,,=4023222085605.2012,=960715316985,=896919739700.1936,=20.3473,=0.9413,=19.7108,=15.0033,=13.7096
2006-09-25,=1372.3990,,=4049873631878.6992,=971215358802,=906516328808.6748,=20.4820,=0.9524,=19.7108,=14.9955,=13.6971
2006-09-22,=1374.8520,,=4062819184999.7002,=972981849653,=908042354084.0604,=20.5475,=0.9663,=19.7037,=14.9876,=13.6971
2006-09-21,=1387.3700,,=4081199056382.6001,=981881877899,=916369474315.6740,=20.6405,=0.9746,=19.6952,=14.9404,=13.6971
2006-09-20,=1378.4590,,=4060959718298.9990,=975956457801,=910421270141.8029,=20.5415,=0.9689,=19.6895,=14.8932,=13.6971
2006-09-19,=1378.3090,,=4074772722109.6992,=975147777446,=909968578317.3732,=20.6114,=0.9745,=19.6656,=14.8654,=13.6971
2006-09-18,=1375.5630,,=4073505908117.1001,=973156587708,=907997705377.5063,=20.6050,=0.9744,=19.6656,=14.8375,=13.6809
2006-09-15,=1362.3220,,=4055097225929.1011,=963839487021,=899708959256.6897,=20.5119,=0.9715,=19.6268,=14.8342,=13.6809
2006-09-14,=1338.2780,,=3973276982621.0991,=946508971779,=884220284974.9807,=20.0980,=0.9029,=19.6068,=14.8309,=13.6809
2006-09-13,=1338.3860,,=3975037562797.0986,=946685700065,=883853571272.3406,=20.1069,=0.9054,=19.5981,=14.8298,=13.6809
2006-09-12,=1347.6390,,=3986721555650.2998,=953219266667,=889742723786.3561,=20.1660,=0.9080,=19.5868,=14.8287,=13.6809
2006-09-11,=1338.7550,,=3927660438204,=946806795339,=884096307893.8179,=19.8706,=0.8617,=19.5868,=14.8284,=13.6717
2006-09-08,=1332.1530,,=3910846415568.0010,=941199011354,=879612999268.1824,=19.7855,=0.8439,=19.5785,=14.8281,=13.6717
2006-09-07,=1328.3770,,=3894680404266.6011,=938340824459,=877198370229.5013,=19.7037,=0.8261,=19.5119,=14.8142,=13.6717
2006-09-06,=1346.3670,,=3916376722096.7012,=951083677941,=889106222566.7300,=20.0682,=0.9012,=19.3602,=14.8004,=13.6717
2006-09-05,=1340.6820,,=3896271176876.5010,=947106788369,=885112302780.6041,=19.9652,=0.8863,=19.3385,=14.7829,=13.6717
2006-09-04,=1337.2430,,=3885585166795.9990,=944688135816,=883304102758.6564,=19.9105,=0.8713,=19.3385,=14.7653,=13.6613
2006-09-01,=1318.0990,,=3846605659871.0010,=930940914123,=870147726723.9783,=19.7108,=0.8358,=19.3082,=14.7571,=13.6613
2006-08-31,=1338.6940,,=3891133561464.2021,=945761859488,=884004346990.4091,=19.9390,=0.8794,=19.2942,=14.7489,=13.6613
2006-08-30,=1334.6710,,=3890429231117.0986,=945944681622,=879484122540.0005,=19.9434,=0.8850,=19.2772,=14.7262,=13.6613
2006-08-29,=1330.1550,,=3885605570915.4990,=942637733477,=885838072130.6758,=20.0295,=0.8935,=19.2696,=14.7036,=13.6613
2006-08-28,=1325.8940,,=3881812577165.2002,=939781208052,=881681419389.8997,=20.0247,=0.8902,=19.2696,=14.6994,=13.6548
2006-08-25,=1295.4370,,=3820219433269.6011,=918028967199,=861985124204.0588,=19.7661,=0.8542,=19.2467,=14.6952,=13.6548
2006-08-24,=1292.4010,,=3821261739940.4980,=915459073087,=852917987240.0861,=19.7503,=0.8537,=19.2301,=14.6907,=13.6548
2006-08-23,=1285.6800,,=3803818526897.3008,=910530255549,=848869162613.4399,=19.6656,=0.8443,=19.1944,=14.6862,=13.6548
2006-08-22,=1285.2680,,=3802229804182,=910140257346,=846845505633.1832,=19.8028,=0.8649,=19.1826,=14.6815,=13.6548
2006-08-21,=1270.5620,,=3775171123950.1992,=899548346671,=833933924942.4987,=19.6952,=0.8524,=19.1826,=14.6768,=13.6420
2006-08-18,=1267.8660,,=3772739260518.9014,=897266852152,=829594281919.9393,=19.6895,=0.8520,=19.1259,=14.6710,=13.6420
2006-08-17,=1271.6270,,=3785754935643.8999,=899859100546,=831274607582.8823,=19.8626,=0.8727,=19.1085,=14.6652,=13.6420
2006-08-16,=1283.5670,,=3819124426605.2998,=906381195530,=838871615800.0372,=20.0360,=0.8936,=19.0454,=14.6613,=13.6420
2006-08-15,=1265.8630,,=3770252295363.6011,=893830204753,=824963019878.9294,=19.8661,=0.8780,=18.8723,=14.6574,=13.6420
2006-08-14,=1245.7210,,=3641813646690.2998,=855544014549,=804710632124.3838,=19.7960,=0.8716,=18.8723,=14.6564,=13.6228
2006-08-11,=1275.6540,,=3718280943744.3989,=876006310568,=821663386632.8043,=20.2681,=0.9417,=18.8452,=14.6554,=13.6228
2006-08-10,=1271.4730,,=3722561601034.5010,=871428639438,=819605536813.5531,=20.2727,=0.9508,=18.7576,=14.6524,=13.6228
2006-08-09,=1251.2980,,=3659527806646.6992,=857337340876,=805941778507.1542,=19.9402,=0.8951,=18.7074,=14.6493,=13.6228
2006-08-08,=1252.3860,,=3666587024601.3008,=857496684448,=806046230856.5911,=20.0407,=0.9009,=18.4956,=14.6459,=13.6228
2006-08-07,=1224.1020,,=3590876606600.3989,=837975014238,=785580972632.3239,=19.6068,=0.8696,=18.4956,=14.6424,=13.6140
2006-08-04,=1241.9080,,=3642175096947.9980,=847900947422,=796566070498.4802,=19.8890,=0.8910,=18.4796,=14.6322,=13.6140
2006-08-03,=1271.7440,,=3705466949787.0981,=868325829325,=815327620929.6641,=20.2426,=0.9313,=17.5735,=14.6219,=13.6140
2006-08-02,=1275.0880,,=3707872824988.5981,=870264873394,=817810531280.5520,=20.2619,=0.9436,=17.3073,=14.6174,=13.6140
2006-08-01,=1282.0570,,=3707665053703.2002,=875029022233,=821723739458.1908,=20.2355,=0.9308,=17.2361,=14.6128,=13.6140
2006-07-31,=1294.3280,,=3747865816344.9009,=883143120688,=828423195166.1451,=20.4868,=0.9685,=17.2361,=14.6105,=13.6057
2006-07-28,=1341.3930,,=3863848868162.3018,=915505060525,=857932186574.2317,=21.1192,=0.9810,=16.9622,=14.6082,=13.6057
2006-07-27,=1355.5450,,=3900244765333.6001,=925415264856,=867460112722.8478,=21.3618,=0.9937,=16.8455,=14.6033,=13.6057
2006-07-26,=1371.2950,,=3928790910641.2988,=936381627696,=878014799928.3523,=21.5177,=1,=16.7528,=14.5984,=13.6057
2006-07-25,=1374.1700,,=3937217348274.6992,=938282992701,=880251688412.0110,=21.5115,=1,=16.1709,=14.5940,=13.6057
2006-07-24,=1358.1220,,=3892884698377.7998,=926698117739,=869134622305.6855,=21.2734,=0.9968,=16.1709,=14.5895,=13.5884
2006-07-21,=1356.0330,,=3896097499781.8989,=925389598139,=867844232777.4683,=21.2969,=1,=16.0185,=14.5676,=13.5884
2006-07-20,=1345.1940,,=3873344396599.4990,=917833843192,=860568128902.9109,=21.1726,=1,=16.0001,=14.5457,=13.5884
2006-07-19,=1336.6440,,=3855338825651.2998,=912289260773,=853953110653.8478,=21.0798,=1,=15.9193,=14.5378,=13.5884
2006-07-18,=1373.4160,,=3046277728537.7012,=926212059388,=865847346308.6748,=19.5981,=0.9058,=15.8893,=14.5299,=13.5884
2006-07-17,=1372.2540,,=3044290338938.7998,=925567389224,=865578553202.5094,=19.5868,=0.9055,=15.8893,=14.5287,=13.5729
2006-07-14,=1357.1290,,=3008831951409.8989,=915243019763,=856391408915.2460,=19.3602,=0.8987,=15.8467,=14.5276,=13.5729
2006-07-13,=1346.0880,,=2994351415384.8989,=907780715801,=851112163980.3933,=19.2772,=0.8885,=15.8177,=14.5240,=13.5729
2006-07-12,=1419.1990,,=3148328162640.3013,=957668070620,=897894611071.2946,=20.2685,=0.9737,=15.7836,=14.5204,=13.5729
2006-07-11,=1418.5750,,=3152658441768.4009,=957204062609,=896542753712.0657,=20.2923,=0.9802,=15.7643,=14.5153,=13.5729
2006-07-10,=1412.1240,,=3141432008211.6011,=952810616259,=892402935280.4097,=20.2152,=0.9603,=15.7643,=14.5101,=13.5700
2006-07-07,=1410.4290,,=3136009121290.8013,=951373373796,=891073668987.2104,=20.1803,=0.9568,=15.7634,=14.4954,=13.5700
2006-07-06,=1418.6750,,=3148260825115.8003,=956503041154,=895686863353.2681,=20.2591,=0.9767,=15.7613,=14.4806,=13.5700
2006-07-05,=1393.0090,,=3096281025835.8999,=939389457557,=880491808043.0118,=19.9246,=0.9431,=15.7596,=14.4758,=13.5700
2006-07-04,=1411.0130,,=3145213931313.5000,=951213483950,=892180308293.0378,=20.2395,=0.9698,=15.7570,=14.4709,=13.5700
2006-07-03,=1420.3280,,=3170322923652.0986,=951712624527,=898326872498.0035,=20.4011,=0.9899,=15.7570,=14.4673,=13.5657
2006-06-30,=1393.9630,,=3052491102366.0991,=919808388978,=862084377756.6830,=20.2253,=0.9730,=15.7375,=14.4636,=13.5657
2006-06-29,=1395.1240,,=3048249054555.0996,=920151851838,=861430966594.6177,=20.2032,=0.9729,=15.7193,=14.4576,=13.5657
2006-06-28,=1362.8850,,=2984954189442.4995,=899286904402,=842864708887.1479,=19.7837,=0.9490,=15.6817,=14.4516,=13.5657
2006-06-27,=1363.8960,,=2989534779363.8989,=900359856206,=844734961892.3035,=19.8140,=0.9522,=15.6811,=14.4493,=13.5657
2006-06-26,=1363.4130,,=2974089793504.5000,=899946243055,=844448185415.1854,=19.7117,=0.9486,=15.6811,=14.4469,=13.5619
2006-06-23,=1339.4460,,=2917790480485.9009,=884020351901,=829900689833.5594,=19.3385,=0.9381,=15.6741,=14.4367,=13.5619
2006-06-22,=1331.5530,,=2901436126873.5986,=878958739161,=824980674761.6285,=19.2301,=0.9241,=15.6684,=14.4265,=13.5619
2006-06-21,=1333.5320,,=2911103291794.7002,=879962647352,=826528585482.6978,=19.2942,=0.9343,=15.6542,=14.4250,=13.5619
2006-06-20,=1338.2230,,=2896043101849.3999,=882892077994,=829268757700.8925,=19.1944,=0.9271,=15.6409,=14.4234,=13.5619
2006-06-19,=1334.8930,,=2894261677988.4009,=880715610151,=827415319784.9930,=19.1826,=0.9268,=15.6409,=14.4178,=13.5540
2006-06-16,=1318.0100,,=2873558614530.7988,=869544658910,=817723690058.0930,=19.0454,=0.9196,=15.6281,=14.4123,=13.5540
2006-06-15,=1285.3850,,=2790614885309.3989,=847639229382,=797184393072.1902,=18.4956,=0.9053,=15.6277,=14.4101,=13.5540
2006-06-14,=1283.8800,,=2788187948929,=846452129024,=796033522173.7714,=18.4796,=0.9049,=15.6223,=14.4079,=13.5540
2006-06-13,=1298.2760,,=2830141151897.8008,=855838362803,=805302247564.4991,=18.7576,=0.9117,=15.6187,=14.3966,=13.5540
2006-06-12,=1297.6700,,=2847443034614.6992,=855464304875,=805575181428.6666,=18.8723,=0.9184,=15.6187,=14.3853,=13.5524
2006-06-09,=1294.1850,,=2843395414859.6001,=852703860609,=803351949846.3990,=18.8452,=0.9181,=15.5909,=14.3737,=13.5524
2006-06-08,=1325.9790,,=2913247151181.2012,=873134036636,=822999193170.2582,=19.3082,=0.9357,=15.5806,=14.3621,=13.5524
2006-06-07,=1320.2330,,=2906710056110.3018,=869106692481,=819773324794.7052,=19.2696,=0.9355,=15.5734,=14.3573,=13.5524
2006-06-06,=1399.1420,,=3066981540799.9995,=921782607876,=869625397255.6749,=20.3321,=0.9856,=15.5664,=14.3525,=13.5524
2006-06-05,=1403.1630,,=3077856621812.6001,=925279360286,=874504859330.2026,=20.4128,=0.9928,=15.5664,=14.3395,=13.5502
2006-06-02,=1390.1160,,=3053830740486.7012,=915901280505,=866272451962.6917,=20.2534,=0.9855,=15.5544,=14.3265,=13.5502
2006-06-01,=1402.8790,,=3096142851908.9980,=924365509694,=874505535855.4769,=20.5326,=0.9964,=15.5489,=14.3141,=13.5502
2006-05-31,=1365.4510,,=3027419739609.2988,=899758260362,=851450467060.4622,=20.0768,=0.9781,=15.5431,=14.3016,=13.5502
2006-05-30,=1378.7560,,=3066622496622.6016,=908752462190,=860305486348.1975,=20.2687,=0.9927,=15.5197,=14.2980,=13.5502
2006-05-29,=1366.2920,,=3061941471882.2988,=900704945772,=853204495115.9930,=20.1759,=0.9890,=15.5197,=14.2943,=13.5469
2006-05-26,=1331.0200,,=2999893218802.5010,=877967828060,=832834250442.7842,=19.7671,=0.9742,=15.5110,=14.2931,=13.5469
2006-05-25,=1307.6970,,=2961174077791.7998,=862424373821,=818141644903.9705,=19.5119,=0.9667,=15.5106,=14.2920,=13.5469
2006-05-24,=1308.2420,,=2978766036026.5986,=863365404255,=820417382984.2452,=19.5785,=0.9703,=15.5036,=14.2905,=13.5469
2006-05-23,=1317.6540,,=2994889657168.2002,=869286092163,=826249543685.8323,=19.6268,=0.9739,=15.4880,=14.2891,=13.5469
2006-05-22,=1373.6740,,=3089546736541.6997,=906032338396,=861323266087.2185,=20.2506,=0.9925,=15.4880,=14.2851,=13.5404
2006-05-19,=1366.0970,,=3106744100607.0015,=900899945432,=857890457583.8612,=20.3650,=0.9962,=15.4821,=14.2811,=13.5404
2006-05-18,=1331.2010,,=3036869524320.9985,=877862554862,=840354536607.0166,=19.9363,=0.9887,=15.4812,=14.2669,=13.5404
2006-05-17,=1335.5230,,=3060315312749.8989,=880324571169,=842893039783.0850,=20.0903,=0.9962,=15.4628,=14.2526,=13.5404
2006-05-16,=1331.1270,,=3049844752225.5991,=877455099221,=841346782620.9388,=20.0284,=0.9962,=15.4572,=14.2512,=13.5404
2006-05-15,=1352.1550,,=3139464083466.6001,=891662565216,=857864992717.2744,=20.6507,=1,=15.4572,=14.2498,=13.5388
2006-05-12,=1296.2570,,=3021189809079.4014,=854558632670,=822702696882.5074,=19.8542,=1,=15.4314,=14.2406,=13.5388
2006-05-11,=1255.0350,,=2904872262413.8003,=827347475255,=799231212674.5020,=19.1085,=0.9923,=15.4266,=14.2313,=13.5388
2006-05-10,=1265.9330,,=2931340548563.0005,=834554657824,=806751115632.0634,=19.2467,=1,=15.4108,=14.2276,=13.5388
2006-05-09,=1251.6110,,=2911024236058.8008,=825524140562,=798117953602.9073,=19.1259,=1,=15.3912,=14.2239,=13.5388
2006-05-08,=1218.4450,,=2849272779587.4990,=803820717638,=777975499767.8385,=18.7074,=1,=15.3912,=14.2140,=13.5298
2006-04-28,=1172.3470,,=2731568854199.7002,=773199468180,=744250407632.4611,=17.5735,=1,=15.3897,=14.2042,=13.5298
2006-04-27,=1155.2680,,=2689873337166.1001,=762001902619,=730467607949.4291,=17.3073,=1,=15.3845,=14.2019,=13.5298
2006-04-26,=1155.7260,,=2692787938011.9009,=762185765213,=718173782046.2157,=17.2361,=1,=15.3592,=14.1996,=13.5298
2006-04-25,=1141.9300,,=2664954792294.7012,=753912426382,=705331458361.0558,=16.9622,=1,=15.3381,=14.1991,=13.5298
2006-04-24,=1142.6980,,=2685540666673.0991,=754185351491,=700987762984.3350,=16.8455,=1,=15.3381,=14.1985,=13.5280
2006-04-21,=1149.1580,,=2719324499315.8003,=761961646404,=706898052832.0149,=16.7528,=1,=15.3282,=14.1963,=13.5280
2006-04-20,=1134.3810,,=2676108304944.7998,=755026269844,=699646716660.7610,=16.0185,=0.9960,=15.3279,=14.1940,=13.5280
2006-04-19,=1138.2410,,=2697630115633.4014,=757573108370,=701595268490.2747,=16.0001,=0.9960,=15.3048,=14.1796,=13.5280
2006-04-18,=1131.2810,,=2685461916425.9980,=752795847712,=697088130057.0200,=15.9193,=0.9960,=15.3013,=14.1653,=13.5280
2006-04-17,=1124.4140,,=2669582710865.1011,=747533114749,=689684611724.1394,=16.1709,=1,=15.3013,=14.1466,=13.5155
2006-04-14,=1118.6070,,=2633358380127.0996,=743901279619,=685530453580.4294,=15.8893,=1,=15.2922,=14.1280,=13.5155
2006-04-13,=1093.9250,,=2580348951846.6016,=727641103579,=671036780042.0980,=15.5664,=0.9061,=15.2697,=14.1277,=13.5155
2006-04-12,=1117.0730,,=2625113923965.6001,=743080818724,=684700807250.8878,=15.7193,=0.9631,=15.2600,=14.1273,=13.5155
2006-04-11,=1123.3080,,=2636698926143.1992,=747152140890,=689048147170.5437,=15.7643,=0.9877,=15.2315,=14.1243,=13.5155
2006-04-10,=1117.9100,,=2629450316498.8989,=743676903229,=684603832407.3059,=15.7375,=0.9711,=15.2315,=14.1212,=13.5079
2006-04-07,=1103.1540,,=2603606650347.4009,=734034246904,=673880834397.8748,=15.5734,=0.9212,=15.1892,=14.1205,=13.5079
2006-04-06,=1103.2370,,=2606125019016.7988,=734024589973,=671271758695.8571,=15.5909,=0.9292,=15.1337,=14.1199,=13.5079
2006-04-05,=1099.9700,,=2604403182695.0986,=731729316872,=669729321392.3527,=15.5806,=0.9289,=15.1027,=14.1198,=13.5079
2006-04-04,=1089.3710,,=2587788058735.6992,=725129320769,=663435083301.4635,=15.4812,=0.8908,=15.0978,=14.1197,=13.5079
2006-04-03,=1079.3220,,=2573040311316,=718132251659,=657634928045.0847,=15.3912,=0.8692,=15.0978,=14.1141,=13.5062
2006-03-31,=1061.0880,,=2542060919102.1997,=706054384055,=647677862419.4617,=15.6409,=0.9492,=15.0712,=14.1084,=13.5062
2006-03-30,=1055.6340,,=2547022177115.8984,=702291488976,=643975926735.5337,=15.6741,=0.9617,=15.0478,=14.1027,=13.5062
2006-03-29,=1065.2940,,=2569270253196.5000,=708485069993,=648877374505.0270,=15.8467,=1,=15.0422,=14.0969,=13.5062
2006-03-28,=1055.9820,,=2555852430188.7998,=702341596457,=646925277299.5913,=15.7836,=0.9957,=15.0374,=14.0901,=13.5062
2006-03-27,=1050.7070,,=2554792253152.6021,=698816843291,=643452828644.1389,=15.7570,=0.9828,=15.0374,=14.0832,=13.4817
2006-03-24,=1042.6010,,=2552804495140.6001,=693162796667,=638476827576.3374,=15.6187,=0.9524,=15.0293,=14.0829,=13.4817
2006-03-23,=1048.5370,,=2563793870438.7988,=697054088735,=640443689675.6812,=15.6811,=0.9783,=15.0281,=14.0825,=13.4817
2006-03-22,=1047.6660,,=2555597101715,=696260616992,=639029072626.0358,=15.6277,=0.9651,=15.0250,=14.0821,=13.4817
2006-03-21,=1040.7570,,=2547601131787.5005,=691830256499,=635490545203.1753,=15.5544,=0.9605,=15.0216,=14.0817,=13.4817
2006-03-20,=1037.6590,,=2543441391851.1011,=689672956491,=632611293956.4479,=15.5489,=0.9604,=15.0216,=14.0809,=13.4811
2006-03-17,=1024.0150,,=2506838896417.0020,=680680514706,=624039436706.6683,=15.3592,=0.8982,=15.0155,=14.0801,=13.4811
2006-03-16,=1027.6160,,=2523880295141.7021,=683048742247,=627849659349.1716,=15.4628,=0.9289,=15.0081,=14.0792,=13.4811
2006-03-15,=1028.9580,,=2528021934279.7012,=682735145020,=628929638907.5977,=15.4880,=0.9375,=15.0033,=14.0782,=13.4811
2006-03-14,=1018.2720,,=2494981229527.2002,=675292797217,=622710584525.3419,=15.2922,=0.8834,=14.9876,=14.0717,=13.4811
2006-03-13,=1019.8640,,=2498898879978.8999,=675989652484,=623431535965.5779,=15.3279,=0.8964,=14.9876,=14.0651,=13.4712
2006-03-10,=1008.8970,,=2450893297204.5996,=668624646260,=616477558265.2670,=15.0281,=0.8326,=14.8932,=14.0588,=13.4712
2006-03-09,=1004.3440,,=2450470827328.4004,=665672255214,=613452824423.4044,=15.0293,=0.8364,=14.8375,=14.0526,=13.4712
2006-03-08,=1009.2710,,=2460566996758.8013,=668388218727,=616038291215.9688,=15.0374,=0.8402,=14.8309,=14.0390,=13.4712
2006-03-07,=1014.9730,,=2485853163540.4009,=672146562488,=620186596004.9595,=15.1892,=0.8716,=14.8287,=14.0254,=13.4712
2006-03-06,=1038.8730,,=2545904718522.0996,=687800280488,=635371877649.1511,=15.5431,=0.9585,=14.8287,=14.0246,=13.4660
2006-03-03,=1041.6770,,=2556464749839.9004,=689634805289,=636569073891.6909,=15.6223,=0.9630,=14.8281,=14.0238,=13.4660
2006-03-02,=1038.6660,,=2539641632121.4004,=687458332633,=635358204269.6826,=15.5197,=0.9628,=14.8004,=14.0195,=13.4660
2006-03-01,=1056.6190,,=2584724156962.5991,=699503207286,=646444853435.5610,=15.8177,=1,=14.7653,=14.0153,=13.4660
2006-02-28,=1053.0100,,=2575638044850.2998,=696933185172,=643971990048.6820,=15.7613,=0.9953,=14.7489,=14.0152,=13.4660
2006-02-27,=1047.8450,,=2574601138256.3999,=693303104978,=636485381406.6276,=15.7634,=1,=14.7489,=14.0151,=13.4615
2006-02-24,=1049.4440,,=2572928017327.6011,=687042668879,=640232334548.3848,=15.7596,=1,=14.7036,=14.0131,=13.4615
2006-02-23,=1041.3730,,=2559785705151.3008,=681719471092,=635504029268.3518,=15.6817,=1,=14.6952,=14.0110,=13.4615
2006-02-22,=1037.8850,,=2550134336724.3013,=679415907898,=633362183703.9381,=15.6281,=0.9904,=14.6862,=14.0108,=13.4615
2006-02-21,=1038.8160,,=2556721278387.7998,=679710788359,=633980333001.1898,=15.6684,=1,=14.6768,=14.0106,=13.4615
2006-02-20,=1021.6390,,=2515398854454.4004,=668512870509,=623503668783.3605,=15.3897,=0.9565,=14.6768,=14.0072,=13.4229
2006-02-17,=1020.3680,,=2508610125592.9014,=667099896838,=622371405084.0725,=15.3282,=0.9466,=14.6652,=14.0039,=13.4229
2006-02-16,=1020.1210,,=2510829104033.9019,=667141759681,=622482490276.4817,=15.3381,=0.9512,=14.6574,=14.0013,=13.4229
2006-02-15,=1041.6600,,=2562558444732.5000,=680404333931,=635757679345.8398,=15.6542,=1,=14.6554,=13.9987,=13.4229
2006-02-14,=1038.5310,,=2530103291981.6992,=678303494558,=633754316832.9839,=15.4572,=0.9803,=14.6493,=13.9982,=13.4229
2006-02-13,=1031.6140,,=2520227087668.3008,=674020550020,=630710877125.3237,=15.3845,=0.9653,=14.6493,=13.9977,=13.4182
2006-02-10,=1032.3370,,=2527659898857.5996,=674062592373,=631723217362.7584,=15.4266,=0.9751,=14.6424,=13.9910,=13.4182
2006-02-09,=1019.5990,,=2501766706785.9004,=665678680769,=624791516410.6248,=15.2697,=0.9600,=14.6219,=13.9844,=13.4182
2006-02-08,=1033.0720,,=2541816308981.1001,=674451348870,=634066516074.6328,=15.5110,=1,=14.6128,=13.9802,=13.4182
2006-02-07,=1029.9370,,=2528759221114.0991,=672530734769,=632070523986.3319,=15.4314,=0.9848,=14.6082,=13.9760,=13.4182
2006-02-06,=1033.2340,,=2540597668217.3013,=674627668481,=634180763448.0724,=15.5036,=0.9949,=14.6082,=13.9629,=13.4170
2006-01-25,=1009.5970,,=2479983668941.9995,=659216277914,=620796180086.7124,=15.1337,=0.9643,=14.5984,=13.9498,=13.4170
2006-01-24,=999.0930,,=2460619989692.1997,=652488565056,=615049234965.4965,=15.0155,=0.9282,=14.5895,=13.9385,=13.4170
2006-01-23,=996.1620,,=2467122500605.3984,=650492620396,=614480213986.1029,=15.0478,=0.9485,=14.5457,=13.9273,=13.4170
2006-01-20,=993.3400,,=2470732529971.9995,=648596919860,=613058196580.9733,=15.0712,=0.9534,=14.5299,=13.9258,=13.4170
2006-01-19,=991.2220,,=2463158560837.1997,=646803928526,=611524900377.4445,=15.0250,=0.9479,=14.5299,=13.9244,=13.4150
2006-01-18,=983.6220,,=2431339549293.6011,=641184823953,=607430914311.6210,=14.8309,=0.9162,=14.5276,=13.9221,=13.4150
2006-01-17,=964.2900,,=2384587285572.8003,=628511825600,=595669598102.0356,=14.5457,=0.8158,=14.5204,=13.9199,=13.4150
2006-01-16,=961.4390,,=2368387310103.9995,=626616177319,=593835666420.6249,=14.4469,=0.7725,=14.5101,=13.9165,=13.4150
2006-01-13,=978.8090,,=2402899711988.0010,=637352135080,=604376566600.6338,=14.6574,=0.8617,=14.5101,=13.9132,=13.4150
2006-01-12,=983.7160,,=2420592916261.4009,=640399222737,=607635166460.5656,=14.7653,=0.8984,=14.5101,=13.9125,=13.4036
2006-01-11,=973.4770,,=2394832648311.0991,=633658919458,=601502845215.4969,=14.6082,=0.8387,=14.4806,=13.9118,=13.4036
2006-01-10,=978.1540,,=2417892170572.8003,=636657653392,=604577448762.0374,=14.7489,=0.8973,=14.4709,=13.9096,=13.4036
2006-01-09,=975.2530,,=2407615131431.1992,=634520228817,=602859928944.8403,=14.6862,=0.8859,=14.4636,=13.9074,=13.4036
2006-01-06,=970.0320,,=2400442056358.2988,=630907697633,=599445365508.6179,=14.6424,=0.8634,=14.4516,=13.8992,=13.4036
2006-01-05,=959.1340,,=2381621976775.7012,=624025058921,=594097981530.1072,=14.5276,=0.8352,=14.4516,=13.8909,=13.4023
2006-01-04,=941.4280,,=2342989022897.8999,=612444705357,=582929545936.7849,=14.2920,=0.7459,=14.4265,=13.8902,=13.4023
2005-12-30,=923.4510,,=2298891028997.2012,=592672585970,=564395498165.4561,=14.2239,=0.7167,=14.4265,=13.8896,=13.4023
2005-12-29,=932.0310,,=2321224392938.6001,=597284358751,=570420557199.4182,=14.3621,=0.7709,=14.4265,=13.8813,=13.4023
2005-12-28,=920.9190,,=2294055687271.3003,=587683045719,=563551113527.6827,=14.1940,=0.7022,=14.4265,=13.8730,=13.4023
2005-12-27,=919.3600,,=2289411653380.1987,=586642729468,=562436180447.3611,=14.1653,=0.7006,=14.4516,=13.8689,=13.3992
2005-12-26,=922.3780,,=2300091780716.0991,=588716394409,=564867902492.1445,=14.2313,=0.7216,=14.4516,=13.8647,=13.3992
2005-12-23,=915.8900,,=2276028393770.7002,=584481349694,=560849475806.1517,=14.0825,=0.6571,=14.4516,=13.8619,=13.3992
2005-12-22,=908.7540,,=2260178074036.3003,=579643235597,=556470182522.6208,=13.9844,=0.5747,=14.4516,=13.8590,=13.3992
2005-12-21,=903.1440,,=2250948626477.5996,=575505481083,=553219305838.8196,=13.9273,=0.5607,=14.4516,=13.8556,=13.3992
2005-12-20,=907.3180,,=2262324901130.5000,=578195589921,=556330425817.3237,=13.9977,=0.5756,=14.4636,=13.8522,=13.3972
2005-12-19,=902.9100,,=2254581512439.1016,=575379709661,=554318503233.1499,=13.9498,=0.5673,=14.4636,=13.8519,=13.3972
2005-12-16,=902.5610,,=2245067879433.2002,=574850857749,=554173031023.1837,=13.8909,=0.5353,=14.4636,=13.8516,=13.3972
2005-12-15,=896.4340,,=2238815023660.5000,=570811978222,=550737539699.5754,=13.8522,=0.5089,=14.4636,=13.8417,=13.3972
2005-12-14,=898.1530,,=2239914177280.6001,=571445082738,=551871106173.6080,=13.8590,=0.5119,=14.4636,=13.8318,=13.3972
2005-12-13,=889.1010,,=2224939804737.7012,=565641805454,=546376903439.7171,=13.7664,=0.4671,=14.4709,=13.8297,=13.3914
2005-12-12,=888.5180,,=2219235862659.3008,=565213835412,=546189321084.0226,=13.7311,=0.4518,=14.4709,=13.8318,=13.3914
2005-12-09,=887.3580,,=2216360661820,=564263625053,=545568290999.3310,=13.7133,=0.4424,=14.4709,=13.8417,=13.3914
2005-12-08,=874.0560,,=2189462802681.3000,=555775203229,=537997053516.5009,=13.5469,=0.3293,=14.4709,=13.8516,=13.3914
2005-12-07,=873.8380,,=2188413490146.8989,=555630527523,=537828413131.2335,=13.5404,=0.3252,=14.4709,=13.8581,=13.3914
2005-12-06,=866.0750,,=2164337007722.3989,=550691649161,=532928594160.4087,=13.3914,=0.2037,=14.4806,=13.8647,=13.3798
2005-12-05,=859.6100,,=2142604459992.2009,=546646208643,=528978695859.9555,=13.2569,=0.1429,=14.4806,=13.8689,=13.3798
2005-12-02,=869.9360,,=2162466738543.6001,=553453194597,=535722978832.9620,=13.3798,=0.1938,=14.4806,=13.8730,=13.3972
2005-12-01,=873.0670,,=2165602580962.6013,=555411629122,=538306440574.5147,=13.3992,=0.2013,=14.4806,=13.8813,=13.3992
2005-11-30,=873.8250,,=2166309484633.1003,=555837555715,=539501420591.4731,=13.4036,=0.2089,=14.4806,=13.8896,=13.4023
2005-11-29,=871.3100,,=2165277149178.9995,=554400612518,=538974698827.3737,=13.3972,=0.1975,=14.5101,=13.8985,=13.3972
2005-11-28,=880.1670,,=2188165569315.3999,=560108574198,=544610396820.5086,=13.5388,=0.2949,=14.5101,=13.9074,=13.4023
2005-11-25,=884.1050,,=2196183201239.9004,=562461363852,=546999704786.4981,=13.5884,=0.3419,=14.5101,=13.9096,=13.4023
2005-11-24,=881.4930,,=2193210114909.1011,=560529957184,=545797741533.3360,=13.5700,=0.3312,=14.5101,=13.9118,=13.4023
2005-11-23,=876.2290,,=2178842826358.2017,=557213766235,=542610915489.2598,=13.4811,=0.2549,=14.5101,=13.9125,=13.4023
2005-11-22,=869.6170,,=2166098204871.3010,=553063694967,=538630840013.8883,=13.4023,=0.2039,=14.5204,=13.9132,=13.3770
2005-11-21,=883.8710,,=2206911253096.4009,=562254806426,=547606305807.4478,=13.6548,=0.3576,=14.5204,=13.9165,=13.3770
2005-11-18,=882.2410,,=2209641434615.3999,=561749267061,=548331779836.1876,=13.6717,=0.3667,=14.5204,=13.9199,=13.3770
2005-11-17,=862.6580,,=2168116626209.8010,=549383928893,=536854944362.2348,=13.4182,=0.2215,=14.5204,=13.9221,=13.3770
2005-11-16,=863.1190,,=2168881253996.8989,=549771937327,=537512264791.4148,=13.4229,=0.2230,=14.5204,=13.9244,=13.3770
2005-11-15,=856.6350,,=2151428801759.8000,=545708307213,=533553117082.9595,=13.3149,=0.1769,=14.5299,=13.9502,=13.3621
2005-11-14,=862.1490,,=2147640744038.4004,=547846778286,=536604094496.5545,=13.2915,=0.1575,=14.5299,=13.9760,=13.3770
2005-11-11,=864.7900,,=2161422993391.8003,=551054848858,=538858591453.5866,=13.3770,=0.1931,=14.5299,=13.9874,=13.4150
2005-11-10,=862.9680,,=2159009367567.0005,=549769401141,=537535651038.4895,=13.3621,=0.1875,=14.5299,=13.9987,=13.4170
2005-11-09,=879.2520,,=2191907250201.8010,=560169745201,=548100239115.5920,=13.5657,=0.2937,=14.5299,=14.0013,=13.4615
2005-11-08,=881.5240,,=2193071336818.7009,=561482396849,=549412890482.9503,=13.5729,=0.2958,=14.5895,=14.0039,=13.4170
2005-11-07,=877.2780,,=2178333649626.2009,=558912838049,=547203377872.5729,=13.4817,=0.2270,=14.5895,=14.0072,=13.4170
2005-11-04,=878.3610,,=2187049395538.7000,=559834044456,=548307198907.8602,=13.5298,=0.2571,=14.5895,=14.0106,=13.4170
2005-11-03,=874.5750,,=2180162545192.7004,=556911878000,=546163149923.2128,=13.4615,=0.2086,=14.5895,=14.0108,=13.4170
2005-11-02,=882.4780,,=2194340250104.1001,=561741257467,=551343377268.3804,=13.5524,=0.2609,=14.5895,=14.0110,=13.4170
2005-11-01,=872.8650,,=2172193674700.8999,=555643838135,=545449751163.3682,=13.4170,=0.2044,=14.5984,=14.0131,=13.4150
2005-10-31,=876.2820,,=2172845033896.3999,=557654253414,=547519491424.7668,=13.3399,=0.1838,=14.5984,=14.0151,=13.4150
2005-10-28,=867.7290,,=2145572370755.5000,=552696329406,=536901212623.1279,=12.9603,=0.0519,=14.5984,=14.0152,=13.4660
2005-10-27,=875.8490,,=2175418534768.0005,=558593545103,=543459138885.1860,=13.1181,=0.1194,=14.5984,=14.0153,=13.4712
2005-10-26,=875.8200,,=2167954749585.5005,=558349207380,=543721212615.6166,=13.0103,=0.0827,=14.5984,=14.0195,=13.5062
2005-10-25,=894.2720,,=2220156638733.4990,=570587810775,=556824243940.6071,=13.3482,=0.1667,=14.6128,=14.0238,=13.5062
2005-10-24,=906.6520,,=2253012834712.6001,=578442491369,=564324018292.1685,=13.5502,=0.2214,=14.6128,=14.0246,=13.5079
2005-10-21,=904.4140,,=2261949215825.2998,=577769487753,=565283538913.7169,=13.5619,=0.2308,=14.6128,=14.0254,=13.5079
2005-10-20,=899.9150,,=2252160264117.3989,=574744146943,=562580533552.8405,=13.5062,=0.1938,=14.6128,=14.0390,=13.5079
2005-10-19,=898.7440,,=2246245638723.1001,=574111228725,=562054612198.3320,=13.4660,=0.1797,=14.6128,=14.0526,=13.5155
2005-10-18,=902.3660,,=2257753165936.0986,=576626678359,=563662673577.7843,=13.5540,=0.2126,=14.6219,=14.0588,=13.5155
2005-10-17,=897.6230,,=2246602019059.8989,=573409985802,=559886065954.7836,=13.4712,=0.1825,=14.6219,=14.0651,=13.5155
2005-10-14,=904.8280,,=2272571423337.5996,=578025560539,=564348668297.2668,=13.6228,=0.2240,=14.6219,=14.0717,=13.5280
2005-10-13,=916.4990,,=2300223973202.6001,=585280861195,=571341390840.8146,=13.7886,=0.3065,=14.6219,=14.0782,=13.5280
2005-10-12,=923.4850,,=2322875212090.3003,=589869360267,=575963285777.7295,=13.9244,=0.3984,=14.6219,=14.0792,=13.5280
2005-10-11,=919.7200,,=2319138266872.4990,=587327326719,=573479834298.0100,=13.9074,=0.3689,=14.6493,=14.0801,=13.5155
2005-10-10,=907.3210,,=2287999133744.9004,=579316854194,=565552759482.6630,=13.7207,=0.2727,=14.6493,=14.0809,=13.5155
2005-09-30,=917.3920,,=2316165294879.8999,=585139873278,=571973741523.4023,=13.8896,=0.3583,=14.6493,=14.0817,=13.5155
2005-09-29,=915.9750,,=2312104345108.1987,=583650092982,=569808380572.4241,=13.8647,=0.3445,=14.6493,=14.0825,=13.5155
2005-09-28,=903.7190,,=2268914190568.1997,=575679411501,=561904807335.7722,=13.6057,=0.2203,=14.6493,=14.0832,=13.5155
2005-09-27,=904.2140,,=2270300751785.6011,=576036782503,=562107523039.5166,=13.6140,=0.2222,=14.6554,=14.0901,=13.5079
2005-09-26,=918.4850,,=2313488768367.5991,=585278201207,=571198630224.7598,=13.8730,=0.3362,=14.6554,=14.0969,=13.5079
2005-09-23,=916.1540,,=2309910272451.5000,=583749649228,=569617932207.7615,=13.8516,=0.3304,=14.6554,=14.1027,=13.5079
2005-09-22,=923.2740,,=2320188153786.6001,=588325570983,=574199462978.2000,=13.9132,=0.3421,=14.6554,=14.1084,=13.5079
2005-09-21,=944.4080,,=2368713614064.7012,=601864179589,=587458677083.0410,=14.2042,=0.5664,=14.6554,=14.1141,=13.5079
2005-09-20,=961.9190,,=2421446618410.2998,=613196000806,=598517066250.7329,=14.5204,=0.7321,=14.6652,=14.1084,=13.4150
2005-09-19,=971.1360,,=2442948162899.1997,=619130136611,=604517554856.9617,=14.6493,=0.7838,=14.6652,=14.1027,=13.4150
2005-09-16,=967.4950,,=2436861013878.0996,=616995441639,=602567548726.7108,=14.6128,=0.7727,=14.6652,=14.0969,=13.4150
2005-09-15,=969.5980,,=2447529256996.3999,=618381116806,=603942888337.1653,=14.6768,=0.8073,=14.6652,=14.0901,=13.4150
2005-09-14,=970.1930,,=2451999193931.3008,=618904699224,=604497992935.9155,=14.7036,=0.8241,=14.6554,=14.0832,=13.4150
2005-09-13,=963.7740,,=2432973354953.5005,=614708430965,=600329980748.0336,=14.5895,=0.7757,=14.6554,=14.0825,=13.3093
2005-09-12,=949.5060,,=2398910365923.9004,=605461748633,=591153711146.9381,=14.3853,=0.6792,=14.6554,=14.0817,=13.3093
2005-09-09,=949.0650,,=2405875071813.8003,=605205597465,=590942647429.0258,=14.4265,=0.7143,=14.6554,=14.0809,=13.3093
2005-09-08,=955.2820,,=2413279383490.5977,=609217540269,=594820074137.4768,=14.4709,=0.7404,=14.6554,=14.0801,=13.3093
2005-09-07,=952.7580,,=2412055552265.5000,=607757112381,=593349571659.1392,=14.4636,=0.7379,=14.6554,=14.0792,=13.3093
2005-09-06,=936.6100,,=2376396785822.0005,=597105013480,=582709939699.8226,=14.2498,=0.6275,=14.6652,=14.0782,=13.2943
2005-09-05,=952.7170,,=2414896435611.3999,=607531769305,=592926256547.3330,=14.4806,=0.7426,=14.6652,=14.0717,=13.2943
2005-09-02,=947.8710,,=2410056688573.4995,=604278245865,=589719795687.1978,=14.4516,=0.7400,=14.6652,=14.0651,=13.2943
2005-09-01,=944.5590,,=2405350813923.0996,=602121694064,=587438387375.1187,=14.4234,=0.7374,=14.6652,=14.0588,=13.2943
2005-08-31,=927.9160,,=2363049278838.4995,=591381306901,=576752113246.3767,=14.3265,=0.7041,=14.6652,=14.0526,=13.2943
2005-08-30,=914.8800,,=2334693718707,=582989281173,=561135988304.2582,=14.0969,=0.5670,=14.6952,=14.0390,=13.2330
2005-08-29,=917.3710,,=2348190766399.8999,=584660926361,=561644254620.5826,=14.1212,=0.6042,=14.6952,=14.0254,=13.2330
2005-08-26,=928.2580,,=2388106159655.5010,=591617792593,=568274035241.6318,=14.3525,=0.7053,=14.6952,=14.0246,=13.2330
2005-08-25,=930.1180,,=2391553995083.1997,=592760756811,=569289058391.8184,=14.2526,=0.6596,=14.6952,=14.0238,=13.2330
2005-08-24,=930.6510,,=2391792966736.6997,=593012072632,=569052683488.7557,=14.1985,=0.6452,=14.6952,=14.0195,=13.2330
2005-08-23,=923.4140,,=2360122031821,=588322868655,=564384681762.4548,=14.0238,=0.5109,=14.8004,=14.0153,=13.2041
2005-08-22,=931.6730,,=2374005233397.9004,=593051235482,=569571394691.2396,=14.1199,=0.6154,=14.8004,=14.0152,=13.2041
2005-08-19,=923.0380,,=2358819463017.1001,=587592339000,=564915912300.4097,=14.0153,=0.5111,=14.8004,=14.0151,=13.2041
2005-08-18,=920.6710,,=2350775291554.2998,=586184286153,=563866777960.7524,=14.0106,=0.4831,=14.8004,=14.0131,=13.2041
2005-08-17,=953.0120,,=2446856204128.1001,=603998888660,=585326625044.7517,=14.6219,=0.7500,=14.8004,=14.0151,=13.2041
2005-08-16,=945.0580,,=2428127425542.3999,=598770245814,=581273654759.3524,=14.5101,=0.7241,=14.8281,=14.0131,=13.1856
2005-08-15,=954.5020,,=2459010728165.8989,=604800489193,=587157653046.8186,=14.8287,=0.8140,=14.8281,=14.0110,=13.1856
2005-08-12,=938.3160,,=2431243067593.0991,=593331391951,=574871952901.4790,=14.6652,=0.7765,=14.8004,=14.0075,=13.1856
2005-08-11,=953.9920,,=2469497329092.8003,=603185335089,=585004188201.9056,=14.8932,=0.8333,=14.8004,=14.0039,=13.1856
2005-08-10,=940.3700,,=2425910575929.8003,=594103753410,=576293603079.3689,=14.6554,=0.7831,=14.6952,=14.0013,=13.1856
2005-08-09,=933.0890,,=2402320480853.0986,=589520609219,=571872933430.3411,=14.5299,=0.7683,=14.8004,=13.9987,=13.1561
2005-08-08,=927.4710,,=2378914271071.1011,=585651992176,=568393714550.1350,=14.4123,=0.7654,=14.8004,=13.9874,=13.1561
2005-08-05,=923.8030,,=2358335688480.3989,=582318345383,=566169246541.2480,=14.2891,=0.7250,=14.8004,=13.9760,=13.1561
2005-08-04,=904.1500,,=2312225725395,=570197848355,=554020465951.7161,=14.0039,=0.5316,=14.8004,=13.9479,=13.1561
2005-08-03,=909.5700,,=2322877470470.3989,=573498877376,=557316320699.9523,=14.0651,=0.5897,=14.8004,=13.9199,=13.1561
2005-08-02,=903.5980,,=2315150577753.5991,=569579286575,=553551790680.4493,=14.0110,=0.5455,=14.8281,=13.9158,=13.1558
2005-08-01,=891.6070,,=2283261142932.5000,=561859149974,=545766333688.5925,=13.7733,=0.4474,=14.8281,=13.9118,=13.1558
2005-07-29,=888.1640,,=2272785533450.6001,=559631432888,=544125645251.9287,=13.7364,=0.4267,=14.8281,=13.9158,=13.1558
2005-07-28,=890.8850,,=2283445245302.8984,=561457909174,=546450759966.5073,=13.8318,=0.4730,=14.8281,=13.9199,=13.1558
2005-07-27,=894.0120,,=2278005602442.4004,=562858969284,=548538031202.8138,=13.7995,=0.4521,=14.8281,=13.9479,=13.1558
2005-07-26,=876.4800,,=2251261113047.9995,=552489154136,=537585108419.0047,=13.6420,=0.3611,=14.8375,=13.9760,=13.1143
2005-07-25,=856.8600,,=2192576256876.7000,=540209558953,=525295753643.8925,=13.2943,=0.2817,=14.8375,=13.9874,=13.1143
2005-07-22,=859.6930,,=2196042795548.4990,=542088272120,=527112962745.0300,=13.3093,=0.2857,=14.8375,=13.9987,=13.1143
2005-07-21,=843.9870,,=2142820290543.3997,=531930578337,=516872423746.2537,=12.9868,=0.1304,=14.8375,=14.0069,=13.1143
2005-07-20,=842.6410,,=2140084427757.7991,=531279918348,=516414691095.5226,=12.9702,=0.1029,=14.8375,=14.0151,=13.1558
2005-07-19,=835.6080,,=2123569399631.3003,=526984349631,=512193170041.8564,=12.8699,=0.0448,=14.9876,=14.0203,=13.1558
2005-07-18,=832.9950,,=2122521036673.2000,=525455408542,=510626878886.6553,=12.8682,=0.0303,=14.9876,=14.0254,=13.1561
2005-07-15,=841.0010,,=2141057300324.3003,=530790989410,=516028148677.4415,=12.9806,=0.0769,=14.9876,=14.0390,=13.1856
2005-07-14,=849.5900,,=2161411333945.5000,=536755252575,=521936998781.2717,=13.1040,=0.1250,=14.9876,=14.0526,=13.2041
2005-07-13,=846.2310,,=2153420880981.4009,=535040961195,=520371351000.3456,=13.0556,=0.1111,=14.9876,=14.0654,=13.2330
2005-07-12,=851.8160,,=2170005687997.6997,=538747817205,=524012575281.8348,=13.1561,=0.1452,=15.0033,=14.0782,=13.2330
2005-07-11,=824.0970,,=2100006638058.1013,=521225763750,=506883125425.0580,=12.7393,=0,=15.0033,=14.0792,=13.4150
2005-07-08,=829.4890,,=2110707836695.5000,=523422447997,=510448151957.9403,=12.8042,=0,=15.0033,=14.0801,=13.5079
2005-07-07,=844.7290,,=2144578640850.2000,=532689053287,=520021602953.6946,=13.0097,=0.0508,=15.0033,=14.0809,=13.5155
2005-07-06,=842.5560,,=2134989175056.1001,=532010513690,=518850661986.9120,=12.9515,=0.0345,=15.0033,=14.0817,=13.5280
2005-07-05,=849.6790,,=2145898635450.3999,=535426764642,=523430426079.3250,=13.0177,=0.0351,=15.0081,=14.0825,=13.5280
2005-07-04,=855.9320,,=2168665978303.9004,=540372965762,=527270820129.2372,=13.1558,=0.0536,=15.0081,=14.0832,=13.6613
2005-07-01,=859.4940,,=2176630766330,=542677235748,=529538204377.4283,=13.2041,=0.0727,=15.0081,=14.0958,=13.6809
2005-06-30,=878.6860,,=2193021337654.9995,=549604030854,=536650801966.4035,=13.6971,=0.2037,=15.0081,=14.1084,=13.6971
2005-06-29,=898.8980,,=2245345804586.7002,=562578807731,=549691071837.7631,=14.0151,=0.3585,=15.0081,=14.1141,=13.7096
2005-06-28,=903.7160,,=2256263120019.8999,=566102967074,=553197268735.8595,=14.0832,=0.4615,=15.0216,=14.1197,=13.6809
2005-06-27,=916.0430,,=2290078651530.2012,=574294668795,=561620061881.1437,=14.2943,=0.5882,=15.0216,=14.1235,=13.6809
2005-06-24,=898.3010,,=2247001157551.5010,=562920953027,=550254650310.6495,=14.0254,=0.3800,=15.0216,=14.1197,=13.6809
2005-06-23,=893.5720,,=2228793567513.6011,=560139818066,=547601364847.9500,=13.9118,=0.3061,=15.0216,=14.1235,=13.6809
2005-06-22,=900.6460,,=2239081713979.2002,=564244751866,=552386413582.5190,=13.9760,=0.3333,=15.0216,=14.1273,=13.6809
2005-06-21,=896.1660,,=2242724977963.2998,=562451754673,=550076128962.3677,=13.9987,=0.3404,=15.0422,=14.1277,=13.6613
2005-06-20,=906.2550,,=2255460004793.7012,=563518416302,=556740123168.6982,=14.0782,=0.3696,=15.0422,=14.1280,=13.6613
2005-06-17,=880.3450,,=2206006469918.2002,=550872831788,=540124219416.3202,=13.7696,=0.2889,=15.0422,=14.1638,=13.6613
2005-06-16,=879.2370,,=2215307794749.6001,=552424221628,=540317609609.7716,=13.8276,=0.2955,=15.0422,=14.1996,=13.6613
2005-06-15,=866.8340,,=2188663142027.7009,=545094669374,=533281753818.4302,=13.6613,=0.2093,=15.0422,=14.2404,=13.6613
2005-06-14,=883.5370,,=2230089113519.8003,=556213486761,=544542353304.2871,=13.9199,=0.2857,=15.0978,=14.2811,=13.5280
2005-06-13,=892.9590,,=2251349573342.0996,=562823501183,=551013779793.5590,=14.0526,=0.2927,=15.0978,=14.2914,=13.5280
2005-06-10,=894.5560,,=2255755471291,=564597332407,=551980840730.1296,=14.0801,=0.3000,=15.0978,=14.3016,=13.5280
2005-06-09,=912.6040,,=2308279234053.0010,=576388963656,=563589757296.5138,=14.4079,=0.5128,=15.0978,=14.3548,=13.5280
2005-06-08,=905.7730,,=2274902724462.9004,=570985459247,=559074039204.5012,=14.1996,=0.4474,=15.0978,=14.3016,=13.5280
2005-06-07,=837.2820,,=2101023386266.8997,=528747643546,=516920680916.0852,=13.1143,=0.0541,=15.1027,=14.4500,=13.5155
2005-06-06,=838.9970,,=2112447814340.6001,=529746865424,=517942046767.4283,=13.1856,=0.0556,=15.1027,=14.5984,=13.5280
2005-06-03,=818.0330,,=2065068218370.5996,=517033267184,=505506673026.7719,=12.8898,=0,=15.1027,=14.6468,=13.6809
2005-06-02,=818.3790,,=2071991022301.2004,=517619073299,=505978072838.0570,=12.9331,=0,=15.1027,=14.6952,=13.7096
2005-06-01,=837.5320,,=2120048199746.7000,=529467923490,=517593390500.7110,=13.2330,=0,=15.1027,=14.7478,=13.7335
2005-05-31,=855.9460,,=2167307058404.6001,=541195769588,=529188679433.1988,=13.5280,=0.0938,=15.2315,=14.8004,=13.7335
2005-05-30,=855.6120,,=2165301068142.2000,=541046000051,=529216221130.6301,=13.5155,=0.0645,=15.2315,=14.8142,=14.0817
2005-05-27,=849.5080,,=2149200193202.7000,=537216026384,=525445610029.7010,=13.4150,=0,=15.2315,=14.8281,=14.1084
2005-05-26,=857.3310,,=2164086298468.8010,=542289958239,=530567596877.8334,=13.5079,=0,=15.2315,=14.8328,=14.1197
2005-05-25,=868.4510,,=2191804034164.2000,=549485435648,=537789890085.2199,=13.6809,=0,=15.2315,=14.8375,=14.1273
2005-05-24,=868.4560,,=2196400672444.8003,=549590269895,=537933235012.3863,=13.7096,=0,=15.2600,=14.9126,=14.1273
2005-05-23,=863.3410,,=2200223111664.3003,=546787882053,=534921335590.3266,=13.7335,=0,=15.2600,=14.9876,=14.1280
2005-05-20,=882.7630,,=2256018821171.4995,=560074728769,=547952953240.2818,=14.0817,=0,=15.2600,=14.9955,=14.2811
2005-05-19,=884.1710,,=2263324254586.2988,=561233928055,=549134139561.5653,=14.1273,=0.0833,=15.2600,=15.0033,=14.3016
2005-05-18,=883.1960,,=2263430644094.1016,=560962417613,=548776956424.4052,=14.1280,=0.0870,=15.2600,=15.0057,=14.5984
2005-05-17,=881.4620,,=2262108409731.5010,=556880912984,=547898672549.3259,=14.1197,=0.0455,=15.3013,=15.0081,=14.5984
2005-05-16,=875.2710,,=2260295727664.0996,=552429782056,=544091175525.6308,=14.1084,=0,=15.3013,=15.0148,=14.6952
2005-05-13,=887.5430,,=2291249828146.1992,=560656047819,=551747348201.8834,=14.3016,=0.0500,=15.3013,=15.0216,=14.8004
2005-05-12,=885.8200,,=2287962501594.4995,=559162159411,=550758646506.3295,=14.2811,=0,=15.3013,=15.0319,=14.8281
2005-05-11,=901.8510,,=2338801944796.0996,=568820488225,=560496324497.7026,=14.5984,=0,=15.3013,=15.0422,=14.8375
2005-05-10,=913.0760,,=2371336671596.1001,=577040973386,=567545172197.5260,=14.8004,=0.0588,=15.3048,=15.0700,=14.8375
2005-05-09,=909.1740,,=2354484714363.8989,=574388555304,=564994971723.8557,=14.6952,=0,=15.3048,=15.0978,=14.9876
2005-04-29,=932.3950,,=2383544828437.4995,=580605359652,=579786844677.3221,=14.9876,=0.1333,=15.3048,=15.1002,=15.0033
2005-04-28,=942.0730,,=2404991908543.2012,=586682468604,=585495422501.7196,=15.2315,=0.5714,=15.3048,=15.1027,=15.0081
2005-04-27,=926.6040,,=2358434580639.9004,=576935658259,=575773773439.1335,=14.8281,=0,=15.3048,=15.1002,=15.0081
2005-04-26,=937.0830,,=2387842362053.4995,=583965058874,=582700493268.2312,=15.0033,=0.0833,=15.4108,=15.1027,=15.0081
2005-04-25,=930.0700,,=2379967384638.6016,=579477031747,=578241029779.4441,=14.8375,=0,=15.4108,=15.1813,=15.0216
2005-04-22,=939.1010,,=2406266788385.6997,=585214020836,=582918785188.3690,=15.0422,=0.2000,=15.4108,=15.2600,=15.0422
2005-04-21,=943.9810,,=2409881680978.0991,=588622671834,=585888634447.0605,=15.0081,=0,=15.4108,=15.2807,=15.0978
2005-04-20,=950.8670,,=2425363267764.7012,=592823196422,=590369477577.5853,=15.0978,=0.1250,=15.4108,=15.3013,=15.1027
2005-04-19,=965.8860,,=2453724312622.8003,=602264292129,=599692735102.3776,=15.3013,=0.4286,=15.4821,=15.3031,=15.1027
2005-04-18,=963.7720,,=2445397263938.5005,=599268870216,=598221081903.1355,=15.2600,=0.3333,=15.4821,=15.3048,=15.1027
2005-04-15,=974.0820,,=2485670735599.2998,=607350826234,=604704040599.2347,=15.1027,=0.2000,=15.4821,=15.3578,=15.1027
2005-04-14,=986.9750,,=2518069237512.2988,=615564906895,=612856468983.8105,=15.3048,=0.2500,=15.4821,=15.4108,=15.3048
2005-04-13,=1000.9000,,=2544417490793.7988,=624193929035,=621395434179.5812,=15.4821,=0.6667,=15.4821,=15.4464,=15.4108
2005-04-12,=978.6970,,=2488182891884.9995,=610191442649,=607435652160.7976,=15.0216,=0,=15.5106,=15.4108,=15.0216
2005-04-11,=995.4210,,=2530889556902.9014,=621010573116,=618288131943.1785,=15.4108,=0,=15.5106,=15.4607,=15.4108
2005-04-08,=1003.4450,,=2549990447521.6997,=626019023363,=621678998801.0198,=15.5106,,=15.5106,=15.5106,=15.5106

数据来源于：理杏仁网站(lixinger.com)